{"type":"FeatureCollection","features":[{"type":"Feature","id":"relation/102767-0","properties":{"featureId":"relation/102767-0","lineId":"northern","lineName":"Northern line","hasData":false,"valueDb":null},"geometry":{"type":"LineString","coordinates":[[-0.2742546,51.6134349],[-0.274049,51.6133435],[-0.2737375,51.6131945],[-0.2735586,51.6130976],[-0.2733298,51.612963],[-0.2731107,51.6128277],[-0.272746,51.6125786],[-0.2724831,51.6123727],[-0.2722581,51.6121762],[-0.2720763,51.6119972],[-0.2719591,51.6118658],[-0.271777,51.6116241],[-0.2716361,51.611405],[-0.2715428,51.6112283],[-0.2714938,51.611116],[-0.2714031,51.6108797],[-0.2712902,51.6105379],[-0.2711254,51.6098995],[-0.2709935,51.6095651],[-0.2708483,51.6092465],[-0.2706217,51.6088566],[-0.2704018,51.6085065],[-0.2698853,51.6077635],[-0.2695605,51.6073069],[-0.2691924,51.6068017],[-0.2688048,51.606318],[-0.2679151,51.6053875],[-0.2673477,51.6048873],[-0.2669203,51.6045418],[-0.2665408,51.6042595],[-0.266091,51.603954],[-0.2657202,51.6037262],[-0.2651832,51.6034321],[-0.2646699,51.603183],[-0.2641908,51.602956],[-0.2639522,51.6028449],[-0.2635619,51.6026568],[-0.2631285,51.6024454],[-0.2627801,51.6022778],[-0.2619536,51.6019266],[-0.2605163,51.6013396],[-0.2592999,51.6008553],[-0.2581883,51.6004126],[-0.2579739,51.6003317],[-0.2578078,51.6002717],[-0.2573604,51.60008],[-0.2567369,51.5998282],[-0.2562734,51.5996419],[-0.2557615,51.599434],[-0.2554095,51.599277],[-0.2552501,51.5991882],[-0.2551704,51.5991448],[-0.2545583,51.5988225],[-0.2542819,51.5986636],[-0.2539838,51.5984852],[-0.2535201,51.5981784],[-0.2530397,51.5978212],[-0.2524838,51.5974039],[-0.2519345,51.5969667],[-0.2513707,51.5965213],[-0.2509865,51.5962211],[-0.2506316,51.5959538],[-0.250443,51.5958137],[-0.2502038,51.5956561],[-0.249918,51.5954725],[-0.2497551,51.5953678],[-0.2494522,51.5951615],[-0.2488768,51.5947745],[-0.2485018,51.594463],[-0.2480763,51.594177],[-0.2476642,51.5939041],[-0.2469682,51.5934632],[-0.2465069,51.5931705],[-0.2459933,51.5928388],[-0.2454317,51.5924738],[-0.2447951,51.5921103],[-0.2440556,51.591754],[-0.2434611,51.5914961],[-0.2430255,51.5913314],[-0.2424072,51.591117],[-0.2417903,51.5909273],[-0.2411144,51.5907102],[-0.2406464,51.5905647],[-0.2397908,51.5902858],[-0.2393214,51.5901239],[-0.2385993,51.5898483],[-0.2347325,51.5882575],[-0.2325097,51.5872452],[-0.2298574,51.5857856],[-0.2276656,51.5842887],[-0.2274518,51.5841427],[-0.2269463,51.5837668],[-0.2264524,51.5834151],[-0.2262175,51.5832483],[-0.2258015,51.5828898],[-0.2256283,51.5827415],[-0.2255169,51.582653],[-0.2251224,51.5823647],[-0.2247533,51.5820914],[-0.2244342,51.581875],[-0.2240475,51.5816118],[-0.223629,51.5813451],[-0.2230882,51.5810203],[-0.222364,51.5805934],[-0.2219832,51.5803808],[-0.2215503,51.5801422],[-0.2209497,51.5798244],[-0.2205072,51.5796125],[-0.2201904,51.5794608],[-0.2195835,51.5791846],[-0.2189731,51.5789017],[-0.2185467,51.5787116],[-0.2178892,51.5784319],[-0.2176967,51.5783506],[-0.2163642,51.5778103],[-0.2159568,51.5776469],[-0.2157465,51.5775656],[-0.2146826,51.5771542],[-0.2141053,51.5769344],[-0.2137667,51.5768003],[-0.2135599,51.5767038],[-0.2134207,51.5766478],[-0.2132718,51.5765698],[-0.2131478,51.5765055],[-0.2129172,51.5763974],[-0.2126891,51.576284],[-0.2122389,51.5760687],[-0.2118078,51.5758602],[-0.2114757,51.5757115],[-0.2111958,51.5755918],[-0.2106061,51.5753265],[-0.2100473,51.5750682],[-0.2096544,51.574893],[-0.2090484,51.5746211],[-0.2084067,51.5743322],[-0.2079774,51.5741396],[-0.2072193,51.5738088],[-0.2066341,51.5735802],[-0.2063195,51.5734712],[-0.205934,51.5733636],[-0.2056451,51.5732901],[-0.2051554,51.573205],[-0.2048638,51.5731697],[-0.2045267,51.5731395],[-0.2041132,51.5731199],[-0.2037969,51.5731123],[-0.2034095,51.57312],[-0.2031298,51.5731395],[-0.2028583,51.5731643],[-0.2024427,51.573219],[-0.2021656,51.5732651],[-0.2018778,51.5733135],[-0.2015067,51.5733813],[-0.2012274,51.573436],[-0.2010223,51.5734767],[-0.2008075,51.573517],[-0.200618,51.5735506],[-0.2004683,51.573571],[-0.2001677,51.5736067],[-0.1999769,51.5736239],[-0.1998602,51.573632],[-0.1996991,51.5736407],[-0.1994989,51.5736455],[-0.1993436,51.5736489],[-0.199094,51.5736491],[-0.1988076,51.5736402],[-0.1985084,51.5736193],[-0.1982557,51.5735949],[-0.1980746,51.5735729],[-0.1979199,51.5735468],[-0.1977587,51.5735212],[-0.1973752,51.5734513],[-0.1970172,51.5733659],[-0.1967189,51.5732911],[-0.1964898,51.5732217],[-0.1962053,51.573129],[-0.1958454,51.5729857],[-0.1954067,51.5727995],[-0.1951321,51.5727115],[-0.1948491,51.5726391],[-0.1945441,51.5725734],[-0.1943285,51.5725182],[-0.1940983,51.5724506],[-0.1938723,51.5723861],[-0.1935888,51.5723035],[-0.193295,51.5722254],[-0.193005,51.5721574],[-0.1926812,51.5720903],[-0.1920494,51.5719737],[-0.1915661,51.571887],[-0.1911949,51.5718187],[-0.1910017,51.5717827],[-0.190236,51.5716432],[-0.1895991,51.5715216],[-0.1891757,51.5714301],[-0.1887687,51.5713407],[-0.1882873,51.5712332],[-0.187914,51.5711543],[-0.1872429,51.5709668],[-0.1864841,51.570696],[-0.1858347,51.570506],[-0.1850024,51.5702277],[-0.18434,51.5699662],[-0.183592,51.5696275],[-0.1831208,51.5693901],[-0.1827126,51.5691582],[-0.1824109,51.5689474],[-0.1819698,51.5686432],[-0.1817277,51.5684236],[-0.1815573,51.5682231],[-0.1814176,51.5680077],[-0.1801382,51.5653452],[-0.1798914,51.5647331],[-0.1796586,51.5639777],[-0.1794979,51.5631941],[-0.1793797,51.5623704],[-0.1793299,51.5615252],[-0.1793663,51.5601883],[-0.1794524,51.5590985],[-0.1795204,51.5587911],[-0.179652,51.5584753],[-0.1797586,51.5581605],[-0.1797531,51.5579536],[-0.1796899,51.5577484],[-0.1795556,51.5575053],[-0.179458,51.5573405],[-0.1792657,51.5571154],[-0.1788639,51.5570056],[-0.1784301,51.5567046],[-0.1782918,51.5566155],[-0.1781249,51.5565139],[-0.1779738,51.5564274],[-0.1778018,51.5563349],[-0.1776913,51.5562787],[-0.177414,51.5560136],[-0.176928,51.5558747],[-0.1760184,51.5556005],[-0.1753655,51.5554279],[-0.1743168,51.5551814],[-0.1728711,51.5548194],[-0.17189,51.5544767],[-0.1700244,51.5536471],[-0.169257,51.5532492],[-0.1687866,51.5530053],[-0.1676487,51.5523628],[-0.1666235,51.5517085],[-0.166025,51.5512978],[-0.1651081,51.5507722],[-0.1647824,51.5505228],[-0.164574,51.5503687],[-0.1643766,51.5502237],[-0.1640879,51.5500191],[-0.1633774,51.5496284],[-0.1625879,51.5492343],[-0.1621124,51.5489526],[-0.1617077,51.5487074],[-0.1611134,51.5483089],[-0.1600326,51.5476249],[-0.1592401,51.5472139],[-0.1584079,51.5468291],[-0.158023,51.5466793],[-0.1572693,51.5464506],[-0.1567303,51.5462398],[-0.1563698,51.5460446],[-0.1558035,51.5456951],[-0.153889,51.5444913],[-0.1534021,51.5442547],[-0.1531084,51.5441388],[-0.1521388,51.5437565],[-0.1515178,51.5435438],[-0.1508476,51.5433562],[-0.1490107,51.5429687],[-0.1478435,51.5427389],[-0.1473351,51.542588],[-0.1470595,51.5424816],[-0.1466279,51.5422925],[-0.1463418,51.5421414],[-0.1458561,51.541852],[-0.1451749,51.5414126],[-0.1443695,51.5408826],[-0.1441691,51.5407419],[-0.143902,51.5405323],[-0.1434296,51.5399969],[-0.1430587,51.5395587],[-0.1428166,51.5392707],[-0.1426229,51.5390591],[-0.1425258,51.5389302],[-0.1424858,51.5388674],[-0.1424454,51.5387917],[-0.1424188,51.538708],[-0.142399,51.5385961],[-0.1423646,51.5384904],[-0.14232,51.538403],[-0.1421479,51.5382082],[-0.1419358,51.5379449],[-0.1394743,51.5356524],[-0.1392015,51.5353732],[-0.1391752,51.5353624],[-0.1383723,51.5344326],[-0.1351626,51.5314036],[-0.1340511,51.5302912],[-0.133816,51.5299611],[-0.1337164,51.5297318],[-0.1336789,51.5294921],[-0.1337084,51.5290409],[-0.1337292,51.528765],[-0.1338263,51.5285354],[-0.1340079,51.5282784],[-0.134245,51.5281005],[-0.1346552,51.5278761],[-0.1351946,51.5276434],[-0.1374375,51.526765],[-0.1377977,51.5266263],[-0.1379517,51.526561],[-0.1380724,51.526495],[-0.1382252,51.5263727],[-0.1383218,51.5262354],[-0.1383644,51.5260668],[-0.1383486,51.5258664],[-0.1382985,51.5256805],[-0.1377493,51.5246057],[-0.1376199,51.5243342],[-0.1372014,51.5237134],[-0.1365076,51.5229396],[-0.1342306,51.5205525],[-0.1322281,51.5186402],[-0.13077,51.5170681],[-0.130257,51.5161311],[-0.1298795,51.5153108],[-0.1298428,51.5152395],[-0.1295624,51.5142286],[-0.1292277,51.5135043],[-0.1291284,51.5133243],[-0.1290075,51.5131293],[-0.1286892,51.5126122],[-0.1284467,51.5122506],[-0.1284053,51.5121391],[-0.1283719,51.5120312],[-0.1283659,51.512005],[-0.1283486,51.5119071],[-0.1283281,51.5117756],[-0.1282939,51.5115114],[-0.1283384,51.5105866],[-0.1283136,51.5104159],[-0.1282658,51.5102705],[-0.1282221,51.5101706],[-0.1280943,51.5099766],[-0.1279306,51.5098083],[-0.1277573,51.5096808],[-0.127528,51.5095608],[-0.1269817,51.5093491],[-0.1261234,51.509086],[-0.1259736,51.5090324],[-0.1254327,51.5087886],[-0.1249331,51.508528],[-0.1246601,51.508383],[-0.1244833,51.508308],[-0.1243005,51.5082517],[-0.1240536,51.5081845],[-0.1236349,51.5080843],[-0.1233373,51.5080115],[-0.1231083,51.5079465],[-0.1226092,51.5077706],[-0.1218816,51.5075217],[-0.1212571,51.5073317],[-0.120513,51.5071146],[-0.1199824,51.5069496],[-0.1191213,51.5066784],[-0.118532,51.5065004],[-0.1179753,51.5062991],[-0.1172844,51.506032],[-0.1169942,51.5059059],[-0.1165286,51.5056799],[-0.1161294,51.5054327],[-0.1156485,51.5050012],[-0.1153813,51.5047519],[-0.1150074,51.5044263],[-0.1147909,51.5041952],[-0.1145803,51.5039515],[-0.1143104,51.5035706],[-0.1131083,51.5017708],[-0.1127095,51.5012239],[-0.1125183,51.5009122],[-0.112315,51.5005531],[-0.1120554,51.5002178],[-0.1118122,51.4998792],[-0.1116998,51.4996706],[-0.1113127,51.4991714],[-0.1108004,51.4985038],[-0.1100045,51.4972788],[-0.1098107,51.4969856],[-0.1094861,51.4965223],[-0.1089243,51.4957203],[-0.1083158,51.4949416],[-0.1080836,51.4946088],[-0.1078972,51.4943958],[-0.1076542,51.4941828],[-0.1072731,51.4938895],[-0.1071554,51.4938272],[-0.1070459,51.4937692],[-0.1063919,51.4933774],[-0.105676,51.4929723],[-0.1048517,51.4925014],[-0.1043721,51.4922128],[-0.1041182,51.4920144],[-0.103981,51.4918822],[-0.1037517,51.4916307],[-0.1036364,51.4914678],[-0.1035415,51.4912532],[-0.1035331,51.490993],[-0.1035342,51.4908172],[-0.1036191,51.4905513],[-0.1037358,51.4903131],[-0.1038425,51.4901433],[-0.1040668,51.4898358],[-0.1042273,51.4896799],[-0.1047197,51.4893079],[-0.1063789,51.487594],[-0.1064414,51.4875283],[-0.1066219,51.4872779],[-0.1066988,51.4871647],[-0.1067937,51.4869276],[-0.1068521,51.4866532],[-0.1069082,51.4860502],[-0.1068851,51.4858756],[-0.1068828,51.4856555],[-0.106897,51.4854737],[-0.1069332,51.4852642],[-0.1069838,51.4850639],[-0.1071171,51.4847411],[-0.1073985,51.4842568],[-0.1076509,51.4839253],[-0.1081129,51.4834575],[-0.1084231,51.4832198],[-0.1090111,51.4828367],[-0.1095988,51.4825342],[-0.1101179,51.482312],[-0.1107649,51.482111],[-0.1111699,51.4820031],[-0.1115785,51.4819106],[-0.1122758,51.4817731],[-0.1125206,51.4817255],[-0.113659,51.4815318],[-0.1138694,51.481496],[-0.1146899,51.4813536],[-0.1161192,51.4810998],[-0.1161682,51.4810913],[-0.1174423,51.4808698],[-0.1212467,51.4802039],[-0.1218202,51.4800992],[-0.1227499,51.479933],[-0.1237348,51.479772],[-0.1237846,51.4797639],[-0.1241818,51.4796939],[-0.1245303,51.4796372],[-0.1250993,51.4795698],[-0.1258002,51.4795397],[-0.1264872,51.4795649],[-0.1271105,51.4796125],[-0.1278692,51.4797356],[-0.1282145,51.4797958],[-0.1304351,51.4802358],[-0.1321309,51.4805616],[-0.1327529,51.4806916],[-0.1334825,51.4808434],[-0.1345389,51.4810239],[-0.1357736,51.4811482],[-0.1367445,51.4811794],[-0.1377171,51.4811588],[-0.138629,51.4810986],[-0.1390352,51.4810589],[-0.1394619,51.4809903],[-0.1397937,51.4809166],[-0.140371,51.4807353],[-0.1411037,51.4804531],[-0.1412414,51.4803933],[-0.1415276,51.480252],[-0.1421134,51.4799719],[-0.1438791,51.4790947]]}},{"type":"Feature","id":"relation/102768-0","properties":{"featureId":"relation/102768-0","lineId":"central","lineName":"Central line","hasData":false,"valueDb":null},"geometry":{"type":"LineString","coordinates":[[0.113805,51.6934076],[0.113223,51.6927695],[0.1130198,51.6925271],[0.112811,51.6922711],[0.1123223,51.6916788],[0.1121432,51.6914065],[0.1119844,51.6911278],[0.1117001,51.6905939],[0.1114654,51.6901394],[0.1111863,51.6894543],[0.1104664,51.6878256],[0.110395,51.6876649],[0.109365,51.6853493],[0.1077064,51.6816126],[0.1068012,51.679702],[0.1054266,51.6765609],[0.1038366,51.6729149],[0.103778,51.672743],[0.1037656,51.6727143],[0.1037303,51.6726377],[0.1037017,51.6725739],[0.103687,51.6725409],[0.1036712,51.6725066],[0.1036474,51.6724543],[0.1036228,51.672398],[0.1036073,51.6723637],[0.1035919,51.6723288],[0.1035788,51.6722994],[0.1035658,51.6722699],[0.1035368,51.6722045],[0.1035214,51.6721697],[0.1035064,51.6721357],[0.1034961,51.6721125],[0.103485,51.6720875],[0.1034523,51.6720137],[0.1034278,51.6719583],[0.1033997,51.6718947],[0.1033649,51.6718163],[0.1033195,51.6717139],[0.1025256,51.6699278],[0.1019505,51.6687402],[0.1017917,51.6683498],[0.1015332,51.6675322],[0.101418,51.6669784],[0.1013249,51.6664005],[0.1011213,51.6652167],[0.1008846,51.6643516],[0.1005565,51.6634672],[0.0999875,51.6623384],[0.0994665,51.6615085],[0.0993343,51.6613351],[0.0988204,51.6606608],[0.0972337,51.6587189],[0.0969167,51.658259],[0.0963917,51.6574975],[0.0953502,51.6556936],[0.094545,51.6542664],[0.0936322,51.652958],[0.0920589,51.6511381],[0.0910572,51.6501517],[0.0899175,51.6491568],[0.0883311,51.6478998],[0.0874987,51.6473353],[0.0869497,51.6470014],[0.0864181,51.6466833],[0.0853153,51.6460838],[0.084383,51.6456193],[0.0835923,51.6452719],[0.082615,51.6448554],[0.0822855,51.6447262],[0.0814321,51.6444256],[0.0802981,51.6440721],[0.0791205,51.643748],[0.0779247,51.6434431],[0.0765385,51.6431322],[0.0742055,51.6426916],[0.0726776,51.6424559],[0.0708079,51.6422442],[0.0695118,51.642135],[0.0692725,51.6421103],[0.0675335,51.642018],[0.0663246,51.641989],[0.0651875,51.6419779],[0.0638851,51.6419988],[0.0627388,51.6420346],[0.0603516,51.6421418],[0.0594896,51.6421724],[0.0592666,51.6421748],[0.0590507,51.6421699],[0.0587547,51.6421548],[0.0585556,51.6421393],[0.0583253,51.6421174],[0.0580756,51.6420882],[0.0579186,51.6420644],[0.0577345,51.6420364],[0.0574358,51.6419827],[0.0573008,51.6419545],[0.0570427,51.6418816],[0.0567704,51.6417917],[0.0566914,51.6417614],[0.0563598,51.6416121],[0.0556238,51.641256],[0.0551638,51.6410315],[0.0549147,51.6408875],[0.0548147,51.6408217],[0.0547877,51.6408018],[0.0545893,51.6406555],[0.0544158,51.640511],[0.0543153,51.6404145],[0.0542183,51.6403112],[0.0540898,51.6401553],[0.0540172,51.6400629],[0.0539391,51.6399399],[0.0538391,51.6397671],[0.0538129,51.6397104],[0.0537448,51.6395388],[0.053581,51.6390515],[0.0534978,51.6387797],[0.0534138,51.6384532],[0.0533589,51.6382823],[0.0532845,51.6380366],[0.0532107,51.6378411],[0.0529026,51.637218],[0.0525659,51.6365414],[0.0520121,51.6356088],[0.0509602,51.6342104],[0.0500011,51.6329503],[0.0493721,51.6320363],[0.0490118,51.6314253],[0.0486694,51.6308333],[0.0483796,51.6301901],[0.0480872,51.6295985],[0.0477692,51.6288992],[0.0475872,51.6283867],[0.0474161,51.6279177],[0.0470704,51.6267595],[0.0469967,51.6265206],[0.046839,51.6259521],[0.0467215,51.6255606],[0.0466595,51.6253196],[0.0466166,51.6251955],[0.0461141,51.6238345],[0.0455213,51.6224473],[0.0449955,51.6215444],[0.0446062,51.6208656],[0.0443518,51.6204254],[0.0439662,51.6198598],[0.0430594,51.6186153],[0.041981,51.6172321],[0.041478,51.6165642],[0.0413036,51.6163356],[0.0410582,51.616037],[0.040864,51.6157905],[0.0397956,51.6144397],[0.036889,51.6107769],[0.0358449,51.6094951],[0.0355383,51.6090863],[0.0352565,51.6087124],[0.0350343,51.6083808],[0.0348646,51.6081208],[0.0346439,51.6077857],[0.0345566,51.6076409],[0.0344366,51.6074508],[0.0339455,51.6066349],[0.0332683,51.6053964],[0.0330607,51.6050148],[0.032961,51.6048293],[0.0326832,51.6043269],[0.0324565,51.6038989],[0.0321971,51.6034363],[0.0318424,51.6027813],[0.031638,51.6023783],[0.0297399,51.5990248],[0.0288922,51.5971955],[0.0285783,51.5963486],[0.0283931,51.5958218],[0.0280254,51.5946536],[0.0275282,51.592157],[0.0275194,51.5921128],[0.0274819,51.5919244],[0.0271618,51.5905931],[0.0270353,51.5901504],[0.0266664,51.5891455],[0.0261328,51.5880273],[0.0255775,51.5869941],[0.0250865,51.5861693],[0.0242199,51.5848095],[0.0241074,51.5846332],[0.022915,51.5828423],[0.0223109,51.5818013],[0.0218861,51.5811796],[0.021722,51.5809552],[0.0206956,51.5795773],[0.0206475,51.5795046],[0.0168652,51.5744248],[0.0162,51.5737004],[0.0157571,51.5733861],[0.0153558,51.5731365],[0.0139859,51.5724463],[0.0135474,51.5722018],[0.0123412,51.5715686],[0.0117343,51.5712374],[0.0111927,51.5709212],[0.0102819,51.5702413],[0.0099947,51.5700124],[0.0094283,51.5695525],[0.008895,51.5690637],[0.0086356,51.5688001],[0.0084455,51.5685732],[0.0081111,51.5682054],[0.0080063,51.5680645],[0.0078706,51.5678576],[0.0076138,51.5675114],[0.0072048,51.5668538],[0.0070915,51.566697],[0.0061217,51.5652947],[0.0054053,51.5644316],[0.0046792,51.5636233],[0.0036025,51.5626355],[0.0032766,51.5623664],[0.0018279,51.5612236],[0.0007546,51.560553],[0.0007155,51.5605254],[0.0004099,51.5603097],[-0.0041811,51.5574081],[-0.005462,51.5565882],[-0.0059544,51.5562611],[-0.0062876,51.5560365],[-0.0066075,51.5557729],[-0.0069121,51.555485],[-0.0070971,51.5553018],[-0.0072662,51.5551144],[-0.0074793,51.554832],[-0.0076185,51.5546148],[-0.0077099,51.5544413],[-0.0077835,51.5542384],[-0.007838,51.554034],[-0.0078871,51.5537788],[-0.0079072,51.5535272],[-0.0078989,51.5533281],[-0.0078761,51.5531544],[-0.0078369,51.5529757],[-0.0077861,51.5528045],[-0.0077034,51.5525943],[-0.007588,51.5523692],[-0.0074879,51.5522088],[-0.0073705,51.552047],[-0.0071595,51.5517525],[-0.0069771,51.5515199],[-0.0066555,51.551206],[-0.0059811,51.5507461],[-0.0054445,51.5504373],[-0.0049188,51.5501677],[-0.004319,51.5499317],[-0.0029299,51.5494402],[-0.0020827,51.5491095],[-0.0015468,51.5488514],[-0.0009317,51.5485412],[-0.000439,51.548198],[-0.0000813,51.5478922],[0.0002106,51.5475829],[0.0005316,51.5471485],[0.0007486,51.5467732],[0.0008921,51.5464146],[0.0009917,51.5460751],[0.001026,51.5457792],[0.0010296,51.5454201],[0.0009268,51.5451133],[0.0006707,51.5447354],[0.0003879,51.5443962],[0.0000496,51.5440903],[-0.000262,51.5438559],[-0.0004514,51.543707],[-0.0006232,51.5435897],[-0.0009431,51.5433472],[-0.0015157,51.5429315],[-0.0019534,51.5426283],[-0.0021705,51.5424763],[-0.0023917,51.5423254],[-0.0027127,51.5420994],[-0.0028307,51.5420165],[-0.0036065,51.5414704],[-0.0037561,51.5413676],[-0.0039011,51.5412626],[-0.004052,51.5411529],[-0.0042757,51.5409798],[-0.0044812,51.540822],[-0.0046177,51.540715],[-0.0047724,51.5405949],[-0.0049118,51.5404888],[-0.0051007,51.5403498],[-0.0053184,51.5401965],[-0.0062728,51.5395549],[-0.007147,51.5387474],[-0.0087029,51.5372052],[-0.0114465,51.5355895],[-0.0120531,51.5352549],[-0.0148648,51.533704],[-0.0165789,51.5327131],[-0.0171621,51.5323176],[-0.0180857,51.5316914],[-0.0217992,51.5288102],[-0.0232058,51.5281192],[-0.0246765,51.5273737],[-0.0254063,51.5271195],[-0.0265765,51.526757],[-0.0279743,51.5263796],[-0.0324542,51.5254409],[-0.033369,51.5252369],[-0.0343865,51.5250009],[-0.0352695,51.5248137],[-0.0373538,51.5240171],[-0.038101,51.5238321],[-0.0386572,51.5237656],[-0.0391448,51.5237547],[-0.0406016,51.5237708],[-0.0410094,51.5237888],[-0.0420885,51.5238363],[-0.0426666,51.5238732],[-0.0434268,51.5239251],[-0.044135,51.5239839],[-0.0447811,51.5240395],[-0.0454854,51.5241446],[-0.0462087,51.5243024],[-0.0468061,51.5245301],[-0.0476273,51.5249009],[-0.049847,51.5261308],[-0.0509718,51.5265764],[-0.0519939,51.5268884],[-0.0523353,51.5269653],[-0.0527519,51.5270347],[-0.0535671,51.5270959],[-0.0544557,51.5271395],[-0.0553435,51.5271831],[-0.0568366,51.5272338],[-0.0576133,51.5271785],[-0.0580886,51.5271332],[-0.0664179,51.526209],[-0.0679138,51.5259672],[-0.0690157,51.5257682],[-0.0698155,51.5255843],[-0.0703855,51.5253831],[-0.0708626,51.5251909],[-0.0718451,51.5247345],[-0.0754595,51.5230903],[-0.0760624,51.5227635],[-0.0767972,51.5222982],[-0.0775474,51.5217938],[-0.0817144,51.5187664],[-0.0818681,51.5186419],[-0.0820041,51.5185186],[-0.0821607,51.5183579],[-0.0824665,51.5180439],[-0.0825668,51.5179588],[-0.0827158,51.517837],[-0.082919,51.5176371],[-0.0830069,51.5175218],[-0.0830802,51.5173976],[-0.0832941,51.5168738],[-0.0834633,51.516435],[-0.0836017,51.5161886],[-0.0837307,51.5160175],[-0.084196,51.5155241],[-0.0842207,51.515498],[-0.0843832,51.5153256],[-0.0845113,51.5152061],[-0.0846916,51.5150701],[-0.0849062,51.5149509],[-0.085035,51.5148918],[-0.085212,51.5148296],[-0.0853321,51.514784],[-0.0854051,51.5147367],[-0.0855258,51.5146588],[-0.0861349,51.5141267],[-0.0862829,51.5140494],[-0.0865068,51.5139843],[-0.0878184,51.5137319],[-0.0879402,51.5137033],[-0.0880791,51.5136664],[-0.0881609,51.5136396],[-0.0881984,51.5136258],[-0.0882366,51.5136093],[-0.0882661,51.5135952],[-0.088318,51.5135657],[-0.0884658,51.5134608],[-0.0884947,51.5134419],[-0.0885313,51.5134185],[-0.0885592,51.5134014],[-0.0885902,51.5133849],[-0.0886311,51.513364],[-0.0886727,51.5133442],[-0.088704,51.5133301],[-0.0887428,51.5133149],[-0.0887813,51.5133011],[-0.0888177,51.5132891],[-0.0888526,51.5132787],[-0.0888959,51.513267],[-0.0889454,51.5132557],[-0.0890039,51.5132453],[-0.0890506,51.5132387],[-0.0890902,51.5132343],[-0.0891208,51.5132315],[-0.089151,51.5132293],[-0.0892009,51.5132272],[-0.0892559,51.5132261],[-0.0892914,51.5132264],[-0.08933,51.5132277],[-0.0893799,51.5132306],[-0.089414,51.5132332],[-0.0894659,51.5132378],[-0.0895211,51.5132439],[-0.0895488,51.513247],[-0.0895775,51.5132505],[-0.0896261,51.5132571],[-0.0896538,51.5132612],[-0.0896844,51.513266],[-0.0897218,51.5132722],[-0.0897564,51.5132785],[-0.0897961,51.5132864],[-0.089963,51.5133321],[-0.0903335,51.5134283],[-0.0918266,51.5137173],[-0.0934651,51.514002],[-0.0953238,51.5142941],[-0.0956432,51.5143627],[-0.0959233,51.5144238],[-0.0963522,51.5145224],[-0.0976983,51.5150108],[-0.0983057,51.5152303],[-0.0983719,51.5152497],[-0.0991571,51.5154842],[-0.0999325,51.5157157],[-0.1017732,51.5161902],[-0.1020518,51.5162787],[-0.1030763,51.5166219],[-0.1051558,51.5173149],[-0.1056791,51.5174574],[-0.1065415,51.5175994],[-0.1098743,51.5179651],[-0.1102603,51.5180211],[-0.1107621,51.5181007],[-0.1112664,51.5181697],[-0.1117089,51.5182138],[-0.112146,51.5182445],[-0.1135547,51.5182724],[-0.1139742,51.518255],[-0.1143379,51.5182256],[-0.1146694,51.5181928],[-0.1162871,51.517979],[-0.1179083,51.5177992],[-0.1183754,51.517752],[-0.1193216,51.5176447],[-0.1201847,51.5175468],[-0.1209828,51.5174713],[-0.1215656,51.5174079],[-0.1222488,51.5173288],[-0.1241127,51.5171581],[-0.1245946,51.5171212],[-0.1252455,51.5170703],[-0.1258624,51.5170038],[-0.1261504,51.5169728],[-0.1264042,51.5169454],[-0.1278768,51.5167235],[-0.1289919,51.5165483],[-0.1299375,51.5163842],[-0.131045,51.5162723],[-0.1327997,51.5161338],[-0.1328803,51.5161252],[-0.1343306,51.5160236],[-0.1379109,51.5156639],[-0.1396658,51.5154888],[-0.1402341,51.5154251],[-0.1407785,51.5153611],[-0.1413645,51.5152942],[-0.1422192,51.5152213],[-0.1459202,51.5147706],[-0.1498819,51.5142531],[-0.1537469,51.5138425],[-0.156062,51.5136251],[-0.1581495,51.5133982],[-0.1586609,51.5133423],[-0.1591702,51.5132854],[-0.1626344,51.5129455],[-0.1648713,51.5127306],[-0.1724153,51.5119697],[-0.1750689,51.5116952],[-0.1807132,51.5108362],[-0.1820503,51.5106401],[-0.1827255,51.510556],[-0.1836028,51.510485],[-0.1845769,51.5104266],[-0.1861734,51.5102957],[-0.1872283,51.5101973],[-0.1883114,51.5101395],[-0.18939,51.5100732],[-0.1909073,51.5099864],[-0.1913603,51.5099514],[-0.1918041,51.5099051],[-0.1922602,51.5098309],[-0.1927714,51.5097309],[-0.1943758,51.5094474],[-0.1954168,51.5092846],[-0.1959488,51.5091709],[-0.1960983,51.5091333],[-0.1961749,51.5091138],[-0.1962866,51.5090862],[-0.196381,51.50906],[-0.1965091,51.5090217],[-0.1966542,51.5089765],[-0.196849,51.5089146],[-0.1970352,51.5088493],[-0.1971487,51.5088162],[-0.1972697,51.5087823],[-0.1973573,51.5087588],[-0.1974763,51.508728],[-0.1975766,51.5087054],[-0.1976528,51.5086881],[-0.1979842,51.5086159],[-0.1983374,51.5085617],[-0.1992944,51.5085058],[-0.2005454,51.5084358],[-0.2012355,51.5083761],[-0.2020168,51.5082268],[-0.2041236,51.5075519],[-0.2044528,51.5074347],[-0.2047134,51.5073506],[-0.2049412,51.5072812],[-0.2050173,51.507258],[-0.2052475,51.5071921],[-0.2054505,51.5071336],[-0.20552,51.5071135],[-0.2056449,51.507078],[-0.2057039,51.5070613],[-0.2057979,51.5070334],[-0.2059619,51.506985],[-0.2061104,51.5069408],[-0.2066079,51.5068043],[-0.2091134,51.5062345],[-0.2168437,51.5045616],[-0.2172782,51.5044537],[-0.217498,51.5044046],[-0.2177295,51.5043663],[-0.2179626,51.5043369],[-0.2181984,51.5043151],[-0.2184352,51.5042996],[-0.2186695,51.5042876],[-0.21891,51.5042876],[-0.2190901,51.504303],[-0.2192531,51.5043224],[-0.2194534,51.5043479],[-0.2207569,51.5045085],[-0.2209656,51.5045411],[-0.2211594,51.5045754],[-0.2213175,51.5046052],[-0.2214518,51.5046412],[-0.2215625,51.5046935],[-0.2216446,51.5047547],[-0.2217042,51.5048264],[-0.2217193,51.504904],[-0.2217228,51.5050031],[-0.2217173,51.5050714],[-0.2217073,51.5057892],[-0.2217021,51.5061648],[-0.2216961,51.5063259],[-0.2216482,51.5066039],[-0.2215643,51.5071331],[-0.2215742,51.5073669],[-0.2215986,51.5076177],[-0.2216736,51.5078777],[-0.2217574,51.5080842],[-0.2220063,51.5085104],[-0.2222544,51.508812],[-0.2226195,51.50911],[-0.2229936,51.5093673],[-0.2239132,51.5099995],[-0.2240322,51.5101237],[-0.2241108,51.510259],[-0.2241765,51.5104546],[-0.2241826,51.5105386],[-0.2241749,51.5105935],[-0.224171,51.5107742],[-0.2241724,51.5108609],[-0.2241588,51.5110192],[-0.2240732,51.5113749],[-0.2240422,51.5116526],[-0.2240487,51.5119444],[-0.2240536,51.5121612],[-0.2241226,51.512503],[-0.2241776,51.5126942],[-0.2243117,51.5130472],[-0.2244178,51.5133452],[-0.2245912,51.5137966],[-0.2248311,51.5143364],[-0.2249364,51.5145194],[-0.2250253,51.5146571],[-0.2251325,51.5147893],[-0.2252784,51.5149007],[-0.2254333,51.5149913],[-0.2256583,51.5151171],[-0.2258283,51.5151881],[-0.2260339,51.5152569],[-0.2263142,51.5153351],[-0.2266338,51.5154586],[-0.2267149,51.5154808],[-0.2270061,51.5155678],[-0.2278587,51.5158075],[-0.2282215,51.5158909],[-0.2286165,51.515963],[-0.2290864,51.516043],[-0.2294989,51.5161013],[-0.2302108,51.5161686],[-0.2308684,51.5162101],[-0.2311353,51.5162162],[-0.2315939,51.516218],[-0.2322243,51.5161986],[-0.2325867,51.5161776],[-0.2330735,51.5161346],[-0.2335933,51.5160756],[-0.2338004,51.5160517],[-0.2340781,51.516015],[-0.2344368,51.5159575],[-0.2347219,51.5159051],[-0.2349446,51.5158566],[-0.2351716,51.5158013],[-0.2354744,51.5157273],[-0.235634,51.5156941],[-0.2358061,51.5156628],[-0.2359389,51.5156418],[-0.2361109,51.5156184],[-0.236365,51.5155933],[-0.2367796,51.5155654],[-0.2378976,51.5154935],[-0.2384262,51.5154547],[-0.2398236,51.5153665],[-0.2405561,51.5153157],[-0.2409481,51.5152888],[-0.2418147,51.5152611],[-0.2418984,51.5152577],[-0.2421643,51.5152469],[-0.2426898,51.5152598],[-0.2429646,51.5152756],[-0.2432094,51.5152976],[-0.2440339,51.5154209],[-0.2447104,51.5155471],[-0.245124,51.5156601],[-0.2455293,51.5157943],[-0.2457739,51.5158861],[-0.2460505,51.515996],[-0.2465576,51.5162329],[-0.2471521,51.5165543],[-0.247316,51.5166648],[-0.2473614,51.5166956],[-0.247731,51.5169738],[-0.2479526,51.5171455],[-0.2481593,51.5173376],[-0.2493399,51.5184872],[-0.2505198,51.5196452],[-0.2506824,51.5198101],[-0.2518358,51.520954],[-0.2521706,51.5212245],[-0.2524874,51.5214411],[-0.2527775,51.5216513],[-0.2531482,51.5218678],[-0.253757,51.5221343],[-0.2544916,51.522408],[-0.2548501,51.5225179],[-0.2554594,51.5226835],[-0.2562609,51.5228475],[-0.2569479,51.5229959],[-0.2572335,51.5230531],[-0.2581048,51.5232278],[-0.2588626,51.5233693],[-0.2593481,51.5234688],[-0.2600785,51.5236305],[-0.2609983,51.5238561],[-0.2613085,51.5239211],[-0.2634783,51.5243541],[-0.2635806,51.5243745],[-0.2638922,51.5244379],[-0.2640225,51.5244628],[-0.2646415,51.5246147],[-0.2655159,51.5248433],[-0.2657539,51.5248981],[-0.2660344,51.5249572],[-0.2662625,51.5249985],[-0.2664354,51.5250218],[-0.2665344,51.5250315],[-0.2667214,51.5250411],[-0.2670072,51.5250498],[-0.2673066,51.5250564],[-0.2676202,51.5250637],[-0.2678811,51.5250792],[-0.2681258,51.5250999],[-0.2683668,51.5251278],[-0.2685738,51.5251549],[-0.2689617,51.5252248],[-0.269188,51.5252725],[-0.2695347,51.5253643],[-0.2697276,51.5254226],[-0.2701488,51.525565],[-0.2705666,51.5257084],[-0.2708743,51.5258201],[-0.2711817,51.5259059],[-0.2715696,51.5260027],[-0.2720109,51.526095],[-0.2783249,51.5273434],[-0.2823094,51.5281284],[-0.2849532,51.5285934],[-0.286264,51.5288496],[-0.287569,51.5291209],[-0.2885807,51.529332],[-0.2896125,51.5295355],[-0.290523,51.5297214],[-0.2913616,51.5298934],[-0.2918014,51.529967],[-0.2922062,51.530028],[-0.2928383,51.5301164],[-0.2933143,51.5301886],[-0.2938647,51.5302899],[-0.2946051,51.5304316],[-0.295477,51.5305939],[-0.2960931,51.5307147],[-0.2972531,51.5308899],[-0.2983964,51.5310483],[-0.2986128,51.5310823],[-0.3004804,51.5312979],[-0.3015554,51.5314431],[-0.3026212,51.5316106],[-0.3031187,51.5316918],[-0.3041799,51.5318827],[-0.3052284,51.532089],[-0.3064045,51.5323772],[-0.3076821,51.5326962],[-0.3079502,51.532769],[-0.3081606,51.5328262],[-0.3094972,51.5331619],[-0.3098051,51.5332428],[-0.3194551,51.5357049],[-0.3196904,51.5357674],[-0.3216748,51.5362358],[-0.3218328,51.5362733],[-0.3220577,51.5363245],[-0.3222966,51.5363763],[-0.3224872,51.5364184],[-0.3226564,51.5364568],[-0.3227886,51.5364875],[-0.3229631,51.5365303],[-0.3240105,51.5368052],[-0.3242769,51.5368814],[-0.3260669,51.5373894],[-0.3296153,51.5382812],[-0.3326815,51.5390165],[-0.3336601,51.5392413],[-0.3346467,51.5394517],[-0.3352343,51.5395933],[-0.3387979,51.54051],[-0.3393703,51.5406479],[-0.3397915,51.5407376],[-0.3404979,51.5408841],[-0.3411266,51.5410197],[-0.3417063,51.5411726],[-0.3431866,51.5416109],[-0.3435846,51.5417175],[-0.344706,51.5420154],[-0.3456496,51.5422508],[-0.3458696,51.5423079],[-0.3458782,51.5423101],[-0.3459717,51.5423344],[-0.3460828,51.5423632],[-0.3463023,51.5424202],[-0.3467307,51.5425287],[-0.3481124,51.5428747],[-0.3490087,51.5431086],[-0.3499481,51.5433486],[-0.3509751,51.5436177],[-0.3515146,51.5437631],[-0.3523661,51.5440035],[-0.3527195,51.5441013],[-0.3531447,51.5442269],[-0.3538872,51.5444327],[-0.3562184,51.5450441],[-0.3568771,51.5452181],[-0.3594858,51.5458975],[-0.3625966,51.546698],[-0.3642719,51.5471337],[-0.3657129,51.5474973],[-0.3661324,51.5475967],[-0.367171,51.5478206],[-0.3679047,51.5479891],[-0.3704288,51.548611],[-0.3709694,51.5487476],[-0.3718592,51.5489682],[-0.372342,51.5490897],[-0.3728275,51.5492086],[-0.3733111,51.5493322],[-0.3737937,51.5494626],[-0.3741525,51.5495634],[-0.3745104,51.5496675],[-0.3748658,51.5497742],[-0.3755811,51.5499839],[-0.3759395,51.5500869],[-0.3763039,51.5501841],[-0.376668,51.5502788],[-0.3796451,51.5510367],[-0.382018,51.5516353],[-0.3835375,51.5520206],[-0.3839528,51.5521107],[-0.3841895,51.5521655],[-0.3844411,51.5522175],[-0.3849997,51.552321],[-0.3856754,51.5524358],[-0.3857708,51.5524489],[-0.386722,51.5525764],[-0.3875388,51.5527122],[-0.3881777,51.5528396],[-0.3885378,51.5529257],[-0.3889491,51.5530355],[-0.3895288,51.5532041],[-0.3900512,51.553375],[-0.3907019,51.5536182],[-0.3913626,51.5538741],[-0.3914931,51.5539257],[-0.391576,51.5539591],[-0.3919301,51.554096],[-0.3925119,51.554325],[-0.3930485,51.5545517],[-0.3937019,51.5548179],[-0.39424,51.5550301],[-0.3947792,51.5552447],[-0.395487,51.5555295],[-0.3962993,51.5558464],[-0.3970101,51.5561198],[-0.3975703,51.5563218],[-0.3981981,51.5565389],[-0.3984182,51.5566148],[-0.4003081,51.5572481],[-0.4005149,51.5573198],[-0.4012363,51.5575661],[-0.4019319,51.5577997],[-0.4026315,51.5580333],[-0.4033484,51.5582833],[-0.4041171,51.5585617],[-0.4049436,51.558854],[-0.4056158,51.5590907],[-0.4061223,51.559262],[-0.4071821,51.5596181],[-0.4074385,51.5597],[-0.4076525,51.5597698],[-0.4084116,51.5600004],[-0.4091476,51.5602115],[-0.4097443,51.5603735],[-0.4103701,51.5605732],[-0.4109741,51.5607837],[-0.4110742,51.5608222],[-0.4113931,51.5609512],[-0.411586,51.5610303],[-0.411999,51.5611748],[-0.4127137,51.5614333],[-0.4127434,51.5614427],[-0.4131681,51.5615878],[-0.4138482,51.561811],[-0.4147304,51.5621037],[-0.4150563,51.5622093],[-0.4156585,51.5624031],[-0.4161364,51.5625528],[-0.4166643,51.5627113],[-0.4172036,51.5628765],[-0.4177736,51.563055],[-0.4188923,51.5634187],[-0.420136,51.5638275],[-0.4214922,51.5642734],[-0.4225943,51.5646315],[-0.423347,51.5648799],[-0.4241085,51.5651315],[-0.4246859,51.5653296],[-0.4254376,51.5656024],[-0.4261034,51.565836],[-0.4270061,51.566139],[-0.4283265,51.5665725],[-0.4292913,51.5668844],[-0.4298739,51.567071],[-0.4304209,51.5672531],[-0.4311916,51.5675053],[-0.4314114,51.5675739],[-0.4318153,51.5677068],[-0.4325303,51.5679369],[-0.4326162,51.5679662],[-0.4338586,51.5683568],[-0.4344537,51.568541],[-0.4346064,51.5685912],[-0.4351403,51.5687561],[-0.4359706,51.5690126],[-0.4370662,51.5693551]]}},{"type":"Feature","id":"relation/102771-0","properties":{"featureId":"relation/102771-0","lineId":"bakerloo","lineName":"Bakerloo line","hasData":false,"valueDb":null},"geometry":{"type":"LineString","coordinates":[[-0.3343768,51.5918227],[-0.3338574,51.5915712],[-0.3335558,51.5914265],[-0.3313053,51.5904059],[-0.3304026,51.5899897],[-0.3281179,51.5889001],[-0.325124,51.5874168],[-0.3243327,51.5869915],[-0.3235763,51.5865569],[-0.3224547,51.5858583],[-0.3217047,51.5853918],[-0.3209849,51.5849143],[-0.3202709,51.5844332],[-0.3195845,51.5839371],[-0.3189863,51.5835035],[-0.3183175,51.5830212],[-0.3171903,51.5820763],[-0.316622,51.5815321],[-0.3159444,51.580912],[-0.3152153,51.5802333],[-0.3147242,51.5797303],[-0.3142092,51.5792333],[-0.3137521,51.5787213],[-0.3133213,51.5782041],[-0.3129994,51.5777844],[-0.312747,51.5774399],[-0.3125042,51.5771126],[-0.3122882,51.5767874],[-0.3120463,51.5764077],[-0.3116344,51.5757103],[-0.3114121,51.5753476],[-0.3112721,51.5751088],[-0.3110522,51.5747305],[-0.3106177,51.5739932],[-0.3101519,51.5732028],[-0.3096415,51.5723361],[-0.3086519,51.5706768],[-0.3083952,51.5702551],[-0.3081995,51.5699228],[-0.3079415,51.5694669],[-0.3076476,51.5689684],[-0.3070617,51.5679664],[-0.3068572,51.5676269],[-0.3064938,51.5670118],[-0.3059429,51.5660666],[-0.3053921,51.5651192],[-0.3048606,51.5641671],[-0.304479,51.5634818],[-0.3040732,51.5627982],[-0.3038645,51.5624292],[-0.3024121,51.5600645],[-0.3012399,51.5580899],[-0.3010234,51.5577241],[-0.3007075,51.5572111],[-0.3001891,51.5564146],[-0.2998468,51.5559072],[-0.2994546,51.5553515],[-0.2990646,51.554831],[-0.2988256,51.5545301],[-0.2985239,51.5541646],[-0.2979504,51.5535089],[-0.297439,51.5529306],[-0.2972349,51.5527026],[-0.2971322,51.5525879],[-0.296814,51.5522737],[-0.2959033,51.5514045],[-0.295438,51.5509817],[-0.2950672,51.5506435],[-0.2946262,51.5502356],[-0.2942047,51.5498162],[-0.2939462,51.5495484],[-0.2933353,51.5489232],[-0.2930547,51.5486337],[-0.2928268,51.5484188],[-0.2927924,51.5483853],[-0.2926732,51.5482846],[-0.2925034,51.5481609],[-0.2923653,51.548066],[-0.2921908,51.5479529],[-0.2920112,51.5478567],[-0.2918274,51.5477686],[-0.2916311,51.5476864],[-0.2914492,51.5476211],[-0.2912211,51.5475517],[-0.2909898,51.5474954],[-0.2907927,51.547452],[-0.2904857,51.5474035],[-0.290107,51.5473664],[-0.2883431,51.5472451],[-0.2873519,51.5471725],[-0.2867321,51.5471224],[-0.2863158,51.5470894],[-0.2859396,51.5470514],[-0.2854753,51.546998],[-0.2851389,51.5469541],[-0.2848535,51.546912],[-0.284462,51.546844],[-0.2839288,51.5467433],[-0.283474,51.5466423],[-0.2832419,51.5465823],[-0.2827984,51.5464563],[-0.2823811,51.5463241],[-0.2819815,51.5461885],[-0.2815163,51.5460181],[-0.2810368,51.5458509],[-0.2805829,51.5456869],[-0.280296,51.5455836],[-0.2796687,51.5453616],[-0.2789323,51.5450998],[-0.2784431,51.5449221],[-0.2781834,51.5448255],[-0.2778723,51.5447133],[-0.2775549,51.5446068],[-0.2770913,51.5444416],[-0.2757082,51.5439389],[-0.2751256,51.5437221],[-0.2746764,51.5435575],[-0.2740247,51.5433123],[-0.2724269,51.5427025],[-0.2711311,51.5422206],[-0.2704686,51.5419764],[-0.2695089,51.5415825],[-0.2683655,51.541103],[-0.2673077,51.5406477],[-0.266712,51.5403836],[-0.2664588,51.5402759],[-0.2662043,51.540168],[-0.265834,51.5400033],[-0.2650939,51.5396857],[-0.2635816,51.5390204],[-0.2631597,51.5388318],[-0.262794,51.5386668],[-0.2620375,51.5383301],[-0.2606584,51.5376625],[-0.2599028,51.5373417],[-0.2588607,51.5368489],[-0.2581777,51.5365311],[-0.2578016,51.5363618],[-0.2574201,51.5361968],[-0.2572878,51.5361449],[-0.257253,51.5361286],[-0.2568208,51.535954],[-0.2561902,51.5357083],[-0.255906,51.5355964],[-0.2531207,51.5345154],[-0.2528103,51.5343741],[-0.2520163,51.5340561],[-0.2515013,51.533849],[-0.250784,51.5336112],[-0.2501419,51.5334099],[-0.2492757,51.5331522],[-0.2483243,51.5328996],[-0.2478016,51.5327847],[-0.2477779,51.5327804],[-0.2473842,51.5327085],[-0.2473116,51.5326952],[-0.246435,51.5325929],[-0.2462771,51.5325784],[-0.2460724,51.5325635],[-0.2458562,51.5325517],[-0.2456122,51.5325448],[-0.2450671,51.5325451],[-0.2448529,51.5325404],[-0.2446233,51.5325295],[-0.24446,51.532517],[-0.2442964,51.5325002],[-0.2441429,51.5324822],[-0.2439803,51.5324581],[-0.2439253,51.532448],[-0.2438159,51.5324278],[-0.2432935,51.5323157],[-0.2431073,51.5322791],[-0.2429404,51.5322525],[-0.2427514,51.5322267],[-0.2424354,51.532192],[-0.2418344,51.5321344],[-0.2413625,51.5320889],[-0.2405692,51.5320117],[-0.2403085,51.5319843],[-0.2400127,51.5319446],[-0.2397721,51.5319006],[-0.2395356,51.5318467],[-0.2392755,51.5317713],[-0.2390613,51.5316986],[-0.2388402,51.5316166],[-0.2386133,51.531514],[-0.2384305,51.5314172],[-0.2382196,51.5313048],[-0.2380123,51.5311773],[-0.2376484,51.5309573],[-0.2373497,51.5308037],[-0.2371193,51.5306989],[-0.2368757,51.5306074],[-0.2367103,51.5305562],[-0.2365185,51.5305036],[-0.23627,51.5304439],[-0.2359812,51.5303951],[-0.2355872,51.5303504],[-0.2350631,51.5303054],[-0.2346508,51.5302813],[-0.2341334,51.5302475],[-0.2336533,51.5302203],[-0.2331231,51.5302022],[-0.2325192,51.530203],[-0.2316729,51.5302157],[-0.2306035,51.5302618],[-0.2295353,51.5303248],[-0.2292309,51.5303426],[-0.2273862,51.5304561],[-0.2268789,51.5304873],[-0.2250586,51.5305992],[-0.2248401,51.5306106],[-0.2244211,51.5306307],[-0.2240033,51.530655],[-0.2235717,51.5306818],[-0.2231415,51.5307143],[-0.2227257,51.5307492],[-0.2224057,51.5307813],[-0.2220851,51.5308173],[-0.2217011,51.53087],[-0.2213187,51.530926],[-0.2209276,51.5309862],[-0.2205379,51.531052],[-0.2201623,51.5311205],[-0.219788,51.5311922],[-0.2194247,51.5312675],[-0.2190635,51.5313465],[-0.2183615,51.5315079],[-0.2171075,51.5318004],[-0.2155339,51.5321457],[-0.2122158,51.5328579],[-0.2118584,51.5329333],[-0.2115479,51.532995],[-0.2108573,51.53313],[-0.2099441,51.5333132],[-0.2097836,51.5333374],[-0.2096359,51.5333589],[-0.2094538,51.5333817],[-0.2091932,51.5334153],[-0.2088321,51.5334709],[-0.2073294,51.5337472],[-0.2071103,51.5337843],[-0.2069232,51.533809],[-0.2067286,51.5338333],[-0.2064496,51.5338707],[-0.2063361,51.5338863],[-0.2062056,51.5339072],[-0.2055957,51.5340171],[-0.2048001,51.5341642],[-0.2042768,51.5342557],[-0.2041004,51.5342839],[-0.2039727,51.5343007],[-0.2038549,51.5343162],[-0.2035603,51.5343531],[-0.2032695,51.5343923],[-0.202723,51.5344861],[-0.2020387,51.5346109],[-0.2015153,51.5347052],[-0.2008834,51.5348153],[-0.1999102,51.5349745],[-0.1994627,51.5350302],[-0.1990678,51.5350841],[-0.198193,51.5352221],[-0.1972955,51.5353675],[-0.196964,51.5354049],[-0.1966562,51.5354343],[-0.1962827,51.5354516],[-0.1958748,51.5354647],[-0.1956363,51.5354566],[-0.19546,51.5354371],[-0.1953225,51.5354166],[-0.1951783,51.5353902],[-0.1949594,51.5353354],[-0.1943046,51.5351509],[-0.1942359,51.5351308],[-0.1941674,51.5351104],[-0.1937947,51.534985],[-0.1933547,51.5348192],[-0.1920827,51.5344061],[-0.1916082,51.5342526],[-0.1912073,51.5340991],[-0.1908848,51.5339408],[-0.1905137,51.5337316],[-0.1902457,51.5335442],[-0.189965,51.5333249],[-0.1894934,51.5329357],[-0.1889194,51.5324521],[-0.1866313,51.5304955],[-0.1858544,51.529847],[-0.1852906,51.5293646],[-0.1836814,51.528057],[-0.1835375,51.5279093],[-0.183401,51.5277086],[-0.1833452,51.5275694],[-0.1833055,51.52745],[-0.1832719,51.5273343],[-0.1832908,51.5272363],[-0.1833227,51.5270795],[-0.183331,51.5270355],[-0.183335,51.5270204],[-0.1833854,51.5269178],[-0.1834472,51.5268022],[-0.1834981,51.5266964],[-0.1835401,51.5266189],[-0.1836058,51.5264952],[-0.183718,51.5262675],[-0.1837695,51.5261547],[-0.1838109,51.5260662],[-0.1838307,51.5260084],[-0.1838806,51.5258734],[-0.1839412,51.5257169],[-0.1839735,51.5256031],[-0.1840041,51.5254952],[-0.1840267,51.5254036],[-0.1840431,51.5253412],[-0.1840709,51.5252608],[-0.1840777,51.5251942],[-0.1840868,51.5250384],[-0.1840902,51.5249002],[-0.1840981,51.5247634],[-0.1841066,51.5245971],[-0.1841043,51.5245389],[-0.1841021,51.5244356],[-0.1840987,51.5242869],[-0.1840862,51.5241452],[-0.1840794,51.5240574],[-0.1840658,51.5240105],[-0.1840426,51.5239365],[-0.1840233,51.5238558],[-0.1840114,51.5238075],[-0.1839538,51.5237134],[-0.1837311,51.5234496],[-0.1835405,51.523292],[-0.1833309,51.5231385],[-0.1832366,51.5230715],[-0.1827127,51.5226954],[-0.1825966,51.5226003],[-0.1824651,51.5224649],[-0.1823427,51.5223652],[-0.180671,51.5212077],[-0.1792028,51.5202685],[-0.1789466,51.5200952],[-0.1787193,51.5199194],[-0.1785834,51.5198078],[-0.1784741,51.5197067],[-0.1783378,51.5195468],[-0.1782574,51.5194439],[-0.1781754,51.519335],[-0.1781036,51.5191964],[-0.1779502,51.5189383],[-0.1777912,51.518547],[-0.1777319,51.5184111],[-0.1776138,51.5182414],[-0.1773579,51.5179382],[-0.1772764,51.5178531],[-0.1769842,51.5175344],[-0.17683,51.517352],[-0.1767108,51.5171961],[-0.1765686,51.5170856],[-0.1762551,51.5169058],[-0.1754608,51.5163981],[-0.1750716,51.5161945],[-0.1748398,51.5161068],[-0.1746183,51.5160829],[-0.1744207,51.5160917],[-0.1741996,51.5161168],[-0.1737527,51.5162351],[-0.1733032,51.5164203],[-0.1726763,51.5169074],[-0.1723707,51.5172521],[-0.1720769,51.5175834],[-0.1718739,51.5178336],[-0.1717443,51.5180413],[-0.1716716,51.5181578],[-0.1715582,51.5183501],[-0.1712161,51.5193519],[-0.1710754,51.5197573],[-0.1710324,51.5198593],[-0.170964,51.5199769],[-0.1708245,51.5201292],[-0.1706483,51.520256],[-0.170525,51.5203447],[-0.170304,51.5204793],[-0.1700681,51.5206066],[-0.1698368,51.5207163],[-0.1695974,51.5208218],[-0.169279,51.5209451],[-0.1684245,51.5212312],[-0.1679587,51.5213641],[-0.1675147,51.5214991],[-0.1671369,51.5216147],[-0.1668494,51.521702],[-0.1664383,51.5218274],[-0.1657809,51.5220276],[-0.165248,51.5221923],[-0.1651534,51.5222096],[-0.1650119,51.5222299],[-0.1648877,51.5222496],[-0.1647939,51.5222523],[-0.1646502,51.5222594],[-0.1645616,51.5222599],[-0.1644074,51.522255],[-0.1642706,51.5222523],[-0.1641382,51.5222528],[-0.1640436,51.5222539],[-0.1639077,51.522255],[-0.1637534,51.5222626],[-0.1635799,51.5222736],[-0.1632968,51.5223019],[-0.1631074,51.522315],[-0.1628427,51.5223374],[-0.1625464,51.5223603],[-0.162315,51.5223777],[-0.1621642,51.5223886],[-0.1619337,51.5224148],[-0.1616304,51.5224492],[-0.1614236,51.5224835],[-0.1611308,51.5225326],[-0.1608626,51.5225768],[-0.1605444,51.5226308],[-0.1602481,51.5226799],[-0.1600298,51.522717],[-0.1598966,51.5227388],[-0.15951,51.5228004],[-0.1588211,51.5229106],[-0.1583881,51.5229798],[-0.158154,51.5230191],[-0.1578665,51.5230829],[-0.1575518,51.5231568],[-0.15716,51.5232487],[-0.156819,51.5233289],[-0.1564509,51.5234151],[-0.1562089,51.5234718],[-0.155946,51.5235296],[-0.1556085,51.5236076],[-0.1553885,51.5236649],[-0.1551588,51.523721],[-0.1549038,51.5237767],[-0.154668,51.5238274],[-0.1542334,51.5239106],[-0.1539211,51.5239697],[-0.1534469,51.5240461],[-0.1530279,51.5241148],[-0.1525923,51.5241862],[-0.1522644,51.5242413],[-0.1515465,51.5243591],[-0.1512284,51.5244142],[-0.1508514,51.5244747],[-0.1505175,51.5245309],[-0.1501204,51.5245964],[-0.1496015,51.5246831],[-0.149186,51.5247512],[-0.1488476,51.524796],[-0.1485058,51.5248156],[-0.148185,51.5248189],[-0.1479106,51.5247921],[-0.1476643,51.5247289],[-0.1474235,51.5246221],[-0.1471688,51.5244625],[-0.1470112,51.5243323],[-0.1468763,51.5241763],[-0.146739,51.5239573],[-0.1465949,51.5236665],[-0.146181,51.5229676],[-0.1460918,51.5227824],[-0.1441335,51.5183885],[-0.1440398,51.5182928],[-0.1438995,51.5182106],[-0.1436278,51.5180841],[-0.1434031,51.517977],[-0.1431115,51.5178376],[-0.1429365,51.5176932],[-0.1428187,51.5175338],[-0.1427267,51.5173881],[-0.142682,51.5173139],[-0.142225,51.5162674],[-0.1421295,51.5160484],[-0.1419904,51.5156668],[-0.1419346,51.5154771],[-0.1418717,51.5152533],[-0.1418311,51.5150928],[-0.1417853,51.5149372],[-0.1417537,51.5148315],[-0.1416722,51.5146307],[-0.1416266,51.5145135],[-0.1414828,51.5143116],[-0.1413689,51.5141551],[-0.1412321,51.5139331],[-0.1410516,51.5136925],[-0.1408964,51.5135048],[-0.1406869,51.5132774],[-0.1405554,51.5131317],[-0.1404318,51.5129953],[-0.1398612,51.5123778],[-0.1396526,51.5121432],[-0.1395229,51.5119905],[-0.1393756,51.5118154],[-0.1392099,51.5116179],[-0.1389084,51.5112873],[-0.1387006,51.511056],[-0.1381169,51.5103588],[-0.137981,51.510242],[-0.1378955,51.5101925],[-0.1377856,51.5101412],[-0.1376972,51.5101077],[-0.137566,51.5100606],[-0.1374885,51.5100365],[-0.1373854,51.5100082],[-0.1372793,51.5099832],[-0.1371198,51.5099523],[-0.1369469,51.5099271],[-0.136774,51.5099087],[-0.1364418,51.5099],[-0.1362104,51.5099071],[-0.1358251,51.5099416],[-0.1352266,51.5100211],[-0.1350249,51.5100351],[-0.1344313,51.5100502],[-0.1336725,51.5100696],[-0.1334669,51.5100696],[-0.133271,51.5100403],[-0.1331144,51.5099711],[-0.1329534,51.5098676],[-0.1327256,51.5096864],[-0.1325528,51.50952],[-0.1323159,51.5092316],[-0.1317462,51.5084826],[-0.1314463,51.5080904],[-0.1312184,51.5078967],[-0.1309756,51.5077636],[-0.1308182,51.5077069],[-0.1306331,51.5076816],[-0.1296846,51.5075914],[-0.129134,51.5075446],[-0.1283355,51.5075319],[-0.1279827,51.5075215],[-0.1277331,51.5075028],[-0.127518,51.5074743],[-0.1269759,51.5073975],[-0.1265255,51.507319],[-0.1259385,51.5072077],[-0.1229841,51.5066338],[-0.1226003,51.5065336],[-0.1224109,51.5064767],[-0.1221757,51.5063903],[-0.1217938,51.5062175],[-0.1214632,51.5060685],[-0.1211796,51.5059291],[-0.1192655,51.5049047],[-0.1190892,51.5048265],[-0.118924,51.5047638],[-0.118751,51.5047042],[-0.1184989,51.5046365],[-0.1157949,51.5039998],[-0.115446,51.5038842],[-0.11521,51.5037589],[-0.1149739,51.503542],[-0.1148666,51.5033423],[-0.114813,51.5031525],[-0.1148184,51.5029231],[-0.1148452,51.5026457],[-0.1151215,51.5008993],[-0.1151349,51.5006794],[-0.1151188,51.5005264],[-0.1150919,51.5003748],[-0.1150437,51.5002409],[-0.1149042,51.5000621],[-0.1145654,51.499908],[-0.1143601,51.4998147],[-0.113363,51.4993587],[-0.1129515,51.4991705],[-0.1128887,51.4991418],[-0.1124045,51.4989361],[-0.1124003,51.4989343],[-0.1123924,51.498931],[-0.1123879,51.4989291],[-0.1122419,51.4988685],[-0.1115801,51.4986087],[-0.1111368,51.498467],[-0.1109346,51.4984249],[-0.110884,51.4984143],[-0.1106117,51.4983716],[-0.1103705,51.4983571],[-0.1098775,51.4983435],[-0.1094204,51.4983664],[-0.1059791,51.4985939],[-0.1055285,51.4986039],[-0.105035,51.4985585],[-0.1045656,51.4984428],[-0.1040635,51.4981651],[-0.1021568,51.4966742],[-0.1019108,51.4964819],[-0.101666,51.4962905],[-0.1014461,51.4961385],[-0.1013565,51.496072],[-0.1011026,51.495876]]}},{"type":"Feature","id":"relation/7666697-0","properties":{"featureId":"relation/7666697-0","lineId":"bakerloo","lineName":"Bakerloo line","hasData":false,"valueDb":null},"geometry":{"type":"LineString","coordinates":[[-0.1016865,51.4961745],[-0.1014943,51.4959813],[-0.1014045,51.4958972],[-0.1013036,51.4958111],[-0.1016865,51.4961745],[-0.1019912,51.4964129],[-0.1022601,51.4966234],[-0.1042257,51.4981616],[-0.1046487,51.4983825],[-0.1050725,51.4984939],[-0.1055446,51.4985305],[-0.1060327,51.4985151],[-0.1093909,51.4982761],[-0.109884,51.4982617],[-0.110324,51.4982845],[-0.1106347,51.4983043],[-0.1109182,51.4983451],[-0.1112044,51.4984078],[-0.1117732,51.4985652],[-0.1120769,51.4986724],[-0.1128997,51.4990826],[-0.1129998,51.4991285],[-0.1134151,51.4993188],[-0.1145734,51.4998636],[-0.1149306,51.5000265],[-0.115086,51.5002116],[-0.1151455,51.5003685],[-0.1151854,51.5006815],[-0.1151854,51.5009033],[-0.1148784,51.5026555],[-0.1148393,51.5029215],[-0.1148393,51.5031538],[-0.1148905,51.5033364],[-0.1149943,51.503534],[-0.115229,51.5037485],[-0.1154622,51.5038731],[-0.1158091,51.5039854],[-0.1184943,51.5046157],[-0.1187586,51.5046845],[-0.1189473,51.5047354],[-0.1191475,51.5047959],[-0.1193203,51.50486],[-0.1212344,51.5058844],[-0.121518,51.5060238],[-0.1218486,51.5061728],[-0.1222305,51.5063456],[-0.1224657,51.506432],[-0.1226551,51.5064889],[-0.1230389,51.5065891],[-0.1259933,51.507163],[-0.1271981,51.5073473],[-0.1278431,51.507397],[-0.1280604,51.5074094],[-0.1283193,51.5074191],[-0.1291153,51.5074404],[-0.1297154,51.5075074],[-0.1302171,51.5075807],[-0.1308072,51.507648],[-0.1310083,51.5077164],[-0.1312536,51.5078535],[-0.1314852,51.5080402],[-0.1323782,51.5092019],[-0.132617,51.5094911],[-0.1327799,51.5096583],[-0.1329994,51.5098344],[-0.1331564,51.5099349],[-0.133298,51.5100003],[-0.1334766,51.5100296],[-0.1336686,51.5100347],[-0.1344256,51.5100143],[-0.1350177,51.5099987],[-0.1352847,51.5099768],[-0.1357011,51.5099163],[-0.1360288,51.5098789],[-0.1363426,51.509859],[-0.1365106,51.5098538],[-0.1367628,51.5098587],[-0.1369627,51.5098762],[-0.1371313,51.5098993],[-0.1372662,51.5099219],[-0.1374186,51.5099543],[-0.1375423,51.5099891],[-0.1376316,51.5100206],[-0.1377613,51.5100748],[-0.1379091,51.5101468],[-0.1379523,51.5101723],[-0.1379899,51.5101965],[-0.1380213,51.5102213],[-0.1380983,51.5102848],[-0.1381428,51.510322],[-0.1381779,51.5103571],[-0.1383597,51.5105624],[-0.141065,51.5136367],[-0.141648,51.5144875],[-0.1417703,51.5148018],[-0.1418813,51.5151861],[-0.1419591,51.5154638],[-0.1420167,51.5156556],[-0.142061,51.5157851],[-0.1421469,51.5160177],[-0.1422483,51.5162613],[-0.1427238,51.5172811],[-0.1428717,51.5175098],[-0.1429848,51.5176713],[-0.1431501,51.5178077],[-0.1433423,51.5179057],[-0.1437335,51.5180917],[-0.1439281,51.5181875],[-0.1440783,51.5182741],[-0.1441839,51.5183804],[-0.1461377,51.5227729],[-0.1462254,51.5229585],[-0.1466069,51.5236375],[-0.1467715,51.5239551],[-0.1469105,51.5241661],[-0.1470376,51.5243157],[-0.1471897,51.5244449],[-0.1474496,51.5246063],[-0.1476505,51.5246987],[-0.1478991,51.5247625],[-0.1481684,51.5247887],[-0.148494,51.524786],[-0.1488339,51.5247635],[-0.1491681,51.5247194],[-0.1541691,51.5238926],[-0.1546423,51.5237991],[-0.1551884,51.5236794],[-0.1557059,51.5235477],[-0.1562111,51.5234358],[-0.1566644,51.5233314],[-0.1575496,51.5231217],[-0.158137,51.5229875],[-0.1595612,51.5227597],[-0.1599666,51.5226949],[-0.1616064,51.5224191],[-0.1621435,51.5223579],[-0.1626501,51.5223201],[-0.1632216,51.522276],[-0.1635969,51.5222403],[-0.1638262,51.5222253],[-0.164229,51.5222208],[-0.1645876,51.5222295],[-0.1648717,51.5222166],[-0.1652279,51.5221602],[-0.1679369,51.5213355],[-0.1681969,51.5212546],[-0.1683908,51.5211943],[-0.1692393,51.5209072],[-0.1695545,51.5207839],[-0.16981,51.5206729],[-0.1700213,51.5205708],[-0.1702657,51.5204413],[-0.1704563,51.5203266],[-0.1706828,51.5201785],[-0.1708017,51.5200787],[-0.1708996,51.5199652],[-0.1709707,51.5198442],[-0.1710211,51.5197102],[-0.171135,51.5193395],[-0.1713828,51.5185754],[-0.1715715,51.5182201],[-0.1716244,51.5181362],[-0.1720172,51.5175731],[-0.1726338,51.5168863],[-0.1730226,51.5165851],[-0.1732475,51.5163962],[-0.1735037,51.5162622],[-0.1736247,51.516222],[-0.1737519,51.5161797],[-0.1739921,51.5160937],[-0.1742675,51.5159857],[-0.1745926,51.5159543],[-0.1748941,51.515957],[-0.1750657,51.5159749],[-0.1752277,51.5160131],[-0.1753726,51.5160675],[-0.1755319,51.5161505],[-0.1758811,51.5163808],[-0.1761134,51.5165938],[-0.1766735,51.5170476],[-0.1773396,51.5178313],[-0.177743,51.5182931],[-0.1779188,51.5185295],[-0.178141,51.5190141],[-0.1782722,51.5192862],[-0.1783859,51.5194497],[-0.1785085,51.5196035],[-0.1786596,51.5197706],[-0.1787811,51.5198762],[-0.1789422,51.5199925],[-0.1792776,51.5202245],[-0.1807158,51.5211746],[-0.182207,51.5222023],[-0.182428,51.5223374],[-0.1825952,51.5224167],[-0.1828007,51.5225008],[-0.1829056,51.5225552],[-0.1832017,51.5227466],[-0.1834674,51.5229412],[-0.1835698,51.5230247],[-0.1837447,51.5231888],[-0.1838829,51.5233243],[-0.1840665,51.5236963],[-0.1841089,51.5240561],[-0.1841388,51.5245912],[-0.1840984,51.5252648],[-0.1839654,51.5257178],[-0.1838331,51.5260692],[-0.1835393,51.5266574],[-0.1833565,51.5270259],[-0.1832933,51.5273331],[-0.1833672,51.5275172],[-0.1834548,51.5276985],[-0.1835894,51.527856],[-0.1837539,51.5280177],[-0.1854141,51.5293607],[-0.1859863,51.5297951],[-0.1867434,51.530462],[-0.1890206,51.532404],[-0.1900767,51.5332835],[-0.1905424,51.5336567],[-0.1909619,51.5339235],[-0.1912294,51.5340586],[-0.191666,51.534229],[-0.1921027,51.5343765],[-0.1933604,51.5346816],[-0.193723,51.5347761],[-0.1943338,51.5349541],[-0.1945499,51.5350172],[-0.1947303,51.5350736],[-0.1948603,51.5351159],[-0.1951135,51.5351887],[-0.1952895,51.5352281],[-0.1953909,51.5352472],[-0.1955169,51.5352681],[-0.1956739,51.5352831],[-0.1958744,51.5352872],[-0.1962879,51.535283],[-0.1967382,51.5352638],[-0.1974581,51.535212],[-0.1981193,51.5351501],[-0.1986972,51.5350841],[-0.1992702,51.5350171],[-0.1999004,51.5349287],[-0.2008426,51.534795],[-0.2008673,51.5347901],[-0.201502,51.534671],[-0.2020228,51.5345782],[-0.2024114,51.5345075],[-0.2028103,51.5344368],[-0.2032035,51.5343709],[-0.2033052,51.5343554],[-0.2034561,51.5343308],[-0.2036279,51.5343086],[-0.2038352,51.5342854],[-0.2039847,51.5342662],[-0.2040951,51.53425],[-0.2042425,51.5342268],[-0.2047811,51.5341355],[-0.205582,51.5339844],[-0.20619,51.5338735],[-0.2063126,51.5338499],[-0.2063519,51.5338431],[-0.2064687,51.5338185],[-0.2067895,51.5337368],[-0.2069929,51.5336888],[-0.2072776,51.5336326],[-0.2087854,51.533371],[-0.2091051,51.5333143],[-0.2092264,51.5332845],[-0.2094845,51.5332456],[-0.2096435,51.533218],[-0.2098562,51.533183],[-0.2100681,51.5331529],[-0.2103239,51.5331214],[-0.2108212,51.5330575],[-0.211249,51.532997],[-0.2115268,51.5329537],[-0.2118428,51.5328973],[-0.2121947,51.5328279],[-0.2155184,51.532117],[-0.2170896,51.5317727],[-0.2183433,51.5314807],[-0.2190463,51.5313188],[-0.2194085,51.5312391],[-0.2197735,51.5311636],[-0.2201478,51.5310921],[-0.2205239,51.5310241],[-0.2209144,51.5309575],[-0.2213065,51.5308967],[-0.2216898,51.5308404],[-0.2220748,51.5307885],[-0.2223978,51.5307517],[-0.2227207,51.5307214],[-0.2231369,51.5306858],[-0.2240007,51.5306165],[-0.2247412,51.5305581],[-0.2248077,51.5305528],[-0.2250489,51.5305349],[-0.2292287,51.5302739],[-0.2302383,51.5302257],[-0.2310911,51.5301986],[-0.2316718,51.5301841],[-0.2324853,51.5301696],[-0.2329357,51.5301742],[-0.2336518,51.5301937],[-0.2341343,51.5302207],[-0.2346532,51.5302549],[-0.2350641,51.530281],[-0.2355929,51.5303208],[-0.2358649,51.5303512],[-0.2361207,51.5303872],[-0.2362741,51.5304138],[-0.2366058,51.5304951],[-0.2369017,51.5305826],[-0.2371515,51.5306747],[-0.237373,51.5307714],[-0.2375207,51.5308401],[-0.2376986,51.5309439],[-0.2378802,51.5310532],[-0.238091,51.5311803],[-0.2383192,51.5313094],[-0.2385012,51.5314082],[-0.2386546,51.5314928],[-0.2388363,51.5315751],[-0.2390299,51.5316515],[-0.2392286,51.5317247],[-0.2394088,51.5317811],[-0.2395791,51.5318254],[-0.2397817,51.53187],[-0.2400209,51.5319136],[-0.240312,51.5319513],[-0.2405779,51.5319812],[-0.241371,51.5320578],[-0.2420154,51.532119],[-0.2424372,51.5321622],[-0.2427592,51.5321925],[-0.2429446,51.5322054],[-0.2431352,51.5322148],[-0.2438573,51.5322418],[-0.2440683,51.5322532],[-0.2443078,51.5322697],[-0.2445947,51.5322977],[-0.2448423,51.5323298],[-0.2451581,51.5323764],[-0.2456259,51.5324545],[-0.2458727,51.5324947],[-0.2460838,51.532524],[-0.2462854,51.5325466],[-0.2464379,51.5325611],[-0.2466977,51.5325913],[-0.2473349,51.5326653],[-0.2476936,51.5327224],[-0.2479774,51.5327834],[-0.248331,51.5328612],[-0.2487323,51.5329633],[-0.2490801,51.5330592],[-0.2495056,51.533177],[-0.2499063,51.5332933],[-0.2502056,51.5333847],[-0.2506014,51.5335134],[-0.2509565,51.5336354],[-0.2513239,51.5337598],[-0.251518,51.533829],[-0.2520492,51.5340348],[-0.2524998,51.5342135],[-0.2531494,51.5344952],[-0.2559323,51.5355708],[-0.2562175,51.5356819],[-0.2568472,51.5359289],[-0.2572772,51.5361046],[-0.2573148,51.5361198],[-0.2574458,51.5361719],[-0.257829,51.5363366],[-0.2582051,51.536507],[-0.2588874,51.5368262],[-0.259929,51.537319],[-0.2606552,51.5376318],[-0.2611088,51.5378611],[-0.2614432,51.5380124],[-0.2617691,51.5381727],[-0.2621116,51.5383287],[-0.2625514,51.5385331],[-0.2628081,51.5386513],[-0.2630398,51.538757],[-0.2633683,51.5389049],[-0.2637315,51.5390616],[-0.2640683,51.5392087],[-0.2644092,51.5393614],[-0.2647674,51.5395123],[-0.2651331,51.5396711],[-0.2655977,51.5398723],[-0.2659327,51.5400213],[-0.2662968,51.5401773],[-0.2667224,51.540361],[-0.2673193,51.5406244],[-0.2683873,51.5410792],[-0.2695364,51.5415578],[-0.2704951,51.5419506],[-0.2711497,51.542196],[-0.2724443,51.5426793],[-0.2740519,51.5432905],[-0.2747008,51.5435327],[-0.2751475,51.5436998],[-0.2768422,51.5443193],[-0.2771262,51.5444229],[-0.2777761,51.5446559],[-0.2782511,51.544826],[-0.278601,51.5449572],[-0.2789541,51.5450828],[-0.2793561,51.5452243],[-0.2796382,51.5453191],[-0.2801106,51.5454891],[-0.2806019,51.5456684],[-0.2811563,51.5458662],[-0.2816363,51.5460375],[-0.2820099,51.5461731],[-0.2823267,51.5462794],[-0.2828254,51.5464355],[-0.2831382,51.5465224],[-0.2835589,51.5466284],[-0.2839936,51.5467223],[-0.2842416,51.5467742],[-0.2845611,51.5468334],[-0.2849445,51.5468987],[-0.2851849,51.5469347],[-0.2854663,51.5469717],[-0.2857594,51.5470066],[-0.2861297,51.5470471],[-0.2865748,51.547081],[-0.2869084,51.5471019],[-0.2871527,51.5471189],[-0.2874178,51.5471362],[-0.2876573,51.5471512],[-0.2882301,51.5471883],[-0.2900109,51.5473084],[-0.2902073,51.5473255],[-0.2904969,51.5473599],[-0.2907582,51.5474006],[-0.2910215,51.5474596],[-0.2912405,51.5475173],[-0.2914746,51.5475907],[-0.2916581,51.5476569],[-0.2918537,51.5477368],[-0.2920575,51.5478293],[-0.2922409,51.5479269],[-0.2924112,51.5480352],[-0.2925952,51.5481669],[-0.292721,51.5482694],[-0.2928327,51.548366],[-0.292871,51.5483995],[-0.2930933,51.5486118],[-0.2933733,51.5488983],[-0.2939862,51.5495359],[-0.2942373,51.5498028],[-0.2946561,51.5502287],[-0.2950854,51.5506276],[-0.2954726,51.5509699],[-0.2959374,51.5513876],[-0.2968861,51.5522862],[-0.2971764,51.5525706],[-0.2974132,51.552836],[-0.2977558,51.5532296],[-0.2980409,51.5535602],[-0.2983616,51.5539273],[-0.2986693,51.5542908],[-0.2988915,51.5545659],[-0.2990514,51.5547635],[-0.2992657,51.5550473],[-0.2994729,51.5553284],[-0.2996074,51.5555133],[-0.2998762,51.5558989],[-0.3001008,51.5562234],[-0.3003609,51.5566114],[-0.3005898,51.5569625],[-0.3008065,51.557308],[-0.30104,51.5576806],[-0.3012807,51.5580828],[-0.3014994,51.5584447],[-0.3017945,51.5589533],[-0.3020526,51.5593807],[-0.3022482,51.5597217],[-0.3023454,51.5598743],[-0.3024958,51.5601146],[-0.3038951,51.5623981],[-0.3041166,51.5627752],[-0.3043254,51.5631275],[-0.3044389,51.5633275],[-0.3046472,51.5637052],[-0.3048358,51.5640333],[-0.304999,51.5643297],[-0.3051888,51.5646599],[-0.3053832,51.5650037],[-0.3055614,51.5653224],[-0.3057986,51.5657432],[-0.3060405,51.5661626],[-0.3063136,51.5666453],[-0.3065775,51.5670611],[-0.3068378,51.5675157],[-0.3070936,51.567938],[-0.3073112,51.5683163],[-0.3076016,51.5687846],[-0.3078227,51.569099],[-0.3079291,51.5692471],[-0.3081143,51.5695147],[-0.3082971,51.5697873],[-0.3084105,51.5699708],[-0.3085807,51.570252],[-0.308782,51.5706167],[-0.3089545,51.5709548],[-0.3090956,51.571254],[-0.3093005,51.5716597],[-0.3094509,51.5719373],[-0.3096673,51.5723056],[-0.3098178,51.5725602],[-0.3100573,51.5729694],[-0.3103258,51.5734182],[-0.3105457,51.5737887],[-0.3108118,51.5742439],[-0.3110445,51.5746359],[-0.311262,51.5750135],[-0.3114345,51.5753177],[-0.3117689,51.5758471],[-0.3120189,51.5762412],[-0.3122781,51.5766511],[-0.3125813,51.5770906],[-0.3128438,51.5774581],[-0.3130839,51.5778027],[-0.3133925,51.5781809],[-0.3136668,51.5785066],[-0.3139168,51.5788051],[-0.3142454,51.5791625],[-0.3146134,51.5795372],[-0.3148646,51.5798004],[-0.3152489,51.580216],[-0.3159844,51.5808978],[-0.3166625,51.5815221],[-0.3172299,51.5820612],[-0.3183562,51.5830031],[-0.3190213,51.5834831],[-0.319335,51.5837167],[-0.319651,51.5839454],[-0.3200213,51.5842085],[-0.320446,51.5845141],[-0.3206693,51.5846659],[-0.3210142,51.5848895],[-0.3212862,51.5850793],[-0.3216854,51.5853375],[-0.3220777,51.5855812],[-0.3225059,51.5858487],[-0.3229387,51.5861083],[-0.3236997,51.5865732],[-0.3241691,51.5868433],[-0.3251454,51.5873848],[-0.3270337,51.5883247],[-0.3299466,51.5897378],[-0.3319632,51.5906629],[-0.3321406,51.5907443],[-0.3335047,51.5913713],[-0.3344771,51.5918438]]}},{"type":"Feature","id":"relation/7667064-0","properties":{"featureId":"relation/7667064-0","lineId":"central","lineName":"Central line","hasData":false,"valueDb":null},"geometry":{"type":"LineString","coordinates":[[-0.224384,51.5119461],[-0.2243816,51.5117729],[-0.2243694,51.511154],[-0.2243574,51.510859],[-0.2243533,51.5106788],[-0.2243638,51.5105393],[-0.2243646,51.5104503],[-0.2243611,51.5103979],[-0.2243623,51.5102449],[-0.2243601,51.5101962],[-0.2243607,51.510152],[-0.2243546,51.5098265],[-0.2243536,51.5097789],[-0.2244286,51.5063051],[-0.2243355,51.5059616],[-0.2241649,51.5056752],[-0.2239102,51.505407],[-0.2236305,51.5051963],[-0.2232926,51.505014],[-0.2230719,51.5049391],[-0.2228371,51.5048818],[-0.2212821,51.5046532],[-0.2210392,51.5046199],[-0.2200915,51.5044851],[-0.220003,51.5044739],[-0.2199011,51.5044678],[-0.2194031,51.5044104],[-0.2191669,51.5043902],[-0.2189362,51.5043801],[-0.2186952,51.5043846],[-0.2184666,51.5043956],[-0.2182378,51.5044115],[-0.2180964,51.5044255],[-0.2180042,51.5044346],[-0.2177739,51.5044651],[-0.2168851,51.5046061],[-0.2127896,51.5054928],[-0.209138,51.5062901],[-0.2067942,51.5068782],[-0.206608,51.5069336],[-0.2060487,51.5070993],[-0.2060181,51.5071084],[-0.2058848,51.5071487],[-0.2057886,51.5071778],[-0.2057343,51.5071935],[-0.2056444,51.5072194],[-0.2055399,51.5072495],[-0.2054245,51.5072828],[-0.2053368,51.5073081],[-0.2051951,51.5073491],[-0.2050314,51.5073975],[-0.2049964,51.5074079],[-0.2041725,51.5076498],[-0.2020246,51.5082797],[-0.2012088,51.5084483],[-0.2005926,51.508484],[-0.1993379,51.5085279],[-0.1983807,51.5085873],[-0.1981748,51.5086281],[-0.198041,51.508652],[-0.1979221,51.508675],[-0.1977735,51.5087065],[-0.197586,51.5087499],[-0.1974003,51.5087972],[-0.1972413,51.5088416],[-0.1970496,51.5088988],[-0.1969446,51.5089337],[-0.1966454,51.5090346],[-0.1964514,51.5090944],[-0.1960617,51.5091865],[-0.1957442,51.509265],[-0.1954381,51.50933],[-0.1944374,51.5094934],[-0.1928388,51.5097999],[-0.1923263,51.5098969],[-0.1918505,51.5099767],[-0.1913878,51.5100218],[-0.1909204,51.5100554],[-0.1894032,51.510156],[-0.1883414,51.5102128],[-0.1872612,51.5102982],[-0.1862178,51.5103736],[-0.1851883,51.5104661],[-0.1836099,51.5105634],[-0.1827631,51.5106225],[-0.1820723,51.5107047],[-0.1807526,51.5109047],[-0.1758979,51.5116893],[-0.1751089,51.511798],[-0.1744145,51.5118857],[-0.1648508,51.5127931],[-0.1635054,51.5129515],[-0.1599518,51.5133203],[-0.1591481,51.5134186],[-0.1583892,51.5135178],[-0.1577907,51.5135817],[-0.1562186,51.5137674],[-0.1538986,51.5139416],[-0.1500336,51.5143522],[-0.1491082,51.514454],[-0.1460719,51.5148697],[-0.1408111,51.5154617],[-0.1402345,51.5155284],[-0.1395854,51.5155892],[-0.1379139,51.5157211],[-0.1367663,51.5158517],[-0.1363749,51.5159138],[-0.13455,51.5161423],[-0.1326089,51.5162614],[-0.1309793,51.5163847],[-0.1309205,51.5163919],[-0.129849,51.5165065],[-0.1290331,51.5166419],[-0.1279161,51.516821],[-0.1264186,51.5170063],[-0.1252581,51.5171424],[-0.1246073,51.5172042],[-0.1241424,51.5172443],[-0.1227724,51.5173589],[-0.1222742,51.5174016],[-0.1212144,51.5175018],[-0.1202096,51.5175976],[-0.119335,51.5176949],[-0.1183896,51.5178001],[-0.1179229,51.517846],[-0.1162868,51.5180282],[-0.1146824,51.5182254],[-0.1143547,51.5182568],[-0.1139788,51.518285],[-0.1135563,51.5182965],[-0.1121528,51.5182701],[-0.1117052,51.5182471],[-0.1112699,51.5182126],[-0.1102957,51.5181073],[-0.1065442,51.5176699],[-0.1056818,51.5175168],[-0.1051585,51.5173743],[-0.1020266,51.5163247],[-0.1017351,51.5162319],[-0.0998887,51.5157745],[-0.0993861,51.5156232],[-0.0991304,51.5155459],[-0.0986361,51.5153986],[-0.0981471,51.515255],[-0.096318,51.5145608],[-0.0959093,51.514454],[-0.0953155,51.5143426],[-0.0934612,51.5140505],[-0.0918403,51.5137644],[-0.0906968,51.5135691],[-0.0905065,51.5135292],[-0.0903168,51.513484],[-0.0899426,51.513401],[-0.0897675,51.5133644],[-0.0897288,51.5133596],[-0.0896855,51.5133551],[-0.0896407,51.5133514],[-0.0896049,51.5133492],[-0.0895613,51.5133479],[-0.089507,51.5133479],[-0.089453,51.5133498],[-0.089405,51.5133522],[-0.0893689,51.513355],[-0.0893214,51.5133598],[-0.0892768,51.5133652],[-0.0892264,51.5133731],[-0.0891729,51.5133829],[-0.0890928,51.5134021],[-0.0890314,51.5134183],[-0.0884532,51.5135923],[-0.0879804,51.5137313],[-0.0878429,51.5137675],[-0.0865177,51.5140532],[-0.0863616,51.5141041],[-0.0861943,51.5141729],[-0.0855875,51.5147061],[-0.085448,51.514796],[-0.0853075,51.5148573],[-0.0851449,51.5149115],[-0.0849597,51.5149876],[-0.0847602,51.5151022],[-0.0845563,51.5152455],[-0.0844386,51.5153465],[-0.0842592,51.5155065],[-0.0842308,51.5155352],[-0.0838276,51.5160212],[-0.0836788,51.5162131],[-0.0835422,51.5164613],[-0.0833782,51.5168889],[-0.0830984,51.5175518],[-0.0830271,51.5176643],[-0.0829514,51.5177483],[-0.082806,51.5179223],[-0.0825803,51.5181725],[-0.0823181,51.5184395],[-0.0822959,51.5184621],[-0.0820741,51.5186693],[-0.0818524,51.5188379],[-0.0787646,51.5211088],[-0.0777279,51.5218712],[-0.0769249,51.5223663],[-0.0761866,51.5228322],[-0.0755819,51.5231808],[-0.0719266,51.5248124],[-0.0709441,51.5252803],[-0.0704752,51.5254753],[-0.0698913,51.5256763],[-0.0690731,51.525864],[-0.0679381,51.5260661],[-0.0664355,51.5262827],[-0.0579457,51.5272401],[-0.0571696,51.5273465],[-0.0568367,51.5273816],[-0.0563375,51.5274006],[-0.0559609,51.5273941],[-0.0553816,51.5273718],[-0.0544895,51.527328],[-0.0536005,51.5272844],[-0.0527019,51.5272332],[-0.0519664,51.5271276],[-0.0508555,51.5267743],[-0.049824,51.5263047],[-0.0475162,51.5249723],[-0.0467267,51.5246088],[-0.0461343,51.5243987],[-0.0454628,51.5242417],[-0.044725,51.524138],[-0.0441255,51.5240845],[-0.043435,51.524023],[-0.042103,51.5239567],[-0.0406266,51.5239398],[-0.0392571,51.5239967],[-0.0387437,51.5240529],[-0.0382518,51.5241334],[-0.0378381,51.524222],[-0.0372098,51.5243797],[-0.0355682,51.5249331],[-0.0344893,51.5252219],[-0.0335219,51.5254588],[-0.0320493,51.5257837],[-0.0281585,51.5266433],[-0.0261805,51.5271851],[-0.0250478,51.5275865],[-0.0233805,51.5282873],[-0.0219924,51.5289802],[-0.0182192,51.5317719],[-0.0167155,51.532792],[-0.015015,51.5338041],[-0.0143694,51.5341631],[-0.0116293,51.5356867],[-0.0111755,51.535964],[-0.0093138,51.5370958],[-0.0076256,51.538539],[-0.0073113,51.5388232],[-0.0069306,51.5391868],[-0.0054601,51.5402954],[-0.0046985,51.540876],[-0.0042174,51.5412441],[-0.0037262,51.5415826],[-0.0029603,51.5420789],[-0.0028352,51.5421595],[-0.0025139,51.5423673],[-0.0017776,51.542871],[-0.0013824,51.5431486],[-0.0006836,51.5436581],[-0.000369,51.5438925],[-0.0000586,51.5441455],[0.0002495,51.5444453],[0.0005434,51.5447718],[0.0007671,51.5451339],[0.0008571,51.5454095],[0.000873,51.5457775],[0.0008286,51.5460716],[0.0007336,51.5463874],[0.0005869,51.5467401],[0.0003831,51.5471021],[0.0000543,51.5475376],[-0.0002141,51.5478488],[-0.0005629,51.548152],[-0.0010464,51.5484733],[-0.0016415,51.548779],[-0.0021744,51.549037],[-0.0029947,51.5493609],[-0.0043802,51.5498503],[-0.0049962,51.5501095],[-0.0055185,51.5503907],[-0.0060406,51.5507043],[-0.0067122,51.5511586],[-0.0070567,51.5515001],[-0.0072406,51.5517237],[-0.0074349,51.5520271],[-0.0075477,51.5521933],[-0.0076504,51.5523554],[-0.0077552,51.5525842],[-0.007838,51.5527981],[-0.007897,51.5529701],[-0.0079353,51.5531471],[-0.0079561,51.5533238],[-0.0079613,51.5535259],[-0.0079471,51.5537817],[-0.0078966,51.5540392],[-0.007838,51.5542441],[-0.0077618,51.5544469],[-0.0076792,51.5546249],[-0.0075453,51.5548455],[-0.0073211,51.5551284],[-0.0071475,51.5553175],[-0.0069606,51.5555006],[-0.0066488,51.5557879],[-0.0063261,51.5560568],[-0.0059969,51.5562856],[-0.0054953,51.5566085],[-0.0042132,51.5574277],[0.0006971,51.5605606],[0.0017582,51.5612476],[0.003901,51.562966],[0.0046343,51.5636357],[0.0053472,51.5644468],[0.0060507,51.5653181],[0.0075527,51.5675265],[0.0079447,51.5680347],[0.0083915,51.5685848],[0.0086004,51.5688114],[0.0089103,51.569121],[0.0093919,51.5695716],[0.0099665,51.5701294],[0.0101362,51.5702837],[0.0111194,51.5710113],[0.0115199,51.5712604],[0.0118588,51.5714543],[0.0125111,51.5717149],[0.0129906,51.571814],[0.0137235,51.5719423],[0.0153503,51.5720573],[0.0165862,51.5721964],[0.018197,51.5724714],[0.0189832,51.5726367],[0.0199703,51.5729322],[0.0211483,51.5733237],[0.0286655,51.5756764],[0.0305185,51.5761129],[0.0311837,51.5762191],[0.0321507,51.5763736],[0.0340974,51.5765737],[0.0351548,51.5766506],[0.0361163,51.5766941],[0.0371315,51.576718],[0.0382414,51.5766941],[0.0394316,51.5766363],[0.0413945,51.5765251],[0.0435979,51.5764259],[0.045411,51.5763628],[0.047247,51.5763379],[0.0555933,51.5763965],[0.0599355,51.5765489],[0.0620868,51.5766375],[0.0638626,51.576655],[0.0648672,51.5766417],[0.0658707,51.5766284],[0.0667714,51.5765954],[0.0674201,51.5765395],[0.0681886,51.5764152],[0.0689899,51.5762194],[0.0696875,51.5759901],[0.0706528,51.5756518],[0.0755807,51.5732115],[0.0774219,51.5723013],[0.0775909,51.5722163],[0.0791053,51.571455],[0.080804,51.5706235],[0.0814104,51.5703856],[0.0818465,51.5702452],[0.0823244,51.5701224],[0.0827543,51.5700477],[0.0834475,51.5699373],[0.0840554,51.5698845],[0.0847747,51.5698421],[0.0854401,51.56985],[0.0859406,51.5698747],[0.0863197,51.5699145],[0.0867323,51.5699762],[0.0870802,51.5700588],[0.0873683,51.5701498],[0.0876439,51.5702592],[0.0878683,51.5703671],[0.088151,51.5705352],[0.0883377,51.5706713],[0.0884665,51.5707905],[0.0887927,51.5711305],[0.0891289,51.5717113],[0.0894214,51.5724209],[0.0896507,51.573133],[0.0897251,51.5734644],[0.0897911,51.5738613],[0.0899123,51.5745317],[0.0899598,51.575123],[0.0899485,51.5754803],[0.0899473,51.575598],[0.0898871,51.5762207],[0.0898465,51.5764352],[0.0897848,51.5766874],[0.089522,51.5776231],[0.0893252,51.5781383],[0.089069,51.5787859],[0.0888862,51.5794581],[0.0886694,51.580144],[0.0884373,51.5808824],[0.0882617,51.5816786],[0.0881959,51.5824677],[0.0881924,51.5831755],[0.0884126,51.5844021],[0.088647,51.5858142],[0.0888973,51.5873384],[0.0891641,51.589077],[0.0892744,51.5896582],[0.0894031,51.5901804],[0.0897235,51.591208],[0.090259,51.5929616],[0.0906173,51.5941563],[0.0909093,51.5952909],[0.090982,51.5955278],[0.0911132,51.5959492],[0.0916767,51.5977117],[0.0922099,51.599474],[0.0926305,51.600776],[0.0926747,51.6009226],[0.0928029,51.6013201],[0.092938,51.6017594],[0.0929773,51.6018909],[0.0931632,51.6025043],[0.0934109,51.6033077]]}},{"type":"Feature","id":"relation/7667065-0","properties":{"featureId":"relation/7667065-0","lineId":"central","lineName":"Central line","hasData":false,"valueDb":null},"geometry":{"type":"LineString","coordinates":[[0.0934581,51.6033034],[0.0932376,51.6025804],[0.093213,51.6024997],[0.0929878,51.6017522],[0.0928537,51.601315],[0.0927317,51.6009192],[0.0926868,51.6007756],[0.0922491,51.5994688],[0.0917141,51.5977036],[0.0911452,51.5959458],[0.0910181,51.5955155],[0.0909509,51.5952915],[0.0906765,51.5941502],[0.0903132,51.5929504],[0.0897827,51.5912004],[0.0894646,51.5901669],[0.0893362,51.5896507],[0.0892264,51.589083],[0.0889423,51.5873258],[0.0886838,51.5858143],[0.0884614,51.5844005],[0.0882449,51.5831736],[0.0882368,51.5824715],[0.0883165,51.5816759],[0.0884991,51.5808963],[0.0887811,51.5800483],[0.089006,51.5794591],[0.0892944,51.5788178],[0.0897173,51.5776146],[0.0898742,51.576815],[0.0899393,51.5762173],[0.0899853,51.5756087],[0.0899913,51.5754764],[0.0900115,51.5751316],[0.0900073,51.5745249],[0.0900225,51.5742009],[0.0900116,51.5737579],[0.0899449,51.573314],[0.0898339,51.5729279],[0.0897906,51.5728126],[0.0896181,51.5723861],[0.0893131,51.5716829],[0.0889497,51.5710858],[0.0885951,51.5707483],[0.0884414,51.570615],[0.0882414,51.5704769],[0.087937,51.5703056],[0.0877111,51.5701965],[0.0874254,51.570081],[0.0871352,51.5699905],[0.0867617,51.5699057],[0.0863441,51.5698424],[0.0859436,51.5698019],[0.0854554,51.5697741],[0.0847518,51.5697707],[0.0840493,51.5698085],[0.0834246,51.5698659],[0.0827115,51.569968],[0.0822829,51.5700543],[0.0817925,51.5701861],[0.0813554,51.5703249],[0.0807344,51.5705649],[0.0790283,51.5714002],[0.0775534,51.5721417],[0.0773423,51.5722478],[0.0754939,51.5731407],[0.0705717,51.5755993],[0.0696196,51.5759308],[0.069012,51.5760988],[0.068274,51.5762297],[0.0675667,51.5763231],[0.0667841,51.5763771],[0.0658644,51.5763959],[0.0656556,51.5763987],[0.0647865,51.5764105],[0.0637118,51.576425],[0.0631571,51.576435],[0.0620773,51.5764544],[0.0599362,51.5764741],[0.0555924,51.5763243],[0.0472373,51.5762472],[0.0463481,51.5762572],[0.0454682,51.5762531],[0.0435879,51.5763231],[0.0413652,51.5764461],[0.0394314,51.5765621],[0.0382457,51.5766163],[0.0371332,51.5766471],[0.0361206,51.576627],[0.0351507,51.5765814],[0.034109,51.5765052],[0.0321024,51.5762729],[0.0305552,51.5760362],[0.0286698,51.5755808],[0.0238125,51.5740506],[0.0212262,51.5732358],[0.0200332,51.5728409],[0.0190589,51.5725278],[0.0182797,51.572347],[0.0166485,51.5720414],[0.0136589,51.571822],[0.0130047,51.5717063],[0.0127549,51.5716578],[0.012509,51.5715606],[0.0122777,51.5714566],[0.0118965,51.5712606],[0.0116625,51.5711111],[0.0113665,51.5709191],[0.0108884,51.5706077],[0.0103458,51.5702235],[0.0100092,51.5699673],[0.0094784,51.5695373],[0.0090202,51.569034],[0.0085731,51.5685401],[0.0083742,51.5682967],[0.0080975,51.5679997],[0.008,51.5678871],[0.0078063,51.5676866],[0.007682,51.5674959],[0.0070379,51.5665012],[0.0061687,51.5652687],[0.0054457,51.564413],[0.0047167,51.5636132],[0.0040849,51.5629882],[0.0036025,51.5626355],[0.0032766,51.5623664],[0.0018279,51.5612236],[0.0007546,51.560553],[0.0007155,51.5605254],[0.0004099,51.5603097],[-0.0041811,51.5574081],[-0.005462,51.5565882],[-0.0059544,51.5562611],[-0.0062876,51.5560365],[-0.0066075,51.5557729],[-0.0069121,51.555485],[-0.0070971,51.5553018],[-0.0072662,51.5551144],[-0.0074793,51.554832],[-0.0076185,51.5546148],[-0.0077099,51.5544413],[-0.0077835,51.5542384],[-0.007838,51.554034],[-0.0078871,51.5537788],[-0.0079072,51.5535272],[-0.0078989,51.5533281],[-0.0078761,51.5531544],[-0.0078369,51.5529757],[-0.0077861,51.5528045],[-0.0077034,51.5525943],[-0.007588,51.5523692],[-0.0074879,51.5522088],[-0.0073705,51.552047],[-0.0071595,51.5517525],[-0.0069771,51.5515199],[-0.0066555,51.551206],[-0.0059811,51.5507461],[-0.0054445,51.5504373],[-0.0049188,51.5501677],[-0.004319,51.5499317],[-0.0029299,51.5494402],[-0.0020827,51.5491095],[-0.0015468,51.5488514],[-0.0009317,51.5485412],[-0.000439,51.548198],[-0.0000813,51.5478922],[0.0002106,51.5475829],[0.0005316,51.5471485],[0.0007486,51.5467732],[0.0008921,51.5464146],[0.0009917,51.5460751],[0.001026,51.5457792],[0.0010296,51.5454201],[0.0009268,51.5451133],[0.0006707,51.5447354],[0.0003879,51.5443962],[0.0000496,51.5440903],[-0.000262,51.5438559],[-0.0004514,51.543707],[-0.0006232,51.5435897],[-0.0009431,51.5433472],[-0.0015157,51.5429315],[-0.0019534,51.5426283],[-0.0021705,51.5424763],[-0.0023917,51.5423254],[-0.0027127,51.5420994],[-0.0028307,51.5420165],[-0.0036065,51.5414704],[-0.0037561,51.5413676],[-0.0039011,51.5412626],[-0.004052,51.5411529],[-0.0042757,51.5409798],[-0.0044812,51.540822],[-0.0046177,51.540715],[-0.0047724,51.5405949],[-0.0049118,51.5404888],[-0.0051007,51.5403498],[-0.0053184,51.5401965],[-0.0062728,51.5395549],[-0.007147,51.5387474],[-0.0087029,51.5372052],[-0.0114465,51.5355895],[-0.0120531,51.5352549],[-0.0148648,51.533704],[-0.0165789,51.5327131],[-0.0171621,51.5323176],[-0.0180857,51.5316914],[-0.0217992,51.5288102],[-0.0232058,51.5281192],[-0.0246765,51.5273737],[-0.0254063,51.5271195],[-0.0265765,51.526757],[-0.0279743,51.5263796],[-0.0324542,51.5254409],[-0.033369,51.5252369],[-0.0343865,51.5250009],[-0.0352695,51.5248137],[-0.0373538,51.5240171],[-0.038101,51.5238321],[-0.0386572,51.5237656],[-0.0391448,51.5237547],[-0.0406016,51.5237708],[-0.0410094,51.5237888],[-0.0420885,51.5238363],[-0.0426666,51.5238732],[-0.0434268,51.5239251],[-0.044135,51.5239839],[-0.0447811,51.5240395],[-0.0454854,51.5241446],[-0.0462087,51.5243024],[-0.0468061,51.5245301],[-0.0476273,51.5249009],[-0.049847,51.5261308],[-0.0509718,51.5265764],[-0.0519939,51.5268884],[-0.0523353,51.5269653],[-0.0527519,51.5270347],[-0.0535671,51.5270959],[-0.0544557,51.5271395],[-0.0553435,51.5271831],[-0.0568366,51.5272338],[-0.0576133,51.5271785],[-0.0580886,51.5271332],[-0.0664179,51.526209],[-0.0679138,51.5259672],[-0.0690157,51.5257682],[-0.0698155,51.5255843],[-0.0703855,51.5253831],[-0.0708626,51.5251909],[-0.0718451,51.5247345],[-0.0754595,51.5230903],[-0.0760624,51.5227635],[-0.0767972,51.5222982],[-0.0775474,51.5217938],[-0.0817144,51.5187664],[-0.0818681,51.5186419],[-0.0820041,51.5185186],[-0.0821607,51.5183579],[-0.0824665,51.5180439],[-0.0825668,51.5179588],[-0.0827158,51.517837],[-0.082919,51.5176371],[-0.0830069,51.5175218],[-0.0830802,51.5173976],[-0.0832941,51.5168738],[-0.0834633,51.516435],[-0.0836017,51.5161886],[-0.0837307,51.5160175],[-0.084196,51.5155241],[-0.0842207,51.515498],[-0.0843832,51.5153256],[-0.0845113,51.5152061],[-0.0846916,51.5150701],[-0.0849062,51.5149509],[-0.085035,51.5148918],[-0.085212,51.5148296],[-0.0853321,51.514784],[-0.0854051,51.5147367],[-0.0855258,51.5146588],[-0.0861349,51.5141267],[-0.0862829,51.5140494],[-0.0865068,51.5139843],[-0.0878184,51.5137319],[-0.0879402,51.5137033],[-0.0880791,51.5136664],[-0.0881609,51.5136396],[-0.0881984,51.5136258],[-0.0882366,51.5136093],[-0.0882661,51.5135952],[-0.088318,51.5135657],[-0.0884658,51.5134608],[-0.0884947,51.5134419],[-0.0885313,51.5134185],[-0.0885592,51.5134014],[-0.0885902,51.5133849],[-0.0886311,51.513364],[-0.0886727,51.5133442],[-0.088704,51.5133301],[-0.0887428,51.5133149],[-0.0887813,51.5133011],[-0.0888177,51.5132891],[-0.0888526,51.5132787],[-0.0888959,51.513267],[-0.0889454,51.5132557],[-0.0890039,51.5132453],[-0.0890506,51.5132387],[-0.0890902,51.5132343],[-0.0891208,51.5132315],[-0.089151,51.5132293],[-0.0892009,51.5132272],[-0.0892559,51.5132261],[-0.0892914,51.5132264],[-0.08933,51.5132277],[-0.0893799,51.5132306],[-0.089414,51.5132332],[-0.0894659,51.5132378],[-0.0895211,51.5132439],[-0.0895488,51.513247],[-0.0895775,51.5132505],[-0.0896261,51.5132571],[-0.0896538,51.5132612],[-0.0896844,51.513266],[-0.0897218,51.5132722],[-0.0897564,51.5132785],[-0.0897961,51.5132864],[-0.089963,51.5133321],[-0.0903335,51.5134283],[-0.0918266,51.5137173],[-0.0934651,51.514002],[-0.0953238,51.5142941],[-0.0956432,51.5143627],[-0.0959233,51.5144238],[-0.0963522,51.5145224],[-0.0976983,51.5150108],[-0.0983057,51.5152303],[-0.0983719,51.5152497],[-0.0991571,51.5154842],[-0.0999325,51.5157157],[-0.1017732,51.5161902],[-0.1020518,51.5162787],[-0.1030763,51.5166219],[-0.1051558,51.5173149],[-0.1056791,51.5174574],[-0.1065415,51.5175994],[-0.1098743,51.5179651],[-0.1102603,51.5180211],[-0.1107621,51.5181007],[-0.1112664,51.5181697],[-0.1117089,51.5182138],[-0.112146,51.5182445],[-0.1135547,51.5182724],[-0.1139742,51.518255],[-0.1143379,51.5182256],[-0.1146694,51.5181928],[-0.1162871,51.517979],[-0.1179083,51.5177992],[-0.1183754,51.517752],[-0.1193216,51.5176447],[-0.1201847,51.5175468],[-0.1209828,51.5174713],[-0.1215656,51.5174079],[-0.1222488,51.5173288],[-0.1241127,51.5171581],[-0.1245946,51.5171212],[-0.1252455,51.5170703],[-0.1258624,51.5170038],[-0.1261504,51.5169728],[-0.1264042,51.5169454],[-0.1278768,51.5167235],[-0.1289919,51.5165483],[-0.1299375,51.5163842],[-0.131045,51.5162723],[-0.1327997,51.5161338],[-0.1328803,51.5161252],[-0.1343306,51.5160236],[-0.1379109,51.5156639],[-0.1396658,51.5154888],[-0.1402341,51.5154251],[-0.1407785,51.5153611],[-0.1413645,51.5152942],[-0.1422192,51.5152213],[-0.1459202,51.5147706],[-0.1498819,51.5142531],[-0.1537469,51.5138425],[-0.156062,51.5136251],[-0.1581495,51.5133982],[-0.1586609,51.5133423],[-0.1591702,51.5132854],[-0.1626344,51.5129455],[-0.1648713,51.5127306],[-0.1724153,51.5119697],[-0.1750689,51.5116952],[-0.1807132,51.5108362],[-0.1820503,51.5106401],[-0.1827255,51.510556],[-0.1836028,51.510485],[-0.1845769,51.5104266],[-0.1861734,51.5102957],[-0.1872283,51.5101973],[-0.1883114,51.5101395],[-0.18939,51.5100732],[-0.1909073,51.5099864],[-0.1913603,51.5099514],[-0.1918041,51.5099051],[-0.1922602,51.5098309],[-0.1927714,51.5097309],[-0.1943758,51.5094474],[-0.1954168,51.5092846],[-0.1959488,51.5091709],[-0.1960983,51.5091333],[-0.1961749,51.5091138],[-0.1962866,51.5090862],[-0.196381,51.50906],[-0.1965091,51.5090217],[-0.1966542,51.5089765],[-0.196849,51.5089146],[-0.1970352,51.5088493],[-0.1971487,51.5088162],[-0.1972697,51.5087823],[-0.1973573,51.5087588],[-0.1974763,51.508728],[-0.1975766,51.5087054],[-0.1976528,51.5086881],[-0.1979842,51.5086159],[-0.1983374,51.5085617],[-0.1992944,51.5085058],[-0.2005454,51.5084358],[-0.2012355,51.5083761],[-0.2020168,51.5082268],[-0.2041236,51.5075519],[-0.2044528,51.5074347],[-0.2047134,51.5073506],[-0.2049412,51.5072812],[-0.2050173,51.507258],[-0.2052475,51.5071921],[-0.2054505,51.5071336],[-0.20552,51.5071135],[-0.2056449,51.507078],[-0.2057039,51.5070613],[-0.2057979,51.5070334],[-0.2059619,51.506985],[-0.2061104,51.5069408],[-0.2066079,51.5068043],[-0.2091134,51.5062345],[-0.2168437,51.5045616],[-0.2172782,51.5044537],[-0.217498,51.5044046],[-0.2177295,51.5043663],[-0.2179626,51.5043369],[-0.2181984,51.5043151],[-0.2184352,51.5042996],[-0.2186695,51.5042876],[-0.21891,51.5042876],[-0.2190901,51.504303],[-0.2192531,51.5043224],[-0.2194534,51.5043479],[-0.2207569,51.5045085],[-0.2209656,51.5045411],[-0.2211594,51.5045754],[-0.2213175,51.5046052],[-0.2214518,51.5046412],[-0.2215625,51.5046935],[-0.2216446,51.5047547],[-0.2217042,51.5048264],[-0.2217193,51.504904],[-0.2217228,51.5050031],[-0.2217173,51.5050714],[-0.2217073,51.5057892],[-0.2217021,51.5061648],[-0.2216961,51.5063259],[-0.2216482,51.5066039],[-0.2215643,51.5071331],[-0.2215742,51.5073669],[-0.2215986,51.5076177],[-0.2216736,51.5078777],[-0.2217574,51.5080842],[-0.2220063,51.5085104],[-0.2222544,51.508812],[-0.2226195,51.50911],[-0.2229936,51.5093673],[-0.2239132,51.5099995],[-0.2240322,51.5101237],[-0.2241108,51.510259],[-0.2241765,51.5104546],[-0.2241826,51.5105386],[-0.2241749,51.5105935],[-0.224171,51.5107742],[-0.2241724,51.5108609],[-0.2241588,51.5110192],[-0.2240732,51.5113749],[-0.2240422,51.5116526],[-0.2240487,51.5119444],[-0.2240536,51.5121612],[-0.2241226,51.512503],[-0.2241776,51.5126942],[-0.2243117,51.5130472],[-0.2244178,51.5133452],[-0.2245912,51.5137966],[-0.2248311,51.5143364],[-0.2249364,51.5145194],[-0.2250253,51.5146571],[-0.2251325,51.5147893],[-0.2252784,51.5149007],[-0.2254333,51.5149913],[-0.2256583,51.5151171],[-0.2258283,51.5151881],[-0.2260339,51.5152569],[-0.2263142,51.5153351],[-0.2266338,51.5154586],[-0.2267149,51.5154808],[-0.2270061,51.5155678],[-0.2278587,51.5158075],[-0.2282215,51.5158909],[-0.2286165,51.515963],[-0.2290864,51.516043],[-0.2294989,51.5161013],[-0.2302108,51.5161686],[-0.2308684,51.5162101],[-0.2311353,51.5162162],[-0.2315939,51.516218],[-0.2322243,51.5161986],[-0.2325867,51.5161776],[-0.2330735,51.5161346],[-0.2335933,51.5160756],[-0.2338004,51.5160517],[-0.2340781,51.516015],[-0.2344368,51.5159575],[-0.2347219,51.5159051],[-0.2349446,51.5158566],[-0.2351716,51.5158013],[-0.2354744,51.5157273],[-0.235634,51.5156941],[-0.2358061,51.5156628],[-0.2359389,51.5156418],[-0.2361109,51.5156184],[-0.236365,51.5155933],[-0.2367796,51.5155654],[-0.2378976,51.5154935],[-0.2384262,51.5154547],[-0.2398236,51.5153665],[-0.2405561,51.5153157],[-0.2409481,51.5152888],[-0.2418147,51.5152611],[-0.2418984,51.5152577],[-0.2421643,51.5152469],[-0.2426898,51.5152598],[-0.2429646,51.5152756],[-0.2432094,51.5152976],[-0.2440339,51.5154209],[-0.2447104,51.5155471],[-0.245124,51.5156601],[-0.2455293,51.5157943],[-0.2457739,51.5158861],[-0.2460505,51.515996],[-0.2465576,51.5162329],[-0.2471521,51.5165543],[-0.247316,51.5166648],[-0.2473614,51.5166956],[-0.247731,51.5169738],[-0.2479526,51.5171455],[-0.2481593,51.5173376],[-0.2493399,51.5184872],[-0.2505198,51.5196452],[-0.2506824,51.5198101],[-0.2518358,51.520954],[-0.2521706,51.5212245],[-0.2524874,51.5214411],[-0.2527775,51.5216513],[-0.2531482,51.5218678],[-0.253757,51.5221343],[-0.2544916,51.522408],[-0.2548501,51.5225179],[-0.2554594,51.5226835],[-0.2562609,51.5228475],[-0.2569479,51.5229959],[-0.2572335,51.5230531],[-0.2581048,51.5232278],[-0.2588626,51.5233693],[-0.2593481,51.5234688],[-0.2600785,51.5236305],[-0.2609983,51.5238561],[-0.2613085,51.5239211],[-0.2634783,51.5243541],[-0.2635806,51.5243745],[-0.2638922,51.5244379],[-0.2640225,51.5244628],[-0.2646415,51.5246147],[-0.2655159,51.5248433],[-0.2657539,51.5248981],[-0.2660344,51.5249572],[-0.2662625,51.5249985],[-0.2666236,51.5250668],[-0.2669048,51.5251112],[-0.2671389,51.5251394],[-0.2673807,51.5251643],[-0.2676674,51.5251863],[-0.2678709,51.5251949],[-0.2681775,51.5252018],[-0.2685147,51.5251986],[-0.2687186,51.5251875],[-0.2691019,51.5251553],[-0.269305,51.5251322],[-0.2695647,51.5250948],[-0.2699308,51.5250212],[-0.2705998,51.5248605],[-0.271119,51.5246882],[-0.2716078,51.5244825],[-0.272149,51.5241976],[-0.272655,51.5238755],[-0.2752415,51.5220242],[-0.2794922,51.5189889],[-0.2799722,51.5186447],[-0.2808512,51.5180135],[-0.2817085,51.5173935],[-0.2830055,51.5164653],[-0.2836557,51.5160388],[-0.2842188,51.5157426],[-0.2847597,51.5155158],[-0.2853191,51.5153456],[-0.2858633,51.5152168],[-0.2864079,51.5151223],[-0.2871,51.5150517],[-0.2877195,51.5150278],[-0.2898489,51.5150375],[-0.2917547,51.5150704],[-0.2921641,51.5150804],[-0.2942428,51.5150905],[-0.295078,51.515081],[-0.2958464,51.5150675],[-0.2965704,51.5150466],[-0.2976224,51.5150247],[-0.2977756,51.5150229],[-0.2984312,51.5150027],[-0.2996403,51.5149596],[-0.3008709,51.5149182]]}},{"type":"Feature","id":"relation/7667066-0","properties":{"featureId":"relation/7667066-0","lineId":"central","lineName":"Central line","hasData":false,"valueDb":null},"geometry":{"type":"LineString","coordinates":[[0.0339019,51.6066431],[0.0343863,51.6074582],[0.0345075,51.607651],[0.0347737,51.6080693],[0.0349189,51.6082964],[0.0357947,51.6095087],[0.038396,51.6128188],[0.0397225,51.6144635],[0.0408016,51.615811],[0.0408903,51.6158985],[0.0409709,51.6159705],[0.0410582,51.616037],[0.041186,51.6161282],[0.0413035,51.6162011],[0.0413791,51.6162479],[0.0416262,51.6163921],[0.0418408,51.616496],[0.0420415,51.6165851],[0.0421781,51.6166418],[0.0423249,51.6167013],[0.042493,51.6167626],[0.0426273,51.6168083],[0.0429232,51.6169007],[0.0431893,51.616973],[0.0435462,51.6170537],[0.0437686,51.6170977],[0.0438902,51.6171184],[0.044119,51.6171562],[0.0443489,51.6171949],[0.0460875,51.6174898],[0.0463035,51.6175273],[0.048227,51.6178365],[0.053195,51.6186414],[0.0536974,51.6187245],[0.0543736,51.6188292],[0.0563836,51.6191411],[0.0585986,51.619378],[0.0599733,51.6194503],[0.0612265,51.6194692],[0.0615072,51.6194722],[0.0626138,51.6194604],[0.0634214,51.6194219],[0.0644789,51.619343],[0.0654187,51.6192565],[0.0667194,51.6190722],[0.0682014,51.6188621],[0.0726904,51.6181816],[0.0745671,51.6178774],[0.0755211,51.6176969],[0.0822477,51.6163538],[0.0840513,51.615908],[0.086096,51.6153188],[0.0892009,51.6144],[0.0904069,51.6140569],[0.0907841,51.6139456],[0.0911889,51.6138079],[0.0914133,51.6137249],[0.0915991,51.613652],[0.0917889,51.6135689],[0.092007,51.6134638],[0.0922157,51.6133533],[0.0924112,51.613241],[0.0925536,51.6131556],[0.0927109,51.6130573],[0.0928623,51.6129432],[0.0930387,51.6128054],[0.0932048,51.6126471],[0.0933793,51.6124793],[0.0934683,51.6123781],[0.0935594,51.6122713],[0.0936736,51.6121182],[0.0940095,51.6116849],[0.0942374,51.6113975],[0.0944756,51.6110866],[0.0946917,51.6107927],[0.0948353,51.610569],[0.0949286,51.6104029],[0.0950197,51.6102015],[0.0950999,51.6099712],[0.0951471,51.6097949],[0.0951717,51.6096302],[0.0951898,51.6094327],[0.0951908,51.6091974],[0.0951663,51.6089593],[0.0951407,51.6088226],[0.0949992,51.6083283],[0.094898,51.6079948],[0.0947493,51.6074979],[0.0946548,51.6071963],[0.0945189,51.6067531],[0.0943723,51.6062653],[0.0940767,51.6053256],[0.0939261,51.6048387],[0.0938468,51.604566],[0.0937091,51.6041257],[0.093659,51.603965],[0.0936057,51.6037956],[0.0934581,51.6033034]]}},{"type":"Feature","id":"relation/7667067-0","properties":{"featureId":"relation/7667067-0","lineId":"central","lineName":"Central line","hasData":false,"valueDb":null},"geometry":{"type":"LineString","coordinates":[[0.0934109,51.6033077],[0.0935509,51.6037759],[0.0935583,51.6038005],[0.0936088,51.603962],[0.0936565,51.6041204],[0.093676,51.6041855],[0.0937298,51.6043669],[0.0937905,51.6045714],[0.0938543,51.6047819],[0.0939665,51.6051353],[0.0941276,51.6056641],[0.0943115,51.6062729],[0.0944595,51.6067645],[0.0945976,51.6072049],[0.0946851,51.6074989],[0.094834,51.6080065],[0.0949422,51.608335],[0.0950768,51.6088312],[0.0950997,51.6089624],[0.0951221,51.6091955],[0.09512,51.6094286],[0.0951087,51.6096253],[0.0950824,51.6097847],[0.0950325,51.6099753],[0.0949619,51.610194],[0.094876,51.6103868],[0.0947824,51.6105553],[0.0946394,51.6107782],[0.0944222,51.6110759],[0.0941802,51.611394],[0.0938475,51.6118305],[0.0937491,51.6119568],[0.0935082,51.6122584],[0.0934263,51.6123582],[0.0933254,51.6124677],[0.0931688,51.6126288],[0.0930003,51.6127825],[0.0928237,51.6129213],[0.0926644,51.613037],[0.0925138,51.61314],[0.092361,51.6132359],[0.0922067,51.6133258],[0.0919762,51.6134457],[0.0917628,51.613545],[0.0915854,51.6136245],[0.0913969,51.6136979],[0.0911651,51.6137827],[0.0907922,51.6139018],[0.090387,51.6140139],[0.0891754,51.6143651],[0.0860605,51.6152684],[0.084016,51.6158639],[0.0822106,51.6163167],[0.07551,51.6176729],[0.0745622,51.6178566],[0.0726962,51.6181583],[0.0681993,51.6188299],[0.0667252,51.6190489],[0.0654088,51.6192162],[0.0644848,51.6193197],[0.063418,51.6193837],[0.0626104,51.6194223],[0.061513,51.6194489],[0.0612324,51.6194459],[0.0599791,51.619427],[0.0586044,51.6193547],[0.0563894,51.6191178],[0.0543795,51.6188059],[0.0537122,51.618692],[0.053211,51.6186063],[0.0482328,51.6178132],[0.0463093,51.617504],[0.0460994,51.6174664],[0.043884,51.6170867],[0.0437768,51.6170674],[0.0434305,51.6169983],[0.0432853,51.6169645],[0.0431822,51.616939],[0.0430008,51.6168917],[0.0428055,51.6168325],[0.042619,51.6167731],[0.0424905,51.6167263],[0.0423343,51.6166662],[0.042192,51.6166082],[0.0420815,51.616559],[0.0419735,51.6165101],[0.0418047,51.6164284],[0.0416268,51.6163328],[0.0414319,51.6162198],[0.041336,51.6161606],[0.0412164,51.616084],[0.0411104,51.6160077],[0.0410316,51.6159467],[0.0409588,51.6158835],[0.040864,51.6157905],[0.0397956,51.6144397],[0.036889,51.6107769],[0.0358449,51.6094951],[0.0355383,51.6090863],[0.0352565,51.6087124],[0.0350343,51.6083808],[0.0348646,51.6081208],[0.0346439,51.6077857],[0.0345566,51.6076409],[0.0344366,51.6074508],[0.0339455,51.6066349]]}},{"type":"Feature","id":"relation/7667068-0","properties":{"featureId":"relation/7667068-0","lineId":"central","lineName":"Central line","hasData":false,"valueDb":null},"geometry":{"type":"LineString","coordinates":[[0.0934581,51.6033034],[0.0932376,51.6025804],[0.093213,51.6024997],[0.0929878,51.6017522],[0.0928537,51.601315],[0.0927317,51.6009192],[0.0926868,51.6007756],[0.0922491,51.5994688],[0.0917141,51.5977036],[0.0911452,51.5959458],[0.0910181,51.5955155],[0.0909509,51.5952915],[0.0906765,51.5941502],[0.0903132,51.5929504],[0.0897827,51.5912004],[0.0894646,51.5901669],[0.0893362,51.5896507],[0.0892264,51.589083],[0.0889423,51.5873258],[0.0886838,51.5858143],[0.0884614,51.5844005],[0.0882449,51.5831736],[0.0882368,51.5824715],[0.0883165,51.5816759],[0.0884991,51.5808963],[0.0887811,51.5800483],[0.089006,51.5794591],[0.0892944,51.5788178],[0.0897173,51.5776146],[0.0898742,51.576815],[0.0899393,51.5762173],[0.0899853,51.5756087],[0.0899913,51.5754764],[0.0900115,51.5751316],[0.0900073,51.5745249],[0.0900225,51.5742009],[0.0900116,51.5737579],[0.0899449,51.573314],[0.0898339,51.5729279],[0.0897906,51.5728126],[0.0896181,51.5723861],[0.0893131,51.5716829],[0.0889497,51.5710858],[0.0885951,51.5707483],[0.0884414,51.570615],[0.0882414,51.5704769],[0.087937,51.5703056],[0.0877111,51.5701965],[0.0874254,51.570081],[0.0871352,51.5699905],[0.0867617,51.5699057],[0.0863441,51.5698424],[0.0859436,51.5698019],[0.0854554,51.5697741],[0.0847518,51.5697707],[0.0840493,51.5698085],[0.0834246,51.5698659],[0.0827115,51.569968],[0.0822829,51.5700543],[0.0817925,51.5701861],[0.0813554,51.5703249],[0.0807344,51.5705649],[0.0790283,51.5714002],[0.0775534,51.5721417],[0.0773423,51.5722478],[0.0754939,51.5731407],[0.0705717,51.5755993],[0.0696196,51.5759308],[0.069012,51.5760988],[0.068274,51.5762297],[0.0675667,51.5763231],[0.0667841,51.5763771],[0.0658644,51.5763959],[0.0656556,51.5763987],[0.0647865,51.5764105],[0.0637118,51.576425],[0.0631571,51.576435],[0.0620773,51.5764544],[0.0599362,51.5764741],[0.0555924,51.5763243],[0.0472373,51.5762472],[0.0463481,51.5762572],[0.0454682,51.5762531],[0.0435879,51.5763231],[0.0413652,51.5764461],[0.0394314,51.5765621],[0.0382457,51.5766163],[0.0371332,51.5766471],[0.0361206,51.576627],[0.0351507,51.5765814],[0.034109,51.5765052],[0.0321024,51.5762729],[0.0305552,51.5760362],[0.0286698,51.5755808],[0.0238125,51.5740506],[0.0212262,51.5732358],[0.0200332,51.5728409],[0.0190589,51.5725278],[0.0182797,51.572347],[0.0166485,51.5720414],[0.0136589,51.571822],[0.0130047,51.5717063],[0.0127549,51.5716578],[0.012509,51.5715606],[0.0122777,51.5714566],[0.0118965,51.5712606],[0.0116625,51.5711111],[0.0113665,51.5709191],[0.0108884,51.5706077],[0.0103458,51.5702235],[0.0100092,51.5699673],[0.0094784,51.5695373],[0.0090202,51.569034],[0.0085731,51.5685401],[0.0083742,51.5682967],[0.0080975,51.5679997],[0.008,51.5678871],[0.0078063,51.5676866],[0.007682,51.5674959],[0.0070379,51.5665012],[0.0061687,51.5652687],[0.0054457,51.564413],[0.0047167,51.5636132],[0.0040849,51.5629882],[0.0036025,51.5626355],[0.0032766,51.5623664],[0.0018279,51.5612236],[0.0007546,51.560553],[0.0007155,51.5605254],[0.0004099,51.5603097],[-0.0041811,51.5574081],[-0.005462,51.5565882],[-0.0059544,51.5562611],[-0.0062876,51.5560365],[-0.0066075,51.5557729],[-0.0069121,51.555485],[-0.0070971,51.5553018],[-0.0072662,51.5551144],[-0.0074793,51.554832],[-0.0076185,51.5546148],[-0.0077099,51.5544413],[-0.0077835,51.5542384],[-0.007838,51.554034],[-0.0078871,51.5537788],[-0.0079072,51.5535272],[-0.0078989,51.5533281],[-0.0078761,51.5531544],[-0.0078369,51.5529757],[-0.0077861,51.5528045],[-0.0077034,51.5525943],[-0.007588,51.5523692],[-0.0074879,51.5522088],[-0.0073705,51.552047],[-0.0071595,51.5517525],[-0.0069771,51.5515199],[-0.0066555,51.551206],[-0.0059811,51.5507461],[-0.0054445,51.5504373],[-0.0049188,51.5501677],[-0.004319,51.5499317],[-0.0029299,51.5494402],[-0.0020827,51.5491095],[-0.0015468,51.5488514],[-0.0009317,51.5485412],[-0.000439,51.548198],[-0.0000813,51.5478922],[0.0002106,51.5475829],[0.0005316,51.5471485],[0.0007486,51.5467732],[0.0008921,51.5464146],[0.0009917,51.5460751],[0.001026,51.5457792],[0.0010296,51.5454201],[0.0009268,51.5451133],[0.0006707,51.5447354],[0.0003879,51.5443962],[0.0000496,51.5440903],[-0.000262,51.5438559],[-0.0004514,51.543707],[-0.0006232,51.5435897],[-0.0009431,51.5433472],[-0.0015157,51.5429315],[-0.0019534,51.5426283],[-0.0021705,51.5424763],[-0.0023917,51.5423254],[-0.0027127,51.5420994],[-0.0028307,51.5420165],[-0.0036065,51.5414704],[-0.0037561,51.5413676],[-0.0039011,51.5412626],[-0.004052,51.5411529],[-0.0042757,51.5409798],[-0.0044812,51.540822],[-0.0046177,51.540715],[-0.0047724,51.5405949],[-0.0049118,51.5404888],[-0.0051007,51.5403498],[-0.0053184,51.5401965],[-0.0062728,51.5395549],[-0.007147,51.5387474],[-0.0087029,51.5372052],[-0.0114465,51.5355895],[-0.0120531,51.5352549],[-0.0148648,51.533704],[-0.0165789,51.5327131],[-0.0171621,51.5323176],[-0.0180857,51.5316914],[-0.0217992,51.5288102],[-0.0232058,51.5281192],[-0.0246765,51.5273737],[-0.0254063,51.5271195],[-0.0265765,51.526757],[-0.0279743,51.5263796],[-0.0324542,51.5254409],[-0.033369,51.5252369],[-0.0343865,51.5250009],[-0.0352695,51.5248137],[-0.0373538,51.5240171],[-0.038101,51.5238321],[-0.0386572,51.5237656],[-0.0391448,51.5237547],[-0.0406016,51.5237708],[-0.0410094,51.5237888],[-0.0420885,51.5238363],[-0.0426666,51.5238732],[-0.0434268,51.5239251],[-0.044135,51.5239839],[-0.0447811,51.5240395],[-0.0454854,51.5241446],[-0.0462087,51.5243024],[-0.0468061,51.5245301],[-0.0476273,51.5249009],[-0.049847,51.5261308],[-0.0509718,51.5265764],[-0.0519939,51.5268884],[-0.0523353,51.5269653],[-0.0527519,51.5270347],[-0.0535671,51.5270959],[-0.0544557,51.5271395],[-0.0553435,51.5271831],[-0.0568366,51.5272338],[-0.0576133,51.5271785],[-0.0580886,51.5271332],[-0.0664179,51.526209],[-0.0679138,51.5259672],[-0.0690157,51.5257682],[-0.0698155,51.5255843],[-0.0703855,51.5253831],[-0.0708626,51.5251909],[-0.0718451,51.5247345],[-0.0754595,51.5230903],[-0.0760624,51.5227635],[-0.0767972,51.5222982],[-0.0775474,51.5217938],[-0.0817144,51.5187664],[-0.0818681,51.5186419],[-0.0820041,51.5185186],[-0.0821607,51.5183579],[-0.0824665,51.5180439],[-0.0825668,51.5179588],[-0.0827158,51.517837],[-0.082919,51.5176371],[-0.0830069,51.5175218],[-0.0830802,51.5173976],[-0.0832941,51.5168738],[-0.0834633,51.516435],[-0.0836017,51.5161886],[-0.0837307,51.5160175],[-0.084196,51.5155241],[-0.0842207,51.515498],[-0.0843832,51.5153256],[-0.0845113,51.5152061],[-0.0846916,51.5150701],[-0.0849062,51.5149509],[-0.085035,51.5148918],[-0.085212,51.5148296],[-0.0853321,51.514784],[-0.0854051,51.5147367],[-0.0855258,51.5146588],[-0.0861349,51.5141267],[-0.0862829,51.5140494],[-0.0865068,51.5139843],[-0.0878184,51.5137319],[-0.0879402,51.5137033],[-0.0880791,51.5136664],[-0.0881609,51.5136396],[-0.0881984,51.5136258],[-0.0882366,51.5136093],[-0.0882661,51.5135952],[-0.088318,51.5135657],[-0.0884658,51.5134608],[-0.0884947,51.5134419],[-0.0885313,51.5134185],[-0.0885592,51.5134014],[-0.0885902,51.5133849],[-0.0886311,51.513364],[-0.0886727,51.5133442],[-0.088704,51.5133301],[-0.0887428,51.5133149],[-0.0887813,51.5133011],[-0.0888177,51.5132891],[-0.0888526,51.5132787],[-0.0888959,51.513267],[-0.0889454,51.5132557],[-0.0890039,51.5132453],[-0.0890506,51.5132387],[-0.0890902,51.5132343],[-0.0891208,51.5132315],[-0.089151,51.5132293],[-0.0892009,51.5132272],[-0.0892559,51.5132261],[-0.0892914,51.5132264],[-0.08933,51.5132277],[-0.0893799,51.5132306],[-0.089414,51.5132332],[-0.0894659,51.5132378],[-0.0895211,51.5132439],[-0.0895488,51.513247],[-0.0895775,51.5132505],[-0.0896261,51.5132571],[-0.0896538,51.5132612],[-0.0896844,51.513266],[-0.0897218,51.5132722],[-0.0897564,51.5132785],[-0.0897961,51.5132864],[-0.089963,51.5133321],[-0.0903335,51.5134283],[-0.0918266,51.5137173],[-0.0934651,51.514002],[-0.0953238,51.5142941],[-0.0956432,51.5143627],[-0.0959233,51.5144238],[-0.0963522,51.5145224],[-0.0976983,51.5150108],[-0.0983057,51.5152303],[-0.0983719,51.5152497],[-0.0991571,51.5154842],[-0.0999325,51.5157157],[-0.1017732,51.5161902],[-0.1020518,51.5162787],[-0.1030763,51.5166219],[-0.1051558,51.5173149],[-0.1056791,51.5174574],[-0.1065415,51.5175994],[-0.1098743,51.5179651],[-0.1102603,51.5180211],[-0.1107621,51.5181007],[-0.1112664,51.5181697],[-0.1117089,51.5182138],[-0.112146,51.5182445],[-0.1135547,51.5182724],[-0.1139742,51.518255],[-0.1143379,51.5182256],[-0.1146694,51.5181928],[-0.1162871,51.517979],[-0.1179083,51.5177992],[-0.1183754,51.517752],[-0.1193216,51.5176447],[-0.1201847,51.5175468],[-0.1209828,51.5174713],[-0.1215656,51.5174079],[-0.1222488,51.5173288],[-0.1241127,51.5171581],[-0.1245946,51.5171212],[-0.1252455,51.5170703],[-0.1258624,51.5170038],[-0.1261504,51.5169728],[-0.1264042,51.5169454],[-0.1278768,51.5167235],[-0.1289919,51.5165483],[-0.1299375,51.5163842],[-0.131045,51.5162723],[-0.1327997,51.5161338],[-0.1328803,51.5161252],[-0.1343306,51.5160236],[-0.1379109,51.5156639],[-0.1396658,51.5154888],[-0.1402341,51.5154251],[-0.1407785,51.5153611],[-0.1413645,51.5152942],[-0.1422192,51.5152213],[-0.1459202,51.5147706],[-0.1498819,51.5142531],[-0.1537469,51.5138425],[-0.156062,51.5136251],[-0.1581495,51.5133982],[-0.1586609,51.5133423],[-0.1591702,51.5132854],[-0.1626344,51.5129455],[-0.1648713,51.5127306],[-0.1724153,51.5119697],[-0.1750689,51.5116952],[-0.1807132,51.5108362],[-0.1820503,51.5106401],[-0.1827255,51.510556],[-0.1836028,51.510485],[-0.1845769,51.5104266],[-0.1861734,51.5102957],[-0.1872283,51.5101973],[-0.1883114,51.5101395],[-0.18939,51.5100732],[-0.1909073,51.5099864],[-0.1913603,51.5099514],[-0.1918041,51.5099051],[-0.1922602,51.5098309],[-0.1927714,51.5097309],[-0.1943758,51.5094474],[-0.1954168,51.5092846],[-0.1959488,51.5091709],[-0.1960983,51.5091333],[-0.1961749,51.5091138],[-0.1962866,51.5090862],[-0.196381,51.50906],[-0.1965091,51.5090217],[-0.1966542,51.5089765],[-0.196849,51.5089146],[-0.1970352,51.5088493],[-0.1971487,51.5088162],[-0.1972697,51.5087823],[-0.1973573,51.5087588],[-0.1974763,51.508728],[-0.1975766,51.5087054],[-0.1976528,51.5086881],[-0.1979842,51.5086159],[-0.1983374,51.5085617],[-0.1992944,51.5085058],[-0.2005454,51.5084358],[-0.2012355,51.5083761],[-0.2020168,51.5082268],[-0.2041236,51.5075519],[-0.2044528,51.5074347],[-0.2047134,51.5073506],[-0.2049412,51.5072812],[-0.2050173,51.507258],[-0.2052475,51.5071921],[-0.2054505,51.5071336],[-0.20552,51.5071135],[-0.2056449,51.507078],[-0.2057039,51.5070613],[-0.2057979,51.5070334],[-0.2059619,51.506985],[-0.2061104,51.5069408],[-0.2066079,51.5068043],[-0.2091134,51.5062345],[-0.2168437,51.5045616],[-0.2172782,51.5044537],[-0.217498,51.5044046],[-0.2177295,51.5043663],[-0.2179626,51.5043369],[-0.2181984,51.5043151],[-0.2184352,51.5042996],[-0.2186695,51.5042876],[-0.21891,51.5042876],[-0.2190901,51.504303],[-0.2192531,51.5043224],[-0.2194534,51.5043479],[-0.2207569,51.5045085],[-0.2209656,51.5045411],[-0.2211594,51.5045754],[-0.2213175,51.5046052],[-0.2214518,51.5046412],[-0.2215625,51.5046935],[-0.2216446,51.5047547],[-0.2217042,51.5048264],[-0.2217193,51.504904],[-0.2217228,51.5050031],[-0.2217173,51.5050714],[-0.2217073,51.5057892],[-0.2217021,51.5061648],[-0.2216961,51.5063259],[-0.2216482,51.5066039],[-0.2215643,51.5071331],[-0.2215742,51.5073669],[-0.2215986,51.5076177],[-0.2216736,51.5078777],[-0.2217574,51.5080842],[-0.2220063,51.5085104],[-0.2222544,51.508812],[-0.2226195,51.50911],[-0.2229936,51.5093673],[-0.2239132,51.5099995],[-0.2240322,51.5101237],[-0.2241108,51.510259],[-0.2241765,51.5104546],[-0.2241826,51.5105386],[-0.2241749,51.5105935],[-0.224171,51.5107742],[-0.2241724,51.5108609],[-0.2241588,51.5110192],[-0.2240732,51.5113749],[-0.2240422,51.5116526],[-0.2240487,51.5119444]]}},{"type":"Feature","id":"relation/7667069-0","properties":{"featureId":"relation/7667069-0","lineId":"central","lineName":"Central line","hasData":false,"valueDb":null},"geometry":{"type":"LineString","coordinates":[[-0.2985599,51.5150377],[-0.2987404,51.51504],[-0.2997233,51.5150486],[-0.3000928,51.5150507],[-0.3006517,51.5150469],[-0.3010518,51.5150298],[-0.2985599,51.5150377],[-0.2967041,51.5150789],[-0.2965288,51.5150851],[-0.2958487,51.5151015],[-0.295073,51.515117],[-0.2942482,51.5151255],[-0.2921469,51.5151176],[-0.2917521,51.5151066],[-0.2898494,51.5150727],[-0.2877241,51.5150696],[-0.2871032,51.5150939],[-0.2864232,51.5151608],[-0.2858799,51.5152538],[-0.2853452,51.5153816],[-0.2847992,51.5155562],[-0.2842646,51.5157763],[-0.2836552,51.5160968],[-0.2831005,51.5164636],[-0.2825258,51.5168689],[-0.2813564,51.5176976],[-0.2800132,51.5186534],[-0.2795184,51.5190072],[-0.2752887,51.5220495],[-0.2727007,51.5239009],[-0.2721892,51.5242276],[-0.2716419,51.5245151],[-0.2711445,51.5247183],[-0.2706177,51.5248925],[-0.2699684,51.5250545],[-0.2696124,51.5251201],[-0.2692844,51.5251686],[-0.2689877,51.5251979],[-0.2687112,51.5252158],[-0.2684998,51.5252262],[-0.2683355,51.5252308],[-0.2681435,51.5252317],[-0.267866,51.5252284],[-0.2675936,51.525216],[-0.2674366,51.525206],[-0.267295,51.5251921],[-0.2670732,51.5251666],[-0.2668275,51.5251368],[-0.2663816,51.5250632],[-0.2662195,51.5250296],[-0.2659852,51.5249785],[-0.2653562,51.5248414],[-0.2617373,51.5241095],[-0.260816,51.5239164],[-0.2599555,51.5237233],[-0.259194,51.5235534],[-0.2586135,51.5234235],[-0.2579811,51.5232771],[-0.2574773,51.5231487],[-0.2564639,51.5229288],[-0.2554829,51.5227343],[-0.2548183,51.5225577],[-0.2544972,51.522459],[-0.2536529,51.5221369],[-0.2531187,51.5219054],[-0.2527995,51.5217168],[-0.2524777,51.5215065],[-0.252239,51.5213438],[-0.2517881,51.5209863],[-0.2506571,51.5198281],[-0.2505083,51.5196732],[-0.2492868,51.5184948],[-0.2481132,51.5173528],[-0.2479052,51.5171623],[-0.2477016,51.5169886],[-0.2473279,51.5167151],[-0.2472836,51.5166832],[-0.2471196,51.5165731],[-0.2465182,51.5162541],[-0.2460237,51.5160222],[-0.2457261,51.5159091],[-0.2453705,51.5157797],[-0.2450945,51.5156928],[-0.2445897,51.5155604],[-0.2439286,51.5154368],[-0.2431974,51.5153289],[-0.2429606,51.5153067],[-0.2426897,51.5152933],[-0.2421703,51.5152795],[-0.2418205,51.5152915],[-0.2410178,51.5153304],[-0.2405945,51.5153638],[-0.2398441,51.5154233],[-0.2383973,51.5155558],[-0.2377791,51.5156134],[-0.2367362,51.5157018],[-0.2361707,51.5157509],[-0.2358787,51.5157693],[-0.2356284,51.5157748],[-0.2349875,51.515785],[-0.2346825,51.5157953],[-0.2344744,51.5158052],[-0.2342131,51.5158293],[-0.2339043,51.5158739],[-0.2333328,51.51596],[-0.2329219,51.5160191],[-0.2325436,51.5160579],[-0.2320723,51.5160923],[-0.2317101,51.5161109],[-0.231318,51.5161177],[-0.2308782,51.5161122],[-0.2302809,51.5160872],[-0.2297889,51.5160467],[-0.2291754,51.5159771],[-0.2286538,51.5158962],[-0.228315,51.5158399],[-0.2279737,51.515778],[-0.2276212,51.5156945],[-0.2272225,51.515594],[-0.2266548,51.5154314],[-0.226291,51.5152887],[-0.2260999,51.5152274],[-0.2259304,51.51516],[-0.225745,51.5150724],[-0.2255375,51.5149822],[-0.2252062,51.5147346],[-0.2251094,51.5146245],[-0.2250412,51.5145196],[-0.2249788,51.5144011],[-0.2246972,51.5136993],[-0.2245179,51.5132313],[-0.2244339,51.5129949],[-0.2243896,51.5127724],[-0.224368,51.5124567],[-0.2243761,51.5121257],[-0.224384,51.5119461],[-0.2243816,51.5117729],[-0.2243694,51.511154],[-0.2243574,51.510859],[-0.2243533,51.5106788],[-0.2243638,51.5105393],[-0.2243646,51.5104503],[-0.2243611,51.5103979],[-0.2243623,51.5102449],[-0.2243601,51.5101962],[-0.2243607,51.510152],[-0.2243546,51.5098265],[-0.2243536,51.5097789],[-0.2244286,51.5063051],[-0.2243355,51.5059616],[-0.2241649,51.5056752],[-0.2239102,51.505407],[-0.2236305,51.5051963],[-0.2232926,51.505014],[-0.2230719,51.5049391],[-0.2228371,51.5048818],[-0.2212821,51.5046532],[-0.2210392,51.5046199],[-0.2200915,51.5044851],[-0.220003,51.5044739],[-0.2199011,51.5044678],[-0.2194031,51.5044104],[-0.2191669,51.5043902],[-0.2189362,51.5043801],[-0.2186952,51.5043846],[-0.2184666,51.5043956],[-0.2182378,51.5044115],[-0.2180964,51.5044255],[-0.2180042,51.5044346],[-0.2177739,51.5044651],[-0.2168851,51.5046061],[-0.2127896,51.5054928],[-0.209138,51.5062901],[-0.2067942,51.5068782],[-0.206608,51.5069336],[-0.2060487,51.5070993],[-0.2060181,51.5071084],[-0.2058848,51.5071487],[-0.2057886,51.5071778],[-0.2057343,51.5071935],[-0.2056444,51.5072194],[-0.2055399,51.5072495],[-0.2054245,51.5072828],[-0.2053368,51.5073081],[-0.2051951,51.5073491],[-0.2050314,51.5073975],[-0.2049964,51.5074079],[-0.2041725,51.5076498],[-0.2020246,51.5082797],[-0.2012088,51.5084483],[-0.2005926,51.508484],[-0.1993379,51.5085279],[-0.1983807,51.5085873],[-0.1981748,51.5086281],[-0.198041,51.508652],[-0.1979221,51.508675],[-0.1977735,51.5087065],[-0.197586,51.5087499],[-0.1974003,51.5087972],[-0.1972413,51.5088416],[-0.1970496,51.5088988],[-0.1969446,51.5089337],[-0.1966454,51.5090346],[-0.1964514,51.5090944],[-0.1960617,51.5091865],[-0.1957442,51.509265],[-0.1954381,51.50933],[-0.1944374,51.5094934],[-0.1928388,51.5097999],[-0.1923263,51.5098969],[-0.1918505,51.5099767],[-0.1913878,51.5100218],[-0.1909204,51.5100554],[-0.1894032,51.510156],[-0.1883414,51.5102128],[-0.1872612,51.5102982],[-0.1862178,51.5103736],[-0.1851883,51.5104661],[-0.1836099,51.5105634],[-0.1827631,51.5106225],[-0.1820723,51.5107047],[-0.1807526,51.5109047],[-0.1758979,51.5116893],[-0.1751089,51.511798],[-0.1744145,51.5118857],[-0.1648508,51.5127931],[-0.1635054,51.5129515],[-0.1599518,51.5133203],[-0.1591481,51.5134186],[-0.1583892,51.5135178],[-0.1577907,51.5135817],[-0.1562186,51.5137674],[-0.1538986,51.5139416],[-0.1500336,51.5143522],[-0.1491082,51.514454],[-0.1460719,51.5148697],[-0.1408111,51.5154617],[-0.1402345,51.5155284],[-0.1395854,51.5155892],[-0.1379139,51.5157211],[-0.1367663,51.5158517],[-0.1363749,51.5159138],[-0.13455,51.5161423],[-0.1326089,51.5162614],[-0.1309793,51.5163847],[-0.1309205,51.5163919],[-0.129849,51.5165065],[-0.1290331,51.5166419],[-0.1279161,51.516821],[-0.1264186,51.5170063],[-0.1252581,51.5171424],[-0.1246073,51.5172042],[-0.1241424,51.5172443],[-0.1227724,51.5173589],[-0.1222742,51.5174016],[-0.1212144,51.5175018],[-0.1202096,51.5175976],[-0.119335,51.5176949],[-0.1183896,51.5178001],[-0.1179229,51.517846],[-0.1162868,51.5180282],[-0.1146824,51.5182254],[-0.1143547,51.5182568],[-0.1139788,51.518285],[-0.1135563,51.5182965],[-0.1121528,51.5182701],[-0.1117052,51.5182471],[-0.1112699,51.5182126],[-0.1102957,51.5181073],[-0.1065442,51.5176699],[-0.1056818,51.5175168],[-0.1051585,51.5173743],[-0.1020266,51.5163247],[-0.1017351,51.5162319],[-0.0998887,51.5157745],[-0.0993861,51.5156232],[-0.0991304,51.5155459],[-0.0986361,51.5153986],[-0.0981471,51.515255],[-0.096318,51.5145608],[-0.0959093,51.514454],[-0.0953155,51.5143426],[-0.0934612,51.5140505],[-0.0918403,51.5137644],[-0.0906968,51.5135691],[-0.0905065,51.5135292],[-0.0903168,51.513484],[-0.0899426,51.513401],[-0.0897675,51.5133644],[-0.0897288,51.5133596],[-0.0896855,51.5133551],[-0.0896407,51.5133514],[-0.0896049,51.5133492],[-0.0895613,51.5133479],[-0.089507,51.5133479],[-0.089453,51.5133498],[-0.089405,51.5133522],[-0.0893689,51.513355],[-0.0893214,51.5133598],[-0.0892768,51.5133652],[-0.0892264,51.5133731],[-0.0891729,51.5133829],[-0.0890928,51.5134021],[-0.0890314,51.5134183],[-0.0884532,51.5135923],[-0.0879804,51.5137313],[-0.0878429,51.5137675],[-0.0865177,51.5140532],[-0.0863616,51.5141041],[-0.0861943,51.5141729],[-0.0855875,51.5147061],[-0.085448,51.514796],[-0.0853075,51.5148573],[-0.0851449,51.5149115],[-0.0849597,51.5149876],[-0.0847602,51.5151022],[-0.0845563,51.5152455],[-0.0844386,51.5153465],[-0.0842592,51.5155065],[-0.0842308,51.5155352],[-0.0838276,51.5160212],[-0.0836788,51.5162131],[-0.0835422,51.5164613],[-0.0833782,51.5168889],[-0.0830984,51.5175518],[-0.0830271,51.5176643],[-0.0829514,51.5177483],[-0.082806,51.5179223],[-0.0825803,51.5181725],[-0.0823181,51.5184395],[-0.0822959,51.5184621],[-0.0820741,51.5186693],[-0.0818524,51.5188379],[-0.0787646,51.5211088],[-0.0777279,51.5218712],[-0.0769249,51.5223663],[-0.0761866,51.5228322],[-0.0755819,51.5231808],[-0.0719266,51.5248124],[-0.0709441,51.5252803],[-0.0704752,51.5254753],[-0.0698913,51.5256763],[-0.0690731,51.525864],[-0.0679381,51.5260661],[-0.0664355,51.5262827],[-0.0579457,51.5272401],[-0.0571696,51.5273465],[-0.0568367,51.5273816],[-0.0563375,51.5274006],[-0.0559609,51.5273941],[-0.0553816,51.5273718],[-0.0544895,51.527328],[-0.0536005,51.5272844],[-0.0527019,51.5272332],[-0.0519664,51.5271276],[-0.0508555,51.5267743],[-0.049824,51.5263047],[-0.0475162,51.5249723],[-0.0467267,51.5246088],[-0.0461343,51.5243987],[-0.0454628,51.5242417],[-0.044725,51.524138],[-0.0441255,51.5240845],[-0.043435,51.524023],[-0.042103,51.5239567],[-0.0406266,51.5239398],[-0.0392571,51.5239967],[-0.0387437,51.5240529],[-0.0382518,51.5241334],[-0.0378381,51.524222],[-0.0372098,51.5243797],[-0.0355682,51.5249331],[-0.0344893,51.5252219],[-0.0335219,51.5254588],[-0.0320493,51.5257837],[-0.0281585,51.5266433],[-0.0261805,51.5271851],[-0.0250478,51.5275865],[-0.0233805,51.5282873],[-0.0219924,51.5289802],[-0.0182192,51.5317719],[-0.0167155,51.532792],[-0.015015,51.5338041],[-0.0143694,51.5341631],[-0.0116293,51.5356867],[-0.0111755,51.535964],[-0.0093138,51.5370958],[-0.0076256,51.538539],[-0.0073113,51.5388232],[-0.0069306,51.5391868],[-0.0054601,51.5402954],[-0.0046985,51.540876],[-0.0042174,51.5412441],[-0.0037262,51.5415826],[-0.0029603,51.5420789],[-0.0028352,51.5421595],[-0.0025139,51.5423673],[-0.0017776,51.542871],[-0.0013824,51.5431486],[-0.0006836,51.5436581],[-0.000369,51.5438925],[-0.0000586,51.5441455],[0.0002495,51.5444453],[0.0005434,51.5447718],[0.0007671,51.5451339],[0.0008571,51.5454095],[0.000873,51.5457775],[0.0008286,51.5460716],[0.0007336,51.5463874],[0.0005869,51.5467401],[0.0003831,51.5471021],[0.0000543,51.5475376],[-0.0002141,51.5478488],[-0.0005629,51.548152],[-0.0010464,51.5484733],[-0.0016415,51.548779],[-0.0021744,51.549037],[-0.0029947,51.5493609],[-0.0043802,51.5498503],[-0.0049962,51.5501095],[-0.0055185,51.5503907],[-0.0060406,51.5507043],[-0.0067122,51.5511586],[-0.0070567,51.5515001],[-0.0072406,51.5517237],[-0.0074349,51.5520271],[-0.0075477,51.5521933],[-0.0076504,51.5523554],[-0.0077552,51.5525842],[-0.007838,51.5527981],[-0.007897,51.5529701],[-0.0079353,51.5531471],[-0.0079561,51.5533238],[-0.0079613,51.5535259],[-0.0079471,51.5537817],[-0.0078966,51.5540392],[-0.007838,51.5542441],[-0.0077618,51.5544469],[-0.0076792,51.5546249],[-0.0075453,51.5548455],[-0.0073211,51.5551284],[-0.0071475,51.5553175],[-0.0069606,51.5555006],[-0.0066488,51.5557879],[-0.0063261,51.5560568],[-0.0059969,51.5562856],[-0.0054953,51.5566085],[-0.0042132,51.5574277],[0.0006971,51.5605606],[0.0017582,51.5612476],[0.003901,51.562966],[0.0046343,51.5636357],[0.0053472,51.5644468],[0.0060507,51.5653181],[0.0075527,51.5675265],[0.0079447,51.5680347],[0.0083915,51.5685848],[0.0086004,51.5688114],[0.0089103,51.569121],[0.0093919,51.5695716],[0.0099665,51.5701294],[0.0101362,51.5702837],[0.0111194,51.5710113],[0.0115199,51.5712604],[0.0118588,51.5714543],[0.0125111,51.5717149],[0.0129906,51.571814],[0.0137235,51.5719423],[0.0153503,51.5720573],[0.0165862,51.5721964],[0.018197,51.5724714],[0.0189832,51.5726367],[0.0199703,51.5729322],[0.0211483,51.5733237],[0.0286655,51.5756764],[0.0305185,51.5761129],[0.0311837,51.5762191],[0.0321507,51.5763736],[0.0340974,51.5765737],[0.0351548,51.5766506],[0.0361163,51.5766941],[0.0371315,51.576718],[0.0382414,51.5766941],[0.0394316,51.5766363],[0.0413945,51.5765251],[0.0435979,51.5764259],[0.045411,51.5763628],[0.047247,51.5763379],[0.0555933,51.5763965],[0.0599355,51.5765489],[0.0620868,51.5766375],[0.0638626,51.576655],[0.0648672,51.5766417],[0.0658707,51.5766284],[0.0667714,51.5765954],[0.0674201,51.5765395],[0.0681886,51.5764152],[0.0689899,51.5762194],[0.0696875,51.5759901],[0.0706528,51.5756518],[0.0755807,51.5732115],[0.0774219,51.5723013],[0.0775909,51.5722163],[0.0791053,51.571455],[0.080804,51.5706235],[0.0814104,51.5703856],[0.0818465,51.5702452],[0.0823244,51.5701224],[0.0827543,51.5700477],[0.0834475,51.5699373],[0.0840554,51.5698845],[0.0847747,51.5698421],[0.0854401,51.56985],[0.0859406,51.5698747],[0.0863197,51.5699145],[0.0867323,51.5699762],[0.0870802,51.5700588],[0.0873683,51.5701498],[0.0876439,51.5702592],[0.0878683,51.5703671],[0.088151,51.5705352],[0.0883377,51.5706713],[0.0884665,51.5707905],[0.0887927,51.5711305],[0.0891289,51.5717113],[0.0894214,51.5724209],[0.0896507,51.573133],[0.0897251,51.5734644],[0.0897911,51.5738613],[0.0899123,51.5745317],[0.0899598,51.575123],[0.0899485,51.5754803],[0.0899473,51.575598],[0.0898871,51.5762207],[0.0898465,51.5764352],[0.0897848,51.5766874],[0.089522,51.5776231],[0.0893252,51.5781383],[0.089069,51.5787859],[0.0888862,51.5794581],[0.0886694,51.580144],[0.0884373,51.5808824],[0.0882617,51.5816786],[0.0881959,51.5824677],[0.0881924,51.5831755],[0.0884126,51.5844021],[0.088647,51.5858142],[0.0888973,51.5873384],[0.0891641,51.589077],[0.0892744,51.5896582],[0.0894031,51.5901804],[0.0897235,51.591208],[0.090259,51.5929616],[0.0906173,51.5941563],[0.0909093,51.5952909],[0.090982,51.5955278],[0.0911132,51.5959492],[0.0916767,51.5977117],[0.0922099,51.599474],[0.0926305,51.600776],[0.0926747,51.6009226],[0.0928029,51.6013201],[0.092938,51.6017594],[0.0929773,51.6018909],[0.0931632,51.6025043],[0.0934109,51.6033077]]}},{"type":"Feature","id":"relation/7667070-0","properties":{"featureId":"relation/7667070-0","lineId":"central","lineName":"Central line","hasData":false,"valueDb":null},"geometry":{"type":"LineString","coordinates":[[-0.4370109,51.5694318],[-0.4359326,51.5690589],[-0.4356199,51.5689597],[-0.4347793,51.568689],[-0.4324954,51.5679726],[-0.4317786,51.5677426],[-0.4313435,51.5676014],[-0.4311347,51.5675347],[-0.4301761,51.5672189],[-0.4293114,51.5669354],[-0.4275861,51.5663696],[-0.4267703,51.5660943],[-0.4259683,51.5658332],[-0.4251952,51.5655495],[-0.424407,51.5652704],[-0.4211801,51.5642084],[-0.4200512,51.5638358],[-0.4189128,51.5634606],[-0.417778,51.5630898],[-0.4166466,51.5627436],[-0.4158357,51.5624991],[-0.4150178,51.5622323],[-0.4142737,51.5619872],[-0.4134375,51.5617129],[-0.4129701,51.56156],[-0.4126929,51.5614672],[-0.4120928,51.5612574],[-0.4104344,51.5606927],[-0.4095818,51.5604246],[-0.4073837,51.5597334],[-0.4071368,51.5596523],[-0.406019,51.5592643],[-0.4048907,51.5588792],[-0.4035606,51.558402],[-0.4027819,51.5581469],[-0.4018764,51.5578572],[-0.4005864,51.5574418],[-0.3983645,51.5567088],[-0.3983104,51.5566888],[-0.3980628,51.5566033],[-0.3976496,51.55645],[-0.3972286,51.5562833],[-0.3959033,51.5557372],[-0.3945829,51.5552097],[-0.3915252,51.5539897],[-0.3909396,51.5537581],[-0.3904233,51.5535601],[-0.3900173,51.5534135],[-0.3893241,51.5531888],[-0.388745,51.553024],[-0.3881799,51.5528862],[-0.3875159,51.5527478],[-0.3867124,51.5526189],[-0.3857624,51.5524862],[-0.3856653,51.5524716],[-0.3845241,51.5522762],[-0.3840545,51.5521762],[-0.3835169,51.5520512],[-0.3819982,51.551668],[-0.3796284,51.551066],[-0.3766454,51.5503078],[-0.3737206,51.5495635],[-0.3717896,51.549073],[-0.3704472,51.5487293],[-0.3703661,51.548709],[-0.3684812,51.5482314],[-0.3675595,51.5479972],[-0.3661129,51.5476335],[-0.3656933,51.5475288],[-0.3642511,51.5471644],[-0.3625788,51.5467305],[-0.3594726,51.5459366],[-0.356849,51.5452598],[-0.3561924,51.5450826],[-0.3538769,51.5444743],[-0.3531222,51.5442644],[-0.3525312,51.5440908],[-0.3522296,51.5440066],[-0.3509536,51.5436688],[-0.3493996,51.5432988],[-0.347598,51.542872],[-0.3464948,51.5426012],[-0.3462356,51.5425403],[-0.3460122,51.5424841],[-0.3458968,51.542455],[-0.3458028,51.5424313],[-0.3457662,51.5424221],[-0.3455722,51.5423733],[-0.3447915,51.5421781],[-0.3434869,51.5418472],[-0.3431005,51.5417421],[-0.3429224,51.5416906],[-0.340487,51.541006],[-0.3398582,51.5408455],[-0.339421,51.5407288],[-0.3352112,51.539622],[-0.3346219,51.5394823],[-0.3336333,51.5392796],[-0.3326543,51.5390591],[-0.3295925,51.5383204],[-0.3265467,51.5375555],[-0.3242788,51.5369744],[-0.3240287,51.5369063],[-0.3234176,51.5367531],[-0.3228789,51.536613],[-0.3225593,51.5365308],[-0.3221545,51.5364299],[-0.321634,51.5362972],[-0.3196776,51.5358046],[-0.3194329,51.5357401],[-0.3097419,51.5332773],[-0.3094146,51.5331925],[-0.3081057,51.5328544],[-0.30765,51.5327241],[-0.3074176,51.5326657],[-0.3063849,51.5324064],[-0.3052009,51.5321216],[-0.3041558,51.5319194],[-0.3030912,51.5317276],[-0.3026038,51.5316467],[-0.3015393,51.5314856],[-0.3004686,51.5313355],[-0.2985862,51.5311111],[-0.2985152,51.5311015],[-0.2983777,51.531083],[-0.2954211,51.5306593],[-0.2945731,51.5305298],[-0.2932869,51.5302977],[-0.2914366,51.5299444],[-0.2895809,51.5295669],[-0.2875548,51.5291545],[-0.2862523,51.5288816],[-0.2849259,51.5286475],[-0.2822887,51.528157],[-0.2783149,51.5273881],[-0.2717746,51.5260809],[-0.2713399,51.5259819],[-0.2708929,51.525867],[-0.2705687,51.5257728],[-0.2703592,51.5257079],[-0.2701158,51.5256321],[-0.2698195,51.5255526],[-0.2695339,51.5254836],[-0.2693055,51.5254395],[-0.2690386,51.5253978],[-0.2688528,51.5253728],[-0.2686481,51.5253496],[-0.2683371,51.5253245],[-0.2678508,51.5252888],[-0.2675677,51.5252651],[-0.2673608,51.5252419],[-0.2671905,51.5252167],[-0.2664977,51.525087],[-0.2663816,51.5250632],[-0.2662195,51.5250296],[-0.2659852,51.5249785],[-0.2653562,51.5248414],[-0.2617373,51.5241095],[-0.260816,51.5239164],[-0.2599555,51.5237233],[-0.259194,51.5235534],[-0.2586135,51.5234235],[-0.2579811,51.5232771],[-0.2574773,51.5231487],[-0.2564639,51.5229288],[-0.2554829,51.5227343],[-0.2548183,51.5225577],[-0.2544972,51.522459],[-0.2536529,51.5221369],[-0.2531187,51.5219054],[-0.2527995,51.5217168],[-0.2524777,51.5215065],[-0.252239,51.5213438],[-0.2517881,51.5209863],[-0.2506571,51.5198281],[-0.2505083,51.5196732],[-0.2492868,51.5184948],[-0.2481132,51.5173528],[-0.2479052,51.5171623],[-0.2477016,51.5169886],[-0.2473279,51.5167151],[-0.2472836,51.5166832],[-0.2471196,51.5165731],[-0.2465182,51.5162541],[-0.2460237,51.5160222],[-0.2457261,51.5159091],[-0.2453705,51.5157797],[-0.2450945,51.5156928],[-0.2445897,51.5155604],[-0.2439286,51.5154368],[-0.2431974,51.5153289],[-0.2429606,51.5153067],[-0.2426897,51.5152933],[-0.2421703,51.5152795],[-0.2418205,51.5152915],[-0.2410178,51.5153304],[-0.2405945,51.5153638],[-0.2398441,51.5154233],[-0.2383973,51.5155558],[-0.2377791,51.5156134],[-0.2367362,51.5157018],[-0.2361707,51.5157509],[-0.2358787,51.5157693],[-0.2356284,51.5157748],[-0.2349875,51.515785],[-0.2346825,51.5157953],[-0.2344744,51.5158052],[-0.2342131,51.5158293],[-0.2339043,51.5158739],[-0.2333328,51.51596],[-0.2329219,51.5160191],[-0.2325436,51.5160579],[-0.2320723,51.5160923],[-0.2317101,51.5161109],[-0.231318,51.5161177],[-0.2308782,51.5161122],[-0.2302809,51.5160872],[-0.2297889,51.5160467],[-0.2291754,51.5159771],[-0.2286538,51.5158962],[-0.228315,51.5158399],[-0.2279737,51.515778],[-0.2276212,51.5156945],[-0.2272225,51.515594],[-0.2266548,51.5154314],[-0.226291,51.5152887],[-0.2260999,51.5152274],[-0.2259304,51.51516],[-0.225745,51.5150724],[-0.2255375,51.5149822],[-0.2252062,51.5147346],[-0.2251094,51.5146245],[-0.2250412,51.5145196],[-0.2249788,51.5144011],[-0.2246972,51.5136993],[-0.2245179,51.5132313],[-0.2244339,51.5129949],[-0.2243896,51.5127724],[-0.224368,51.5124567],[-0.2243761,51.5121257],[-0.224384,51.5119461],[-0.2243816,51.5117729],[-0.2243694,51.511154],[-0.2243574,51.510859],[-0.2243533,51.5106788],[-0.2243638,51.5105393],[-0.2243646,51.5104503],[-0.2243611,51.5103979],[-0.2243623,51.5102449],[-0.2243601,51.5101962],[-0.2243607,51.510152],[-0.2243546,51.5098265],[-0.2243536,51.5097789],[-0.2244286,51.5063051],[-0.2243355,51.5059616],[-0.2241649,51.5056752],[-0.2239102,51.505407],[-0.2236305,51.5051963],[-0.2232926,51.505014],[-0.2230719,51.5049391],[-0.2228371,51.5048818],[-0.2212821,51.5046532],[-0.2210392,51.5046199],[-0.2200915,51.5044851],[-0.220003,51.5044739],[-0.2199011,51.5044678],[-0.2194031,51.5044104],[-0.2191669,51.5043902],[-0.2189362,51.5043801],[-0.2186952,51.5043846],[-0.2184666,51.5043956],[-0.2182378,51.5044115],[-0.2180964,51.5044255],[-0.2180042,51.5044346],[-0.2177739,51.5044651],[-0.2168851,51.5046061],[-0.2127896,51.5054928],[-0.209138,51.5062901],[-0.2067942,51.5068782],[-0.206608,51.5069336],[-0.2060487,51.5070993],[-0.2060181,51.5071084],[-0.2058848,51.5071487],[-0.2057886,51.5071778],[-0.2057343,51.5071935],[-0.2056444,51.5072194],[-0.2055399,51.5072495],[-0.2054245,51.5072828],[-0.2053368,51.5073081],[-0.2051951,51.5073491],[-0.2050314,51.5073975],[-0.2049964,51.5074079],[-0.2041725,51.5076498],[-0.2020246,51.5082797],[-0.2012088,51.5084483],[-0.2005926,51.508484],[-0.1993379,51.5085279],[-0.1983807,51.5085873],[-0.1981748,51.5086281],[-0.198041,51.508652],[-0.1979221,51.508675],[-0.1977735,51.5087065],[-0.197586,51.5087499],[-0.1974003,51.5087972],[-0.1972413,51.5088416],[-0.1970496,51.5088988],[-0.1969446,51.5089337],[-0.1966454,51.5090346],[-0.1964514,51.5090944],[-0.1960617,51.5091865],[-0.1957442,51.509265],[-0.1954381,51.50933],[-0.1944374,51.5094934],[-0.1928388,51.5097999],[-0.1923263,51.5098969],[-0.1918505,51.5099767],[-0.1913878,51.5100218],[-0.1909204,51.5100554],[-0.1894032,51.510156],[-0.1883414,51.5102128],[-0.1872612,51.5102982],[-0.1862178,51.5103736],[-0.1851883,51.5104661],[-0.1836099,51.5105634],[-0.1827631,51.5106225],[-0.1820723,51.5107047],[-0.1807526,51.5109047],[-0.1758979,51.5116893],[-0.1751089,51.511798],[-0.1744145,51.5118857],[-0.1648508,51.5127931],[-0.1635054,51.5129515],[-0.1599518,51.5133203],[-0.1591481,51.5134186],[-0.1583892,51.5135178],[-0.1577907,51.5135817],[-0.1562186,51.5137674],[-0.1538986,51.5139416],[-0.1500336,51.5143522],[-0.1491082,51.514454],[-0.1460719,51.5148697],[-0.1408111,51.5154617],[-0.1402345,51.5155284],[-0.1395854,51.5155892],[-0.1379139,51.5157211],[-0.1367663,51.5158517],[-0.1363749,51.5159138],[-0.13455,51.5161423],[-0.1326089,51.5162614],[-0.1309793,51.5163847],[-0.1309205,51.5163919],[-0.129849,51.5165065],[-0.1290331,51.5166419],[-0.1279161,51.516821],[-0.1264186,51.5170063],[-0.1252581,51.5171424],[-0.1246073,51.5172042],[-0.1241424,51.5172443],[-0.1227724,51.5173589],[-0.1222742,51.5174016],[-0.1212144,51.5175018],[-0.1202096,51.5175976],[-0.119335,51.5176949],[-0.1183896,51.5178001],[-0.1179229,51.517846],[-0.1162868,51.5180282],[-0.1146824,51.5182254],[-0.1143547,51.5182568],[-0.1139788,51.518285],[-0.1135563,51.5182965],[-0.1121528,51.5182701],[-0.1117052,51.5182471],[-0.1112699,51.5182126],[-0.1102957,51.5181073],[-0.1065442,51.5176699],[-0.1056818,51.5175168],[-0.1051585,51.5173743],[-0.1020266,51.5163247],[-0.1017351,51.5162319],[-0.0998887,51.5157745],[-0.0993861,51.5156232],[-0.0991304,51.5155459],[-0.0986361,51.5153986],[-0.0981471,51.515255],[-0.096318,51.5145608],[-0.0959093,51.514454],[-0.0953155,51.5143426],[-0.0934612,51.5140505],[-0.0918403,51.5137644],[-0.0906968,51.5135691],[-0.0905065,51.5135292],[-0.0903168,51.513484],[-0.0899426,51.513401],[-0.0897675,51.5133644],[-0.0897288,51.5133596],[-0.0896855,51.5133551],[-0.0896407,51.5133514],[-0.0896049,51.5133492],[-0.0895613,51.5133479],[-0.089507,51.5133479],[-0.089453,51.5133498],[-0.089405,51.5133522],[-0.0893689,51.513355],[-0.0893214,51.5133598],[-0.0892768,51.5133652],[-0.0892264,51.5133731],[-0.0891729,51.5133829],[-0.0890928,51.5134021],[-0.0890314,51.5134183],[-0.0884532,51.5135923],[-0.0879804,51.5137313],[-0.0878429,51.5137675],[-0.0865177,51.5140532],[-0.0863616,51.5141041],[-0.0861943,51.5141729],[-0.0855875,51.5147061],[-0.085448,51.514796],[-0.0853075,51.5148573],[-0.0851449,51.5149115],[-0.0849597,51.5149876],[-0.0847602,51.5151022],[-0.0845563,51.5152455],[-0.0844386,51.5153465],[-0.0842592,51.5155065],[-0.0842308,51.5155352],[-0.0838276,51.5160212],[-0.0836788,51.5162131],[-0.0835422,51.5164613],[-0.0833782,51.5168889],[-0.0830984,51.5175518],[-0.0830271,51.5176643],[-0.0829514,51.5177483],[-0.082806,51.5179223],[-0.0825803,51.5181725],[-0.0823181,51.5184395],[-0.0822959,51.5184621],[-0.0820741,51.5186693],[-0.0818524,51.5188379],[-0.0787646,51.5211088],[-0.0777279,51.5218712],[-0.0769249,51.5223663],[-0.0761866,51.5228322],[-0.0755819,51.5231808],[-0.0719266,51.5248124],[-0.0709441,51.5252803],[-0.0704752,51.5254753],[-0.0698913,51.5256763],[-0.0690731,51.525864],[-0.0679381,51.5260661],[-0.0664355,51.5262827],[-0.0579457,51.5272401],[-0.0571696,51.5273465],[-0.0568367,51.5273816],[-0.0563375,51.5274006],[-0.0559609,51.5273941],[-0.0553816,51.5273718],[-0.0544895,51.527328],[-0.0536005,51.5272844],[-0.0527019,51.5272332],[-0.0519664,51.5271276],[-0.0508555,51.5267743],[-0.049824,51.5263047],[-0.0475162,51.5249723],[-0.0467267,51.5246088],[-0.0461343,51.5243987],[-0.0454628,51.5242417],[-0.044725,51.524138],[-0.0441255,51.5240845],[-0.043435,51.524023],[-0.042103,51.5239567],[-0.0406266,51.5239398],[-0.0392571,51.5239967],[-0.0387437,51.5240529],[-0.0382518,51.5241334],[-0.0378381,51.524222],[-0.0372098,51.5243797],[-0.0355682,51.5249331],[-0.0344893,51.5252219],[-0.0335219,51.5254588],[-0.0320493,51.5257837],[-0.0281585,51.5266433],[-0.0261805,51.5271851],[-0.0250478,51.5275865],[-0.0233805,51.5282873],[-0.0219924,51.5289802],[-0.0182192,51.5317719],[-0.0167155,51.532792],[-0.015015,51.5338041],[-0.0143694,51.5341631],[-0.0116293,51.5356867],[-0.0111755,51.535964],[-0.0093138,51.5370958],[-0.0076256,51.538539],[-0.0073113,51.5388232],[-0.0069306,51.5391868],[-0.0054601,51.5402954],[-0.0046985,51.540876],[-0.0042174,51.5412441],[-0.0037262,51.5415826],[-0.0029603,51.5420789],[-0.0028352,51.5421595],[-0.0025139,51.5423673],[-0.0017776,51.542871],[-0.0013824,51.5431486],[-0.0006836,51.5436581],[-0.000369,51.5438925],[-0.0000586,51.5441455],[0.0002495,51.5444453],[0.0005434,51.5447718],[0.0007671,51.5451339],[0.0008571,51.5454095],[0.000873,51.5457775],[0.0008286,51.5460716],[0.0007336,51.5463874],[0.0005869,51.5467401],[0.0003831,51.5471021],[0.0000543,51.5475376],[-0.0002141,51.5478488],[-0.0005629,51.548152],[-0.0010464,51.5484733],[-0.0016415,51.548779],[-0.0021744,51.549037],[-0.0029947,51.5493609],[-0.0043802,51.5498503],[-0.0049962,51.5501095],[-0.0055185,51.5503907],[-0.0060406,51.5507043],[-0.0067122,51.5511586],[-0.0070567,51.5515001],[-0.0072406,51.5517237],[-0.0074349,51.5520271],[-0.0075477,51.5521933],[-0.0076504,51.5523554],[-0.0077552,51.5525842],[-0.007838,51.5527981],[-0.007897,51.5529701],[-0.0079353,51.5531471],[-0.0079561,51.5533238],[-0.0079613,51.5535259],[-0.0079471,51.5537817],[-0.0078966,51.5540392],[-0.007838,51.5542441],[-0.0077618,51.5544469],[-0.0076792,51.5546249],[-0.0075453,51.5548455],[-0.0073211,51.5551284],[-0.0071475,51.5553175],[-0.0069606,51.5555006],[-0.0066488,51.5557879],[-0.0063261,51.5560568],[-0.0059969,51.5562856],[-0.0054953,51.5566085],[-0.0042132,51.5574277],[0.0006971,51.5605606],[0.0017582,51.5612476],[0.003901,51.562966],[0.0046343,51.5636357],[0.0053472,51.5644468],[0.0060507,51.5653181],[0.0075527,51.5675265],[0.0079447,51.5680347],[0.0083915,51.5685848],[0.0086004,51.5688114],[0.0089103,51.569121],[0.0093919,51.5695716],[0.010224,51.5702578],[0.0111325,51.5709396],[0.0117126,51.5712688],[0.0122911,51.5716026],[0.0125111,51.5717149],[0.0135068,51.5722231],[0.0138932,51.5724475],[0.0153361,51.57318],[0.0157166,51.5734084],[0.0161484,51.5737242],[0.0168249,51.5744419],[0.0206044,51.5795184],[0.0215088,51.5807279],[0.0216826,51.5809708],[0.0218392,51.581193],[0.0222591,51.581815],[0.0228586,51.5828555],[0.0240081,51.5845941],[0.0240461,51.5846516],[0.0241525,51.5848203],[0.0250065,51.5861896],[0.0255063,51.5870048],[0.026066,51.5880345],[0.0266158,51.5891512],[0.0270007,51.5901555],[0.0271282,51.5905956],[0.0274406,51.5919252],[0.0279591,51.5946503],[0.0283283,51.5958325],[0.0285131,51.5963578],[0.0288049,51.5972147],[0.0296675,51.5990371],[0.0314528,51.6021608],[0.0317073,51.6026462],[0.0317873,51.6027879],[0.0321479,51.603445],[0.0324021,51.6039108],[0.0326331,51.604333],[0.0330455,51.6050772],[0.0332265,51.6054076],[0.0333703,51.6056705],[0.0339019,51.6066431],[0.0343863,51.6074582],[0.0345075,51.607651],[0.0347737,51.6080693],[0.0349189,51.6082964],[0.0357947,51.6095087],[0.038396,51.6128188],[0.0397225,51.6144635],[0.0408016,51.615811],[0.0412404,51.6163547],[0.0414141,51.6165767],[0.0418861,51.6172102],[0.0430077,51.6186294],[0.0439033,51.6198692],[0.0442889,51.6204348],[0.0445661,51.6208794],[0.0449326,51.6215538],[0.0454408,51.6224676],[0.0460529,51.6238407],[0.0465598,51.6252034],[0.0466027,51.6253275],[0.0466779,51.6255647],[0.0467946,51.6259566],[0.0469567,51.6265276],[0.04701,51.6267657],[0.0473528,51.6279257],[0.0475166,51.6283929],[0.047716,51.6289072],[0.0480021,51.6296101],[0.0482974,51.6302098],[0.0485945,51.6308458],[0.0489484,51.6314432],[0.0493153,51.6320447],[0.0499379,51.6329645],[0.0508968,51.6342213],[0.0519425,51.6356273],[0.052504,51.636553],[0.0528392,51.6372309],[0.0531574,51.6378444],[0.0532292,51.6380424],[0.0533109,51.6382866],[0.0533603,51.6384525],[0.053446,51.638775],[0.0534956,51.6389558],[0.053641,51.6394171],[0.0537136,51.6396097],[0.0538414,51.6398803],[0.0539352,51.6400839],[0.0540034,51.6402085],[0.0541041,51.6403683],[0.0542094,51.64051],[0.0543272,51.6406359],[0.0545367,51.6408388],[0.0546345,51.6409169],[0.0547777,51.6410239],[0.0549768,51.6411551],[0.0552352,51.6413004],[0.0554135,51.6413934],[0.0557477,51.6415539],[0.0559068,51.6416226],[0.05613,51.6417099],[0.0563806,51.6417896],[0.0565901,51.6418501],[0.0567678,51.6418923],[0.0570113,51.6419417],[0.0573412,51.6420006],[0.0574194,51.6420154],[0.0577272,51.6420762],[0.0578683,51.6420982],[0.0580205,51.6421194],[0.058192,51.6421394],[0.0583771,51.6421588],[0.0586023,51.6421778],[0.0587834,51.6421901],[0.0590434,51.6422023],[0.0592557,51.6422066],[0.0594984,51.642209],[0.06035,51.6421794],[0.0627458,51.6420828],[0.063895,51.6420443],[0.065176,51.6420111],[0.0663144,51.6420328],[0.0675248,51.6420689],[0.0692566,51.6421559],[0.0694967,51.6421738],[0.070794,51.6422811],[0.0726396,51.642504],[0.0741765,51.6427335],[0.0765125,51.6431716],[0.0779108,51.6434907],[0.079095,51.6437828],[0.080268,51.6441109],[0.0813931,51.6444606],[0.0822554,51.6447594],[0.0825886,51.6448886],[0.0835733,51.6452929],[0.0843578,51.645648],[0.0851168,51.6460414],[0.0856397,51.6463562],[0.0861444,51.646694],[0.0866294,51.6470006],[0.088426,51.648129],[0.0898684,51.6491769],[0.0910064,51.6501762],[0.0919938,51.6511547],[0.0935863,51.6529724],[0.0944803,51.6542834],[0.0952929,51.6557031],[0.0963331,51.6575132],[0.0971812,51.658734],[0.0987628,51.6606765],[0.099413,51.6615192],[0.0999359,51.6623528],[0.1004989,51.6634773],[0.1008381,51.6643584],[0.1010633,51.6652209],[0.1012684,51.6664034],[0.1013511,51.6669863],[0.1014766,51.6675348],[0.1017367,51.6683557],[0.101911,51.6687453],[0.1024868,51.669932],[0.1028623,51.6708047],[0.102873,51.6708284],[0.1028833,51.6708533],[0.1029618,51.6710263],[0.1029868,51.671084],[0.10301,51.6711374],[0.1030662,51.6712605],[0.103077,51.6712862],[0.103089,51.6713117],[0.1031076,51.6713536],[0.1031328,51.6714102],[0.1031627,51.6714783],[0.1031945,51.6715489],[0.1032261,51.6716198],[0.1032489,51.6716712],[0.1032708,51.6717195],[0.103289,51.67176],[0.1033084,51.6718049],[0.1033117,51.6718129],[0.1033152,51.6718201],[0.1033209,51.6718347],[0.1033338,51.6718619],[0.103346,51.6718893],[0.1033581,51.6719165],[0.1033714,51.6719465],[0.1033846,51.6719762],[0.1034105,51.6720343],[0.1036017,51.6724641],[0.1036625,51.6726076],[0.1037198,51.672731],[0.1038136,51.6729169],[0.1054036,51.6765629],[0.1067782,51.679704],[0.1076489,51.6816311],[0.1093155,51.6853653],[0.1103523,51.6877061],[0.1104133,51.6878354],[0.1111275,51.6894704],[0.1113899,51.6901423],[0.1116214,51.6905976],[0.1119352,51.691136],[0.112094,51.6914146],[0.1121447,51.6914917],[0.1122732,51.6916869],[0.1127632,51.6922826],[0.112972,51.6925396],[0.1131803,51.6927845],[0.1137324,51.6934085],[0.113781,51.6934607],[0.1139223,51.6936038]]}},{"type":"Feature","id":"relation/7702937-0","properties":{"featureId":"relation/7702937-0","lineId":"northern","lineName":"Northern line","hasData":false,"valueDb":null},"geometry":{"type":"LineString","coordinates":[[-0.1948903,51.4033272],[-0.1949383,51.4023892],[-0.1948903,51.4033272],[-0.1948064,51.4039475],[-0.1947908,51.4040534],[-0.1947923,51.404155],[-0.1947731,51.4080971],[-0.194847,51.4089006],[-0.194973,51.4096439],[-0.1953423,51.4105921],[-0.1957212,51.4115428],[-0.1958373,51.4120755],[-0.1958616,51.4124845],[-0.1958234,51.4128619],[-0.1955899,51.4132528],[-0.1951473,51.4136502],[-0.1947068,51.4140303],[-0.1941162,51.4144909],[-0.1936162,51.4147813],[-0.1933283,51.4149248],[-0.1928677,51.4151372],[-0.1926019,51.4152376],[-0.1923542,51.4153226],[-0.19195,51.4154454],[-0.1916877,51.4154991],[-0.1913877,51.4155575],[-0.1905696,51.4156549],[-0.1895932,51.4157421],[-0.1881662,51.4158478],[-0.1870577,51.4159747],[-0.1844502,51.4161542],[-0.183474,51.416213],[-0.1821614,51.4162695],[-0.1820437,51.4162848],[-0.181257,51.4164651],[-0.1805763,51.4166274],[-0.180312,51.4166819],[-0.1800252,51.4167594],[-0.179656,51.4169271],[-0.1788843,51.4173365],[-0.1786244,51.4175581],[-0.1784608,51.4177004],[-0.1783308,51.4178376],[-0.1780571,51.4181425],[-0.1778094,51.4184245],[-0.177671,51.4185691],[-0.1766783,51.4196056],[-0.1758522,51.4204713],[-0.1748698,51.4216015],[-0.17421,51.4222663],[-0.1736261,51.4228225],[-0.1733715,51.4230346],[-0.1728216,51.4234032],[-0.1711637,51.4247402],[-0.1707886,51.4250591],[-0.1705752,51.4252681],[-0.1700334,51.4258992],[-0.1696404,51.4264384],[-0.1693501,51.4267952],[-0.1689021,51.4272305],[-0.1687207,51.4274094],[-0.1683348,51.4278007],[-0.168116,51.4280174],[-0.1678506,51.4282803],[-0.1667103,51.429309],[-0.1648741,51.4311089],[-0.1641133,51.4319057],[-0.1639997,51.4320921],[-0.1638259,51.4325588],[-0.163668,51.4328858],[-0.1634983,51.4331298],[-0.1628331,51.4338029],[-0.1622379,51.4342828],[-0.1615896,51.4347251],[-0.1612817,51.434908],[-0.1605412,51.4352905],[-0.1597279,51.4356533],[-0.1593455,51.4358287],[-0.159069,51.4359799],[-0.1583958,51.4364074],[-0.1572948,51.4373159],[-0.1567395,51.4378887],[-0.1560187,51.4392919],[-0.1552579,51.4405025],[-0.153208,51.4430921],[-0.1530038,51.443328],[-0.1528869,51.4434642],[-0.1525898,51.4438246],[-0.1520684,51.4443835],[-0.1513567,51.4451882],[-0.1504217,51.4457539],[-0.1500619,51.4459856],[-0.1496692,51.4463177],[-0.1492888,51.4469089],[-0.1488235,51.4476052],[-0.1481223,51.4487849],[-0.1480183,51.4502397],[-0.1479424,51.4508135],[-0.1479005,51.4511304],[-0.1478846,51.4521304],[-0.1477741,51.452523],[-0.1476376,51.4527761],[-0.1474632,51.4530268],[-0.1473741,51.4531375],[-0.1472662,51.4532727],[-0.1461594,51.4544277],[-0.145044,51.4556254],[-0.1444366,51.4562804],[-0.1436148,51.4571666],[-0.1433326,51.4574899],[-0.142589,51.4583582],[-0.1422229,51.4587779],[-0.1415587,51.4595394],[-0.1394243,51.4609608],[-0.13834,51.4615558],[-0.138042,51.461757],[-0.1378437,51.4618954],[-0.1376593,51.4619873],[-0.1374987,51.462044],[-0.1370773,51.462173],[-0.1370442,51.4621831],[-0.1365286,51.4623392],[-0.1348002,51.4629043],[-0.1328119,51.4636377],[-0.1308527,51.4645065],[-0.1304639,51.4647289],[-0.1301018,51.464989],[-0.1299391,51.4651343],[-0.1292202,51.4659435],[-0.1282006,51.4674349],[-0.1277488,51.4680087],[-0.1266148,51.4689677],[-0.1262923,51.4691915],[-0.1252693,51.4698928],[-0.1247669,51.4702748],[-0.1243321,51.4706053],[-0.1226354,51.4721148],[-0.1225247,51.4722106],[-0.1211786,51.4734872],[-0.119997,51.4746053],[-0.1193778,51.4751913],[-0.1189546,51.4755919],[-0.1173121,51.4771461],[-0.1169089,51.47753],[-0.1152521,51.4791075],[-0.1144797,51.4798382],[-0.1131837,51.4810573],[-0.1130284,51.4812365],[-0.1125416,51.4817981],[-0.1122267,51.482153],[-0.1117746,51.4826622],[-0.1087134,51.4856582],[-0.1073654,51.4870023],[-0.1071102,51.4872271],[-0.1066318,51.4876932],[-0.1056501,51.4887057],[-0.1052639,51.4891335],[-0.1045075,51.4899406],[-0.1031577,51.4912847],[-0.1027231,51.4916481],[-0.1019344,51.4922305],[-0.1012656,51.4927172],[-0.1010434,51.4929824],[-0.1008995,51.4931995],[-0.1008416,51.4933216],[-0.1007545,51.4938824],[-0.1006439,51.4944787],[-0.1006278,51.4945675],[-0.1006184,51.4946463],[-0.1006167,51.4946711],[-0.1005974,51.4949545],[-0.1005647,51.4954364],[-0.1005185,51.4955941],[-0.1004246,51.4957945],[-0.1001939,51.4961134],[-0.0999364,51.4964541],[-0.0996666,51.4967719],[-0.0994,51.4971003],[-0.0979355,51.4984278],[-0.0973078,51.4989254],[-0.0968116,51.4992477],[-0.0961786,51.49961],[-0.0956931,51.4998738],[-0.0934106,51.5010885],[-0.0925979,51.5017739],[-0.0924691,51.5019325],[-0.0924155,51.5020294],[-0.0922871,51.5023084],[-0.0921231,51.5026071],[-0.0914097,51.5035187],[-0.0910721,51.503831],[-0.0907422,51.5040781],[-0.0894011,51.5050181],[-0.0885535,51.5057109],[-0.0883075,51.5059043],[-0.0881214,51.506043],[-0.087714,51.5063053],[-0.0874779,51.5064522],[-0.0871668,51.5066425],[-0.0869254,51.5069263],[-0.0867181,51.5074273],[-0.0866516,51.5078819],[-0.0866365,51.5083587],[-0.0866481,51.5085864],[-0.0867331,51.5087794],[-0.0868838,51.5090333],[-0.0870832,51.5093558],[-0.0870989,51.5094249],[-0.0870748,51.5096394],[-0.0870292,51.5097989],[-0.0868575,51.510259],[-0.0868199,51.510393],[-0.0867985,51.5105372],[-0.0867958,51.5106567],[-0.0867792,51.5108016],[-0.0867902,51.510862],[-0.0868153,51.510907],[-0.0869254,51.5110653],[-0.0872036,51.5114563],[-0.0873714,51.5116749],[-0.0876995,51.5120856],[-0.088063,51.5125407],[-0.0885199,51.5130454],[-0.089508,51.5144517],[-0.089569,51.5145109],[-0.0896667,51.5146354],[-0.0897226,51.5147169],[-0.0897258,51.5148042],[-0.089714,51.5148582],[-0.0891509,51.5163785],[-0.088781,51.5172167],[-0.0886747,51.5174251],[-0.0885888,51.5175753],[-0.0882715,51.5183194],[-0.088233,51.5185136],[-0.0882115,51.5185899],[-0.0878239,51.5193162],[-0.0876603,51.5197309],[-0.0875071,51.5200759],[-0.0870991,51.5218693],[-0.0871213,51.5222245],[-0.0874804,51.5238527],[-0.0875184,51.5241632],[-0.0875581,51.5244787],[-0.0876272,51.52532],[-0.0876725,51.5256365],[-0.0880649,51.5266866],[-0.0882994,51.5269878],[-0.0887608,51.5273266],[-0.0911889,51.5279901],[-0.0977697,51.5296713],[-0.1018847,51.5308225],[-0.1025505,51.5309626],[-0.1037139,51.5311891],[-0.1047485,51.5313868],[-0.1056545,51.5315599],[-0.1061802,51.5316491],[-0.1066898,51.5317386],[-0.1071171,51.5317952],[-0.1075033,51.5318304],[-0.1079169,51.5318417],[-0.109252,51.5318041],[-0.1136127,51.5313617],[-0.1191042,51.5309482],[-0.1223318,51.5306775],[-0.1234513,51.5305833],[-0.1239327,51.5305679],[-0.1243368,51.5305509],[-0.1250912,51.5305182],[-0.1261939,51.530485],[-0.1271316,51.5304161],[-0.1275682,51.5303768],[-0.1280654,51.5303008],[-0.1284111,51.53021],[-0.1287323,51.5300697],[-0.1291232,51.5298841],[-0.1295623,51.5295944],[-0.1302629,51.5291323],[-0.1308044,51.5288225],[-0.1313367,51.52859],[-0.131945,51.5284038],[-0.1326952,51.5281779],[-0.1331245,51.5280303],[-0.1334074,51.5279493],[-0.1336718,51.5278852],[-0.1339631,51.5278236],[-0.1343707,51.5277564],[-0.1346789,51.5277248],[-0.1350359,51.5277197],[-0.1353852,51.5277398],[-0.1357257,51.5277962],[-0.1360561,51.5279016],[-0.1365457,51.5281018],[-0.1369346,51.5282663],[-0.1370464,51.528334],[-0.1373447,51.528541],[-0.1375885,51.5287846],[-0.1378185,51.5290716],[-0.138699,51.5306469],[-0.1389544,51.5313234],[-0.1390271,51.5316064],[-0.1392046,51.5322676],[-0.1392374,51.5324916],[-0.1392449,51.5327455],[-0.13909,51.5343298],[-0.1390584,51.534611],[-0.1390546,51.5347814],[-0.1390678,51.5349254],[-0.1390988,51.5350354],[-0.139159,51.5351738],[-0.1393228,51.5353893],[-0.1395519,51.5356207],[-0.142041,51.5379164],[-0.1425372,51.5386159],[-0.1425992,51.5387658],[-0.1426438,51.5388824],[-0.1427913,51.5390945],[-0.1428751,51.5391981],[-0.1430547,51.5393867],[-0.1435517,51.5399542],[-0.1440025,51.5404808],[-0.1442932,51.5407235],[-0.1460074,51.5418545],[-0.146378,51.542066],[-0.1466974,51.5422042],[-0.1471303,51.5423757],[-0.1474026,51.5424761],[-0.147893,51.5426288],[-0.1490499,51.5428738],[-0.1509005,51.5432696],[-0.151546,51.5434303],[-0.1522702,51.543651],[-0.1532412,51.54401],[-0.1535469,51.544154],[-0.1544174,51.5447078],[-0.1552959,51.5452566],[-0.1558886,51.5456703],[-0.1564023,51.5459964],[-0.1568086,51.5461957],[-0.1573035,51.5464017],[-0.1580624,51.5466393],[-0.1584796,51.5467962],[-0.1593392,51.5471996],[-0.1600662,51.5475526],[-0.1611511,51.5482665],[-0.1622441,51.548922],[-0.1626652,51.5491956],[-0.1634521,51.5495618],[-0.1641624,51.5498779],[-0.1643095,51.549973],[-0.1643908,51.5500263],[-0.1645809,51.550156],[-0.1647045,51.5502453],[-0.1648546,51.5503578],[-0.1649744,51.550449],[-0.1651016,51.55055],[-0.165213,51.5506459],[-0.166025,51.5512978],[-0.1666235,51.5517085],[-0.1676487,51.5523628],[-0.1687866,51.5530053],[-0.169257,51.5532492],[-0.1700244,51.5536471],[-0.17189,51.5544767],[-0.1728711,51.5548194],[-0.1743168,51.5551814],[-0.1753655,51.5554279],[-0.1760184,51.5556005],[-0.176928,51.5558747],[-0.177414,51.5560136],[-0.1778273,51.5561669],[-0.1779052,51.5562019],[-0.1780051,51.5562485],[-0.1781587,51.5563256],[-0.1782494,51.5563719],[-0.1784189,51.5564675],[-0.178534,51.5565357],[-0.1786719,51.5566214],[-0.1787842,51.556694],[-0.1788681,51.556751],[-0.1789572,51.556816],[-0.1790601,51.556894],[-0.1792657,51.5571154],[-0.179458,51.5573405],[-0.1795556,51.5575053],[-0.1796899,51.5577484],[-0.1797531,51.5579536],[-0.1797586,51.5581605],[-0.179652,51.5584753],[-0.1795204,51.5587911],[-0.1794524,51.5590985],[-0.1793663,51.5601883],[-0.1793299,51.5615252],[-0.1793797,51.5623704],[-0.1794979,51.5631941],[-0.1796586,51.5639777],[-0.1798914,51.5647331],[-0.1801382,51.5653452],[-0.1814176,51.5680077],[-0.1815573,51.5682231],[-0.1817277,51.5684236],[-0.1819698,51.5686432],[-0.1824109,51.5689474],[-0.1827126,51.5691582],[-0.1831208,51.5693901],[-0.183592,51.5696275],[-0.18434,51.5699662],[-0.1850024,51.5702277],[-0.1858347,51.570506],[-0.1864841,51.570696],[-0.1872776,51.5709213],[-0.1879393,51.5711085],[-0.1882391,51.5711666],[-0.188575,51.5712121],[-0.1888965,51.5712583],[-0.1893504,51.5713359],[-0.1897892,51.5714147],[-0.1904283,51.5715292],[-0.1912996,51.5716906],[-0.1920044,51.5718204],[-0.1928508,51.571968],[-0.1933372,51.5720469],[-0.1937132,51.5721202],[-0.1940244,51.5722012],[-0.1942676,51.5722757],[-0.1945426,51.5723665],[-0.1947323,51.5724319],[-0.1949238,51.5725011],[-0.1951083,51.5725773],[-0.1954007,51.5727229],[-0.1955965,51.5728175],[-0.1957,51.572861],[-0.1959498,51.5729663],[-0.1962482,51.5730857],[-0.1965341,51.5731895],[-0.1967535,51.5732619],[-0.1970314,51.573337],[-0.197272,51.5733932],[-0.1975948,51.573457],[-0.1979093,51.5735136],[-0.1982366,51.5735607],[-0.198564,51.5735895],[-0.1988396,51.5736088],[-0.1990726,51.573614],[-0.1993677,51.5736143],[-0.1995779,51.5736097],[-0.1997454,51.5736039],[-0.1999757,51.5735888],[-0.2002672,51.5735596],[-0.2005409,51.5735274],[-0.2007845,51.5734839],[-0.201169,51.5734151],[-0.2016465,51.573318],[-0.2019383,51.5732642],[-0.2021694,51.5732243],[-0.2024422,51.5731839],[-0.2027458,51.5731431],[-0.2029904,51.5731157],[-0.203392,51.5730912],[-0.20381,51.5730818],[-0.2042213,51.5730952],[-0.2046006,51.5731123],[-0.2051693,51.5731723],[-0.2056263,51.5732513],[-0.2056601,51.5732596],[-0.2059278,51.5733256],[-0.2063092,51.573425],[-0.2066729,51.5735522],[-0.206897,51.5736374],[-0.2072429,51.5737681],[-0.2074938,51.5738789],[-0.2080047,51.5741064],[-0.2084388,51.574304],[-0.2089281,51.5745261],[-0.2094179,51.5747522],[-0.2097319,51.5748894],[-0.2101431,51.5750753],[-0.2104514,51.5752184],[-0.2109593,51.5754455],[-0.2112197,51.5755662],[-0.2115652,51.5757117],[-0.2118801,51.5758541],[-0.2123342,51.5760615],[-0.2127283,51.5762307],[-0.2130273,51.5763649],[-0.2132865,51.5764719],[-0.2135904,51.5765857],[-0.2141238,51.5768127],[-0.2146113,51.5770173],[-0.2150379,51.5772029],[-0.2153946,51.5773596],[-0.2158386,51.5775566],[-0.2158723,51.5775716],[-0.2163587,51.577772],[-0.2167038,51.577914],[-0.2169238,51.5780018],[-0.2177276,51.5783211],[-0.2179222,51.5784009],[-0.2184484,51.578625],[-0.2189314,51.5788372],[-0.2193387,51.5790313],[-0.2197839,51.5792233],[-0.2202273,51.5794348],[-0.2205385,51.5795846],[-0.2209532,51.5797792],[-0.2213727,51.580003],[-0.2217992,51.5802378],[-0.2223029,51.5805163],[-0.2227164,51.5807579],[-0.2230903,51.5809746],[-0.2235248,51.5812306],[-0.2240759,51.5815662],[-0.2244699,51.5818428],[-0.2248545,51.5821019],[-0.2252887,51.5824049],[-0.2256024,51.5826177],[-0.2257597,51.5827233],[-0.2259614,51.5828684],[-0.2261193,51.5829893],[-0.2263741,51.5831834],[-0.2267886,51.5835092],[-0.2269068,51.583607],[-0.2270022,51.583686],[-0.2275057,51.5841126],[-0.2281603,51.5845568],[-0.2298957,51.5857405],[-0.232548,51.5872001],[-0.2347708,51.5882124],[-0.2386376,51.5898032],[-0.2388652,51.589899],[-0.239359,51.5900925],[-0.2398056,51.5902478],[-0.2404877,51.5904713],[-0.2411082,51.5906678],[-0.2416273,51.5908313],[-0.2421476,51.5909948],[-0.2426366,51.5911583],[-0.2432583,51.5913691],[-0.2438752,51.5916278],[-0.2444727,51.5919001],[-0.2450763,51.5922098],[-0.2458043,51.592656],[-0.2463801,51.5930303],[-0.2469837,51.5934135],[-0.2475801,51.593802],[-0.2482042,51.5942002],[-0.2489353,51.5946993],[-0.2491665,51.5948459],[-0.249555,51.5950966],[-0.2498614,51.5952946],[-0.2503217,51.5956013],[-0.2505404,51.5957549],[-0.2510908,51.5961698],[-0.2514528,51.5964673],[-0.2518923,51.596801],[-0.2521832,51.5970387],[-0.2524874,51.5972959],[-0.2527107,51.5974819],[-0.2530814,51.5977811],[-0.2533361,51.5979791],[-0.2536343,51.5981928],[-0.2539336,51.5983945],[-0.2541884,51.598552],[-0.2545892,51.598795],[-0.2551916,51.5991114],[-0.2552809,51.5991601],[-0.2557843,51.5993896],[-0.2565473,51.5997045],[-0.2574579,51.6000726],[-0.2580047,51.6002938],[-0.2582196,51.6003778],[-0.2601886,51.6011719],[-0.2612292,51.601588],[-0.2622892,51.602027],[-0.2630739,51.6023426],[-0.2635912,51.6025593],[-0.2638674,51.6026813],[-0.2642566,51.6028649],[-0.2647797,51.6031329],[-0.2653591,51.6034591],[-0.2659458,51.6038078],[-0.2664685,51.6041557],[-0.267019,51.6045591],[-0.2675526,51.6049969],[-0.267957,51.6053583],[-0.2683711,51.6057662],[-0.2687212,51.6061403],[-0.2691993,51.6067169],[-0.2696918,51.6074081],[-0.2702266,51.6081661],[-0.2705079,51.6085897],[-0.2707819,51.609029],[-0.2710572,51.6095819],[-0.2711784,51.609903],[-0.2713442,51.6105277],[-0.2714512,51.6108747],[-0.2715479,51.6111171],[-0.2715994,51.6112292],[-0.2716919,51.6114039],[-0.27183,51.6116138],[-0.2720115,51.6118479],[-0.2721291,51.6119769],[-0.2723213,51.6121674],[-0.272573,51.6123947],[-0.2727862,51.6125489],[-0.2728865,51.6126134],[-0.273195,51.6127766],[-0.2735686,51.6129562],[-0.2738721,51.6130907],[-0.2750551,51.6136255]]}},{"type":"Feature","id":"relation/7702938-0","properties":{"featureId":"relation/7702938-0","lineId":"northern","lineName":"Northern line","hasData":false,"valueDb":null},"geometry":{"type":"LineString","coordinates":[[-0.1423914,51.4799625],[-0.1423141,51.4799973],[-0.1422006,51.4800561],[-0.1416081,51.4803279],[-0.1412106,51.4805255],[-0.1411132,51.4805693],[-0.1404689,51.4808318],[-0.1399662,51.4810029],[-0.1395649,51.4811213],[-0.139204,51.4812078],[-0.1387474,51.4812888],[-0.1382726,51.4813553],[-0.1378615,51.4813905],[-0.1372368,51.4814306],[-0.1367359,51.4814388],[-0.135727,51.4813991],[-0.1350637,51.4813231],[-0.1338417,51.4811018],[-0.1328324,51.4808966],[-0.1311348,51.4805644],[-0.130543,51.4804457],[-0.1285787,51.4800567],[-0.1283125,51.480004],[-0.1275076,51.479853],[-0.1268078,51.4797536],[-0.1264165,51.4797137],[-0.1259505,51.4796913],[-0.1251772,51.4797249],[-0.1245066,51.4798017],[-0.1241288,51.4798658],[-0.1229256,51.4800977],[-0.1218836,51.4803109],[-0.1211055,51.4804631],[-0.1196128,51.4807533],[-0.118114,51.4810492],[-0.116203,51.4814391],[-0.115616,51.4816046],[-0.1149668,51.4818596],[-0.1143241,51.4822032],[-0.113809,51.4825542],[-0.1135051,51.4828173],[-0.1130851,51.4832998],[-0.1128575,51.4836813],[-0.1124967,51.4844752],[-0.1122621,51.4848844],[-0.1121206,51.4850951],[-0.1118577,51.485364],[-0.1112792,51.4858368],[-0.1108103,51.4861153],[-0.1103376,51.4863519],[-0.1101861,51.4864093],[-0.1099105,51.4865175],[-0.1094359,51.4866664],[-0.1086723,51.4868693],[-0.1082665,51.4870026],[-0.1080736,51.487082],[-0.1078815,51.4871536],[-0.1076874,51.4872164],[-0.1075398,51.487286],[-0.1073097,51.487413],[-0.1070866,51.4875318],[-0.1068417,51.4876687],[-0.1067444,51.4877537],[-0.1064265,51.4880785],[-0.1057708,51.4887485],[-0.1056579,51.4888661],[-0.1056206,51.488905],[-0.1055447,51.4889988],[-0.1055079,51.4890443],[-0.1054472,51.4891727],[-0.1052972,51.489403],[-0.1052184,51.4896087],[-0.1051733,51.4898712],[-0.1051753,51.4901004],[-0.1052605,51.4903572],[-0.1053524,51.4906177],[-0.1054517,51.4907252],[-0.1056522,51.491009],[-0.1061327,51.4916694],[-0.1064562,51.4921404],[-0.1068951,51.4927722],[-0.1074809,51.4935865],[-0.1078298,51.4940658],[-0.1080406,51.4943656],[-0.1082056,51.4946453],[-0.108416,51.4949609],[-0.1089651,51.4956802],[-0.1095656,51.4965194],[-0.1098895,51.4969648],[-0.110008,51.4971434],[-0.1109312,51.4985498],[-0.111681,51.4995214],[-0.1117534,51.4996152],[-0.1119076,51.4999004],[-0.112116,51.5001764],[-0.1123887,51.5005269],[-0.1126544,51.5008708],[-0.1128607,51.5010988],[-0.1133096,51.5017264],[-0.1145223,51.5035244],[-0.1147799,51.5038951],[-0.115006,51.5041518],[-0.1152007,51.5043738],[-0.1154623,51.5046551],[-0.1157239,51.5049219],[-0.1158839,51.5050501],[-0.1162416,51.5053785],[-0.1166345,51.5056214],[-0.1170923,51.5058477],[-0.1174082,51.5059817],[-0.1180508,51.5062203],[-0.1185249,51.5063983],[-0.1190472,51.506567],[-0.1196735,51.5067262],[-0.1203169,51.5068794],[-0.1206399,51.5069466],[-0.1209649,51.5070038],[-0.1211646,51.5070353],[-0.1215826,51.5071034],[-0.1217064,51.5071251],[-0.1219211,51.5071745],[-0.1221357,51.5072381],[-0.1224029,51.5073256],[-0.1225508,51.5073906],[-0.1226906,51.5074574],[-0.1229333,51.5075874],[-0.1232448,51.5077585],[-0.1234084,51.5078326],[-0.1235663,51.5078884],[-0.1240778,51.5080188],[-0.1243824,51.5081166],[-0.1246049,51.5081928],[-0.1248354,51.5082951],[-0.1250146,51.5083831],[-0.1255408,51.5086659],[-0.1260127,51.5088889],[-0.1262713,51.5089935],[-0.1267081,51.5091443],[-0.127136,51.509292],[-0.1276055,51.5094715],[-0.1278486,51.5095884],[-0.1281112,51.5097636],[-0.1282866,51.5099373],[-0.1284162,51.5101485],[-0.1284626,51.5102741],[-0.1284851,51.5103807],[-0.1284835,51.5108256],[-0.1284718,51.5115062],[-0.1284842,51.5116581],[-0.1285118,51.5118987],[-0.1285274,51.5119869],[-0.1285331,51.5120137],[-0.1285625,51.5121199],[-0.1286053,51.5122221],[-0.128653,51.5123143],[-0.1288023,51.5125841],[-0.1291296,51.5131345],[-0.1291909,51.5132419],[-0.12938,51.5135933],[-0.1294773,51.5138276],[-0.1299979,51.515153],[-0.1302009,51.5155774],[-0.1303793,51.5160063],[-0.1303988,51.5160538],[-0.1307839,51.5169443],[-0.1309526,51.5171398],[-0.1324922,51.5187324],[-0.1343582,51.520515],[-0.1366273,51.5228698],[-0.1373356,51.5236732],[-0.1380159,51.5245174],[-0.138304,51.5250264],[-0.1384299,51.5253418],[-0.138513,51.5257874],[-0.1384925,51.5260638],[-0.1384237,51.526255],[-0.1383245,51.5263982],[-0.1381804,51.5265107],[-0.1380141,51.526604],[-0.1378183,51.5266832],[-0.1374833,51.5267976],[-0.1352413,51.5276987],[-0.1348313,51.5279423],[-0.1346152,51.5281114],[-0.1344617,51.5282527],[-0.1342045,51.5285152],[-0.1340017,51.5288297],[-0.1338665,51.5291214],[-0.1337992,51.5295171],[-0.1338223,51.529729],[-0.1339146,51.5299207],[-0.1341352,51.5302295],[-0.1343383,51.5304611],[-0.1371762,51.5330935],[-0.1385393,51.5343579],[-0.13881,51.5346716],[-0.1393283,51.5353716],[-0.1393228,51.5353893],[-0.1395519,51.5356207],[-0.142041,51.5379164],[-0.1425372,51.5386159],[-0.1425992,51.5387658],[-0.1426438,51.5388824],[-0.1427913,51.5390945],[-0.1428751,51.5391981],[-0.1430547,51.5393867],[-0.1435517,51.5399542],[-0.1440025,51.5404808],[-0.1442932,51.5407235],[-0.1460074,51.5418545],[-0.146378,51.542066],[-0.1466974,51.5422042],[-0.1471303,51.5423757],[-0.1474026,51.5424761],[-0.147893,51.5426288],[-0.1490499,51.5428738],[-0.1509005,51.5432696],[-0.151546,51.5434303],[-0.1522702,51.543651],[-0.1532412,51.54401],[-0.1535469,51.544154],[-0.1544174,51.5447078],[-0.1552959,51.5452566],[-0.1558886,51.5456703],[-0.1564023,51.5459964],[-0.1568086,51.5461957],[-0.1573035,51.5464017],[-0.1580624,51.5466393],[-0.1584796,51.5467962],[-0.1593392,51.5471996],[-0.1600662,51.5475526],[-0.1611511,51.5482665],[-0.1622441,51.548922],[-0.1626652,51.5491956],[-0.1634521,51.5495618],[-0.1641624,51.5498779],[-0.1643095,51.549973],[-0.1643908,51.5500263],[-0.1645809,51.550156],[-0.1647045,51.5502453],[-0.1648546,51.5503578],[-0.1649744,51.550449],[-0.1651016,51.55055],[-0.165213,51.5506459],[-0.166025,51.5512978],[-0.1666235,51.5517085],[-0.1676487,51.5523628],[-0.1687866,51.5530053],[-0.169257,51.5532492],[-0.1700244,51.5536471],[-0.17189,51.5544767],[-0.1728711,51.5548194],[-0.1743168,51.5551814],[-0.1753655,51.5554279],[-0.1760184,51.5556005],[-0.176928,51.5558747],[-0.177414,51.5560136],[-0.1778273,51.5561669],[-0.1779052,51.5562019],[-0.1780051,51.5562485],[-0.1781587,51.5563256],[-0.1782494,51.5563719],[-0.1784189,51.5564675],[-0.178534,51.5565357],[-0.1786719,51.5566214],[-0.1787842,51.556694],[-0.1788681,51.556751],[-0.1789572,51.556816],[-0.1790601,51.556894],[-0.1792657,51.5571154],[-0.179458,51.5573405],[-0.1795556,51.5575053],[-0.1796899,51.5577484],[-0.1797531,51.5579536],[-0.1797586,51.5581605],[-0.179652,51.5584753],[-0.1795204,51.5587911],[-0.1794524,51.5590985],[-0.1793663,51.5601883],[-0.1793299,51.5615252],[-0.1793797,51.5623704],[-0.1794979,51.5631941],[-0.1796586,51.5639777],[-0.1798914,51.5647331],[-0.1801382,51.5653452],[-0.1814176,51.5680077],[-0.1815573,51.5682231],[-0.1817277,51.5684236],[-0.1819698,51.5686432],[-0.1824109,51.5689474],[-0.1827126,51.5691582],[-0.1831208,51.5693901],[-0.183592,51.5696275],[-0.18434,51.5699662],[-0.1850024,51.5702277],[-0.1858347,51.570506],[-0.1864841,51.570696],[-0.1872776,51.5709213],[-0.1879393,51.5711085],[-0.1882391,51.5711666],[-0.188575,51.5712121],[-0.1888965,51.5712583],[-0.1893504,51.5713359],[-0.1897892,51.5714147],[-0.1904283,51.5715292],[-0.1912996,51.5716906],[-0.1920044,51.5718204],[-0.1928508,51.571968],[-0.1933372,51.5720469],[-0.1937132,51.5721202],[-0.1940244,51.5722012],[-0.1942676,51.5722757],[-0.1945426,51.5723665],[-0.1947323,51.5724319],[-0.1949238,51.5725011],[-0.1951083,51.5725773],[-0.1954007,51.5727229],[-0.1955965,51.5728175],[-0.1957,51.572861],[-0.1959498,51.5729663],[-0.1962482,51.5730857],[-0.1965341,51.5731895],[-0.1967535,51.5732619],[-0.1970314,51.573337],[-0.197272,51.5733932],[-0.1975948,51.573457],[-0.1979093,51.5735136],[-0.1982366,51.5735607],[-0.198564,51.5735895],[-0.1988396,51.5736088],[-0.1990726,51.573614],[-0.1993677,51.5736143],[-0.1995779,51.5736097],[-0.1997454,51.5736039],[-0.1999757,51.5735888],[-0.2002672,51.5735596],[-0.2005409,51.5735274],[-0.2007845,51.5734839],[-0.201169,51.5734151],[-0.2016465,51.573318],[-0.2019383,51.5732642],[-0.2021694,51.5732243],[-0.2024422,51.5731839],[-0.2027458,51.5731431],[-0.2029904,51.5731157],[-0.203392,51.5730912],[-0.20381,51.5730818],[-0.2042213,51.5730952],[-0.2046006,51.5731123],[-0.2051693,51.5731723],[-0.2056263,51.5732513],[-0.2056601,51.5732596],[-0.2059278,51.5733256],[-0.2063092,51.573425],[-0.2066729,51.5735522],[-0.206897,51.5736374],[-0.2072429,51.5737681],[-0.2074938,51.5738789],[-0.2080047,51.5741064],[-0.2084388,51.574304],[-0.2089281,51.5745261],[-0.2094179,51.5747522],[-0.2097319,51.5748894],[-0.2101431,51.5750753],[-0.2104514,51.5752184],[-0.2109593,51.5754455],[-0.2112197,51.5755662],[-0.2115652,51.5757117],[-0.2118801,51.5758541],[-0.2123342,51.5760615],[-0.2127283,51.5762307],[-0.2130273,51.5763649],[-0.2132865,51.5764719],[-0.2135904,51.5765857],[-0.2141238,51.5768127],[-0.2146113,51.5770173],[-0.2150379,51.5772029],[-0.2153946,51.5773596],[-0.2158386,51.5775566],[-0.2158723,51.5775716],[-0.2163587,51.577772],[-0.2167038,51.577914],[-0.2169238,51.5780018],[-0.2177276,51.5783211],[-0.2179222,51.5784009],[-0.2184484,51.578625],[-0.2189314,51.5788372],[-0.2193387,51.5790313],[-0.2197839,51.5792233],[-0.2202273,51.5794348],[-0.2205385,51.5795846],[-0.2209532,51.5797792],[-0.2213727,51.580003],[-0.2217992,51.5802378],[-0.2223029,51.5805163],[-0.2227164,51.5807579],[-0.2230903,51.5809746],[-0.2235248,51.5812306],[-0.2240759,51.5815662],[-0.2244699,51.5818428],[-0.2248545,51.5821019],[-0.2252887,51.5824049],[-0.2256024,51.5826177],[-0.2257597,51.5827233],[-0.2259614,51.5828684],[-0.2261193,51.5829893],[-0.2263741,51.5831834],[-0.2267886,51.5835092],[-0.2269068,51.583607],[-0.2270022,51.583686],[-0.2275057,51.5841126],[-0.2281603,51.5845568],[-0.2298957,51.5857405],[-0.232548,51.5872001],[-0.2347708,51.5882124],[-0.2386376,51.5898032],[-0.2388652,51.589899],[-0.239359,51.5900925],[-0.2398056,51.5902478],[-0.2404877,51.5904713],[-0.2411082,51.5906678],[-0.2416273,51.5908313],[-0.2421476,51.5909948],[-0.2426366,51.5911583],[-0.2432583,51.5913691],[-0.2438752,51.5916278],[-0.2444727,51.5919001],[-0.2450763,51.5922098],[-0.2458043,51.592656],[-0.2463801,51.5930303],[-0.2469837,51.5934135],[-0.2475801,51.593802],[-0.2482042,51.5942002],[-0.2489353,51.5946993],[-0.2491665,51.5948459],[-0.249555,51.5950966],[-0.2498614,51.5952946],[-0.2503217,51.5956013],[-0.2505404,51.5957549],[-0.2510908,51.5961698],[-0.2514528,51.5964673],[-0.2518923,51.596801],[-0.2521832,51.5970387],[-0.2524874,51.5972959],[-0.2527107,51.5974819],[-0.2530814,51.5977811],[-0.2533361,51.5979791],[-0.2536343,51.5981928],[-0.2539336,51.5983945],[-0.2541884,51.598552],[-0.2545892,51.598795],[-0.2551916,51.5991114],[-0.2552809,51.5991601],[-0.2557843,51.5993896],[-0.2565473,51.5997045],[-0.2574579,51.6000726],[-0.2580047,51.6002938],[-0.2582196,51.6003778],[-0.2601886,51.6011719],[-0.2612292,51.601588],[-0.2622892,51.602027],[-0.2630739,51.6023426],[-0.2635912,51.6025593],[-0.2638674,51.6026813],[-0.2642566,51.6028649],[-0.2647797,51.6031329],[-0.2653591,51.6034591],[-0.2659458,51.6038078],[-0.2664685,51.6041557],[-0.267019,51.6045591],[-0.2675526,51.6049969],[-0.267957,51.6053583],[-0.2683711,51.6057662],[-0.2687212,51.6061403],[-0.2691993,51.6067169],[-0.2696918,51.6074081],[-0.2702266,51.6081661],[-0.2705079,51.6085897],[-0.2707819,51.609029],[-0.2710572,51.6095819],[-0.2711784,51.609903],[-0.2713442,51.6105277],[-0.2714512,51.6108747],[-0.2715479,51.6111171],[-0.2715994,51.6112292],[-0.2716919,51.6114039],[-0.27183,51.6116138],[-0.2720115,51.6118479],[-0.2721291,51.6119769],[-0.2723213,51.6121674],[-0.272573,51.6123947],[-0.2727862,51.6125489],[-0.2728865,51.6126134],[-0.273195,51.6127766],[-0.2735686,51.6129562],[-0.2738721,51.6130907],[-0.2750551,51.6136255]]}},{"type":"Feature","id":"relation/7702939-0","properties":{"featureId":"relation/7702939-0","lineId":"northern","lineName":"Northern line","hasData":false,"valueDb":null},"geometry":{"type":"LineString","coordinates":[[-0.1926765,51.600867],[-0.193426,51.601237],[-0.1938307,51.6014323],[-0.1939923,51.601512],[-0.1941682,51.6015942],[-0.1945836,51.6017749],[-0.1946351,51.6017948],[-0.1954902,51.602161],[-0.1962221,51.6024814],[-0.1965193,51.6026134],[-0.1972521,51.6029279],[-0.1980746,51.6033069],[-0.1981138,51.603326],[-0.1982514,51.6033944],[-0.1991263,51.6038117],[-0.1998689,51.6041346],[-0.2012133,51.604699],[-0.2030246,51.6054707],[-0.2035968,51.6057341],[-0.2042316,51.6059909],[-0.2046151,51.6061475],[-0.204937,51.6062807],[-0.2054251,51.6064889],[-0.2059616,51.6067305],[-0.2066808,51.6070368],[-0.2068693,51.6071203],[-0.2073693,51.6073358],[-0.2078253,51.6075273],[-0.2082545,51.6076989],[-0.2085955,51.6078299],[-0.2088526,51.607922],[-0.2093448,51.6080622],[-0.2101489,51.6082557]]}},{"type":"Feature","id":"relation/7702941-0","properties":{"featureId":"relation/7702941-0","lineId":"northern","lineName":"Northern line","hasData":false,"valueDb":null},"geometry":{"type":"LineString","coordinates":[[-0.2742546,51.6134349],[-0.274049,51.6133435],[-0.2737375,51.6131945],[-0.2735586,51.6130976],[-0.2733298,51.612963],[-0.2731107,51.6128277],[-0.272746,51.6125786],[-0.2724831,51.6123727],[-0.2722581,51.6121762],[-0.2720763,51.6119972],[-0.2719591,51.6118658],[-0.271777,51.6116241],[-0.2716361,51.611405],[-0.2715428,51.6112283],[-0.2714938,51.611116],[-0.2714031,51.6108797],[-0.2712902,51.6105379],[-0.2711254,51.6098995],[-0.2709935,51.6095651],[-0.2708483,51.6092465],[-0.2706217,51.6088566],[-0.2704018,51.6085065],[-0.2698853,51.6077635],[-0.2695605,51.6073069],[-0.2691924,51.6068017],[-0.2688048,51.606318],[-0.2679151,51.6053875],[-0.2673477,51.6048873],[-0.2669203,51.6045418],[-0.2665408,51.6042595],[-0.266091,51.603954],[-0.2657202,51.6037262],[-0.2651832,51.6034321],[-0.2646699,51.603183],[-0.2641908,51.602956],[-0.2639522,51.6028449],[-0.2635619,51.6026568],[-0.2631285,51.6024454],[-0.2627801,51.6022778],[-0.2619536,51.6019266],[-0.2605163,51.6013396],[-0.2592999,51.6008553],[-0.2581883,51.6004126],[-0.2579739,51.6003317],[-0.2578078,51.6002717],[-0.2573604,51.60008],[-0.2567369,51.5998282],[-0.2562734,51.5996419],[-0.2557615,51.599434],[-0.2554095,51.599277],[-0.2552501,51.5991882],[-0.2551704,51.5991448],[-0.2545583,51.5988225],[-0.2542819,51.5986636],[-0.2539838,51.5984852],[-0.2535201,51.5981784],[-0.2530397,51.5978212],[-0.2524838,51.5974039],[-0.2519345,51.5969667],[-0.2513707,51.5965213],[-0.2509865,51.5962211],[-0.2506316,51.5959538],[-0.250443,51.5958137],[-0.2502038,51.5956561],[-0.249918,51.5954725],[-0.2497551,51.5953678],[-0.2494522,51.5951615],[-0.2488768,51.5947745],[-0.2485018,51.594463],[-0.2480763,51.594177],[-0.2476642,51.5939041],[-0.2469682,51.5934632],[-0.2465069,51.5931705],[-0.2459933,51.5928388],[-0.2454317,51.5924738],[-0.2447951,51.5921103],[-0.2440556,51.591754],[-0.2434611,51.5914961],[-0.2430255,51.5913314],[-0.2424072,51.591117],[-0.2417903,51.5909273],[-0.2411144,51.5907102],[-0.2406464,51.5905647],[-0.2397908,51.5902858],[-0.2393214,51.5901239],[-0.2385993,51.5898483],[-0.2347325,51.5882575],[-0.2325097,51.5872452],[-0.2298574,51.5857856],[-0.2276656,51.5842887],[-0.2274518,51.5841427],[-0.2269463,51.5837668],[-0.2264524,51.5834151],[-0.2262175,51.5832483],[-0.2258015,51.5828898],[-0.2256283,51.5827415],[-0.2255169,51.582653],[-0.2251224,51.5823647],[-0.2247533,51.5820914],[-0.2244342,51.581875],[-0.2240475,51.5816118],[-0.223629,51.5813451],[-0.2230882,51.5810203],[-0.222364,51.5805934],[-0.2219832,51.5803808],[-0.2215503,51.5801422],[-0.2209497,51.5798244],[-0.2205072,51.5796125],[-0.2201904,51.5794608],[-0.2195835,51.5791846],[-0.2189731,51.5789017],[-0.2185467,51.5787116],[-0.2178892,51.5784319],[-0.2176967,51.5783506],[-0.2163642,51.5778103],[-0.2159568,51.5776469],[-0.2157465,51.5775656],[-0.2146826,51.5771542],[-0.2141053,51.5769344],[-0.2137667,51.5768003],[-0.2135599,51.5767038],[-0.2134207,51.5766478],[-0.2132718,51.5765698],[-0.2131478,51.5765055],[-0.2129172,51.5763974],[-0.2126891,51.576284],[-0.2122389,51.5760687],[-0.2118078,51.5758602],[-0.2114757,51.5757115],[-0.2111958,51.5755918],[-0.2106061,51.5753265],[-0.2100473,51.5750682],[-0.2096544,51.574893],[-0.2090484,51.5746211],[-0.2084067,51.5743322],[-0.2079774,51.5741396],[-0.2072193,51.5738088],[-0.2066341,51.5735802],[-0.2063195,51.5734712],[-0.205934,51.5733636],[-0.2056451,51.5732901],[-0.2051554,51.573205],[-0.2048638,51.5731697],[-0.2045267,51.5731395],[-0.2041132,51.5731199],[-0.2037969,51.5731123],[-0.2034095,51.57312],[-0.2031298,51.5731395],[-0.2028583,51.5731643],[-0.2024427,51.573219],[-0.2021656,51.5732651],[-0.2018778,51.5733135],[-0.2015067,51.5733813],[-0.2012274,51.573436],[-0.2010223,51.5734767],[-0.2008075,51.573517],[-0.200618,51.5735506],[-0.2004683,51.573571],[-0.2001677,51.5736067],[-0.1999769,51.5736239],[-0.1998602,51.573632],[-0.1996991,51.5736407],[-0.1994989,51.5736455],[-0.1993436,51.5736489],[-0.199094,51.5736491],[-0.1988076,51.5736402],[-0.1985084,51.5736193],[-0.1982557,51.5735949],[-0.1980746,51.5735729],[-0.1979199,51.5735468],[-0.1977587,51.5735212],[-0.1973752,51.5734513],[-0.1970172,51.5733659],[-0.1967189,51.5732911],[-0.1964898,51.5732217],[-0.1962053,51.573129],[-0.1958454,51.5729857],[-0.1954067,51.5727995],[-0.1951321,51.5727115],[-0.1948491,51.5726391],[-0.1945441,51.5725734],[-0.1943285,51.5725182],[-0.1940983,51.5724506],[-0.1938723,51.5723861],[-0.1935888,51.5723035],[-0.193295,51.5722254],[-0.193005,51.5721574],[-0.1926812,51.5720903],[-0.1920494,51.5719737],[-0.1915661,51.571887],[-0.1911949,51.5718187],[-0.1910017,51.5717827],[-0.190236,51.5716432],[-0.1895991,51.5715216],[-0.1891757,51.5714301],[-0.1887687,51.5713407],[-0.1882873,51.5712332],[-0.187914,51.5711543],[-0.1872429,51.5709668],[-0.1864841,51.570696],[-0.1858347,51.570506],[-0.1850024,51.5702277],[-0.18434,51.5699662],[-0.183592,51.5696275],[-0.1831208,51.5693901],[-0.1827126,51.5691582],[-0.1824109,51.5689474],[-0.1819698,51.5686432],[-0.1817277,51.5684236],[-0.1815573,51.5682231],[-0.1814176,51.5680077],[-0.1801382,51.5653452],[-0.1798914,51.5647331],[-0.1796586,51.5639777],[-0.1794979,51.5631941],[-0.1793797,51.5623704],[-0.1793299,51.5615252],[-0.1793663,51.5601883],[-0.1794524,51.5590985],[-0.1795204,51.5587911],[-0.179652,51.5584753],[-0.1797586,51.5581605],[-0.1797531,51.5579536],[-0.1796899,51.5577484],[-0.1795556,51.5575053],[-0.179458,51.5573405],[-0.1792657,51.5571154],[-0.1788639,51.5570056],[-0.1784301,51.5567046],[-0.1782918,51.5566155],[-0.1781249,51.5565139],[-0.1779738,51.5564274],[-0.1778018,51.5563349],[-0.1776913,51.5562787],[-0.177414,51.5560136],[-0.176928,51.5558747],[-0.1760184,51.5556005],[-0.1753655,51.5554279],[-0.1743168,51.5551814],[-0.1728711,51.5548194],[-0.17189,51.5544767],[-0.1700244,51.5536471],[-0.169257,51.5532492],[-0.1687866,51.5530053],[-0.1676487,51.5523628],[-0.1666235,51.5517085],[-0.166025,51.5512978],[-0.1651081,51.5507722],[-0.1647824,51.5505228],[-0.164574,51.5503687],[-0.1643766,51.5502237],[-0.1640879,51.5500191],[-0.1633774,51.5496284],[-0.1625879,51.5492343],[-0.1621124,51.5489526],[-0.1617077,51.5487074],[-0.1611134,51.5483089],[-0.1600326,51.5476249],[-0.1592401,51.5472139],[-0.1584079,51.5468291],[-0.158023,51.5466793],[-0.1572693,51.5464506],[-0.1567303,51.5462398],[-0.1563698,51.5460446],[-0.1558035,51.5456951],[-0.153889,51.5444913],[-0.1534021,51.5442547],[-0.1531084,51.5441388],[-0.1521388,51.5437565],[-0.1515178,51.5435438],[-0.1508476,51.5433562],[-0.1490107,51.5429687],[-0.1478435,51.5427389],[-0.1473351,51.542588],[-0.1470595,51.5424816],[-0.1466279,51.5422925],[-0.1463418,51.5421414],[-0.1458561,51.541852],[-0.1451749,51.5414126],[-0.1443695,51.5408826],[-0.1441691,51.5407419],[-0.143902,51.5405323],[-0.1434296,51.5399969],[-0.1430587,51.5395587],[-0.1428166,51.5392707],[-0.1426229,51.5390591],[-0.1425258,51.5389302],[-0.1424858,51.5388674],[-0.1424454,51.5387917],[-0.1424188,51.538708],[-0.142399,51.5385961],[-0.1423646,51.5384904],[-0.14232,51.538403],[-0.1421479,51.5382082],[-0.1419358,51.5379449],[-0.1394743,51.5356524],[-0.1392015,51.5353732],[-0.1390648,51.5351924],[-0.1390092,51.5350537],[-0.1389741,51.5349385],[-0.1389445,51.5347842],[-0.138938,51.534605],[-0.1389688,51.5343195],[-0.1390981,51.5327454],[-0.139077,51.5324966],[-0.1390477,51.5322787],[-0.1388783,51.5316063],[-0.1388048,51.5313316],[-0.1385423,51.5306635],[-0.1376611,51.5291064],[-0.1374358,51.5288147],[-0.1372382,51.528604],[-0.1369531,51.5283956],[-0.1368255,51.5283101],[-0.1364904,51.5281741],[-0.1359684,51.5280857],[-0.1354246,51.528059],[-0.1350349,51.5280875],[-0.1346595,51.5281412],[-0.1343061,51.5282137],[-0.1338819,51.528328],[-0.1335473,51.5284454],[-0.1331854,51.528577],[-0.1324887,51.5287875],[-0.1316731,51.5290462],[-0.1309924,51.5293015],[-0.1307017,51.5294277],[-0.1299914,51.5297452],[-0.1295411,51.5299485],[-0.1291657,51.5300916],[-0.128711,51.5302339],[-0.1281968,51.5303886],[-0.1276028,51.5304927],[-0.1269448,51.5305654],[-0.1251129,51.5306816],[-0.1243858,51.5307096],[-0.1243426,51.5307113],[-0.1234599,51.5307438],[-0.1223668,51.5307851],[-0.1200679,51.5309354],[-0.1190753,51.5310011],[-0.1185949,51.5310371],[-0.1136313,51.5314218],[-0.1092709,51.5318544],[-0.1079066,51.5318921],[-0.1069566,51.5319205],[-0.1065223,51.5319311],[-0.1061581,51.531924],[-0.1057636,51.5318736],[-0.1055169,51.5318287],[-0.1046489,51.5316035],[-0.1018703,51.5308752],[-0.0977626,51.5296972],[-0.0911791,51.5280373],[-0.0887248,51.5273709],[-0.0882125,51.5270192],[-0.0879558,51.5266971],[-0.087543,51.5256367],[-0.087526,51.5254097],[-0.0875194,51.5253214],[-0.0874454,51.5243338],[-0.087005,51.5222149],[-0.087005,51.5216926],[-0.0871686,51.5206624],[-0.087249,51.5197814],[-0.0873255,51.5195144],[-0.0874891,51.5191486],[-0.0878924,51.518512],[-0.0880037,51.5183883],[-0.0881026,51.5182651],[-0.0886248,51.5171794],[-0.0893651,51.5153735],[-0.0896736,51.5145644],[-0.0897388,51.5142996],[-0.0897283,51.514049],[-0.0896889,51.5137359],[-0.0895486,51.5134089],[-0.0892978,51.5129413],[-0.0887225,51.5120862],[-0.0883523,51.5115862],[-0.0878266,51.5108374],[-0.0875235,51.5104672],[-0.0873707,51.5102209],[-0.0872799,51.5100226],[-0.0872691,51.5098431],[-0.0872587,51.5096737],[-0.0873224,51.5094178],[-0.0873143,51.509295],[-0.0872584,51.509174],[-0.0871212,51.508963],[-0.0870075,51.5086936],[-0.0869522,51.5085143],[-0.0869541,51.5082634],[-0.0869595,51.5079016],[-0.0870788,51.507421],[-0.0872852,51.5070036],[-0.0874994,51.5068419],[-0.0877488,51.5067098],[-0.0882424,51.5065381],[-0.088575,51.5063727],[-0.088819,51.5062105],[-0.0889075,51.5061452],[-0.0890899,51.5060106],[-0.0896049,51.5055223],[-0.0902736,51.5048831],[-0.0906743,51.5044394],[-0.0909711,51.5040714],[-0.0912314,51.5037739],[-0.0916453,51.5033],[-0.0920786,51.5027122],[-0.0922779,51.5023623],[-0.0924653,51.5019827],[-0.092634,51.5017623],[-0.0931576,51.5012993],[-0.0934194,51.5010936],[-0.0937887,51.5008538],[-0.0953273,51.5000091],[-0.0957594,51.499769],[-0.0965572,51.4993135],[-0.0968818,51.4990977],[-0.0972653,51.4988304],[-0.0977094,51.498527],[-0.0993663,51.4970547],[-0.0995386,51.4968424],[-0.0997443,51.4965849],[-0.0999393,51.4963259],[-0.1001617,51.4960333],[-0.1003207,51.4958285],[-0.1003951,51.4956943],[-0.1004635,51.4955281],[-0.1005082,51.4953853],[-0.1005278,51.4952545],[-0.1005335,51.4951655],[-0.1005417,51.4950294],[-0.1005484,51.4949204],[-0.1005548,51.4948152],[-0.100569,51.4945816],[-0.1005808,51.4943861],[-0.1006338,51.4939459],[-0.1006828,51.4936357],[-0.1007062,51.4934933],[-0.1007467,51.4933089],[-0.1008081,51.4931794],[-0.1009556,51.4929569],[-0.1011798,51.4926893],[-0.101857,51.4921897],[-0.102514,51.491709],[-0.1026553,51.4915998],[-0.1030738,51.4912491],[-0.1042305,51.4900923],[-0.1044222,51.4899065],[-0.1051981,51.4890919],[-0.1055509,51.4886792],[-0.106554,51.4876575],[-0.1068914,51.4873316],[-0.1071323,51.4870701],[-0.1072479,51.486945],[-0.1073112,51.486853],[-0.107401,51.4866795],[-0.1074862,51.4865687],[-0.1113793,51.4827405],[-0.1120687,51.4821103],[-0.1123223,51.481841],[-0.1130726,51.4810041],[-0.1144397,51.4798212],[-0.1152116,51.4790909],[-0.1168683,51.4775135],[-0.1172716,51.4771295],[-0.1189141,51.4755753],[-0.1193373,51.4751747],[-0.1211381,51.4734706],[-0.1224818,51.4721981],[-0.1232966,51.4714602],[-0.1242936,51.470587],[-0.1247294,51.4702557],[-0.1252326,51.4698731],[-0.1262563,51.4691713],[-0.1265772,51.4689486],[-0.1274393,51.4682196],[-0.1277072,51.467993],[-0.128109,51.4674827],[-0.1281565,51.4674224],[-0.1291559,51.4659426],[-0.1296428,51.4653766],[-0.1298918,51.4651246],[-0.1300635,51.4649704],[-0.1304291,51.4647078],[-0.1308221,51.464483],[-0.1327855,51.4636124],[-0.133148,51.4634787],[-0.1347759,51.4628782],[-0.1364994,51.4623027],[-0.1370172,51.4621485],[-0.1374485,51.4620215],[-0.1374806,51.462012],[-0.1376298,51.4619559],[-0.1377823,51.4618717],[-0.1378481,51.4618258],[-0.1378998,51.4617897],[-0.1379809,51.4617331],[-0.1382813,51.4615303],[-0.1388697,51.4611995],[-0.1393657,51.4609353],[-0.1414932,51.4595184],[-0.14252,51.4583413],[-0.1431273,51.4576321],[-0.1432636,51.457473],[-0.1435462,51.4571492],[-0.1449758,51.4556076],[-0.1460914,51.4544097],[-0.1465439,51.4539375],[-0.1465808,51.453899],[-0.1471973,51.4532556],[-0.1473042,51.4531216],[-0.1473332,51.4530856],[-0.1473927,51.4530117],[-0.147572,51.4527513],[-0.1477012,51.4525117],[-0.14778,51.4522647],[-0.147823,51.4521274],[-0.1478246,51.451129],[-0.1478667,51.4508106],[-0.1479426,51.4502369],[-0.1480051,51.4490408],[-0.1480163,51.4489571],[-0.1480253,51.4488776],[-0.1480397,51.4488249],[-0.1480523,51.4487692],[-0.1487346,51.4475908],[-0.1492133,51.4468922],[-0.1496033,51.4462982],[-0.1500049,51.4459604],[-0.1503941,51.4457207],[-0.1512747,51.445168],[-0.1519954,51.4443705],[-0.152462,51.4437904],[-0.15275,51.443447],[-0.1528186,51.4433718],[-0.15296,51.443199],[-0.1531195,51.4430038],[-0.1533013,51.4427826],[-0.155187,51.4404878],[-0.1559461,51.43928],[-0.1566684,51.4378739],[-0.1572287,51.4372959],[-0.1583335,51.4363843],[-0.1589128,51.4360081],[-0.1590407,51.4359333],[-0.1592987,51.4357824],[-0.1598208,51.4355269],[-0.1604979,51.4352418],[-0.1612097,51.4348656],[-0.1615151,51.4346777],[-0.1621663,51.4342415],[-0.1627351,51.4337909],[-0.1634107,51.4331139],[-0.1635821,51.4328656],[-0.1637225,51.4325488],[-0.1639167,51.4320762],[-0.1640189,51.4318777],[-0.1647738,51.4310947],[-0.1666569,51.4292455],[-0.167733,51.428231],[-0.167951,51.4279696],[-0.1681201,51.4278007],[-0.1682369,51.4276917],[-0.1686018,51.427371],[-0.1686453,51.4273327],[-0.1688352,51.4272054],[-0.169267,51.4267819],[-0.1695516,51.4264251],[-0.1699563,51.4258837],[-0.1705558,51.4251757],[-0.1706979,51.4250323],[-0.1732946,51.4230177],[-0.1735554,51.4227962],[-0.1738595,51.4225175],[-0.1741451,51.4222527],[-0.1748559,51.421495],[-0.1757839,51.4204536],[-0.1766109,51.419587],[-0.1771036,51.4190825],[-0.1776467,51.4184226],[-0.1779011,51.4181291],[-0.1779297,51.4180961],[-0.1781953,51.4178313],[-0.1783738,51.4176668],[-0.1785574,51.4175172],[-0.1788199,51.4173148],[-0.1796201,51.4169036],[-0.1799872,51.4167279],[-0.1802979,51.4166401],[-0.1805478,51.4165802],[-0.1808571,51.4165111],[-0.1820346,51.4162393],[-0.1821673,51.4162268],[-0.1836603,51.416149],[-0.1860716,51.4159848],[-0.1870526,51.4159117],[-0.188166,51.415798],[-0.1895963,51.4156937],[-0.1905944,51.4156062],[-0.1913535,51.4155232],[-0.1916553,51.4154595],[-0.191898,51.4153956],[-0.1922929,51.4152575],[-0.1924922,51.415185],[-0.192745,51.4150873],[-0.1929729,51.414988],[-0.1932934,51.4148483],[-0.1937658,51.4146188],[-0.1940562,51.4144661],[-0.1946426,51.4140087],[-0.1950819,51.4136297],[-0.1955202,51.4132362],[-0.1957482,51.4128544],[-0.1957857,51.4124841],[-0.1957616,51.4120785],[-0.1956462,51.4115495],[-0.1952681,51.4106006],[-0.1948979,51.40965],[-0.1947713,51.4089035],[-0.1946973,51.4080981],[-0.1947051,51.4042498],[-0.1947053,51.404159],[-0.1947092,51.4041324],[-0.1947086,51.4034911],[-0.1947071,51.4033833],[-0.1947049,51.4033083],[-0.1946989,51.4032429],[-0.1946906,51.4031912],[-0.1946699,51.4030814],[-0.1946558,51.4029666],[-0.1946509,51.4028689],[-0.1946534,51.4027484],[-0.194665,51.4025478],[-0.1946872,51.402391]]}},{"type":"Feature","id":"relation/7702943-0","properties":{"featureId":"relation/7702943-0","lineId":"northern","lineName":"Northern line","hasData":false,"valueDb":null},"geometry":{"type":"LineString","coordinates":[[-0.1423914,51.4799625],[-0.1423141,51.4799973],[-0.1422006,51.4800561],[-0.1416081,51.4803279],[-0.1412106,51.4805255],[-0.1411132,51.4805693],[-0.1404689,51.4808318],[-0.1399662,51.4810029],[-0.1395649,51.4811213],[-0.139204,51.4812078],[-0.1387474,51.4812888],[-0.1382726,51.4813553],[-0.1378615,51.4813905],[-0.1372368,51.4814306],[-0.1367359,51.4814388],[-0.135727,51.4813991],[-0.1350637,51.4813231],[-0.1338417,51.4811018],[-0.1328324,51.4808966],[-0.1311348,51.4805644],[-0.130543,51.4804457],[-0.1285787,51.4800567],[-0.1283125,51.480004],[-0.1275076,51.479853],[-0.1268078,51.4797536],[-0.1264165,51.4797137],[-0.1259505,51.4796913],[-0.1251772,51.4797249],[-0.1245066,51.4798017],[-0.1241288,51.4798658],[-0.1229256,51.4800977],[-0.1218836,51.4803109],[-0.1211055,51.4804631],[-0.1196128,51.4807533],[-0.118114,51.4810492],[-0.116203,51.4814391],[-0.115616,51.4816046],[-0.1149668,51.4818596],[-0.1143241,51.4822032],[-0.113809,51.4825542],[-0.1135051,51.4828173],[-0.1130851,51.4832998],[-0.1128575,51.4836813],[-0.1124967,51.4844752],[-0.1122621,51.4848844],[-0.1121206,51.4850951],[-0.1118577,51.485364],[-0.1112792,51.4858368],[-0.1108103,51.4861153],[-0.1103376,51.4863519],[-0.1101861,51.4864093],[-0.1099105,51.4865175],[-0.1094359,51.4866664],[-0.1086723,51.4868693],[-0.1082665,51.4870026],[-0.1080736,51.487082],[-0.1078815,51.4871536],[-0.1076874,51.4872164],[-0.1075398,51.487286],[-0.1073097,51.487413],[-0.1070866,51.4875318],[-0.1068417,51.4876687],[-0.1067444,51.4877537],[-0.1064265,51.4880785],[-0.1057708,51.4887485],[-0.1056579,51.4888661],[-0.1056206,51.488905],[-0.1055447,51.4889988],[-0.1055079,51.4890443],[-0.1054472,51.4891727],[-0.1052972,51.489403],[-0.1052184,51.4896087],[-0.1051733,51.4898712],[-0.1051753,51.4901004],[-0.1052605,51.4903572],[-0.1053524,51.4906177],[-0.1054517,51.4907252],[-0.1056522,51.491009],[-0.1061327,51.4916694],[-0.1064562,51.4921404],[-0.1068951,51.4927722],[-0.1074809,51.4935865],[-0.1078298,51.4940658],[-0.1080406,51.4943656],[-0.1082056,51.4946453],[-0.108416,51.4949609],[-0.1089651,51.4956802],[-0.1095656,51.4965194],[-0.1098895,51.4969648],[-0.110008,51.4971434],[-0.1109312,51.4985498],[-0.111681,51.4995214],[-0.1117534,51.4996152],[-0.1119076,51.4999004],[-0.112116,51.5001764],[-0.1123887,51.5005269],[-0.1126544,51.5008708],[-0.1128607,51.5010988],[-0.1133096,51.5017264],[-0.1145223,51.5035244],[-0.1147799,51.5038951],[-0.115006,51.5041518],[-0.1152007,51.5043738],[-0.1154623,51.5046551],[-0.1157239,51.5049219],[-0.1158839,51.5050501],[-0.1162416,51.5053785],[-0.1166345,51.5056214],[-0.1170923,51.5058477],[-0.1174082,51.5059817],[-0.1180508,51.5062203],[-0.1185249,51.5063983],[-0.1190472,51.506567],[-0.1196735,51.5067262],[-0.1203169,51.5068794],[-0.1206399,51.5069466],[-0.1209649,51.5070038],[-0.1211646,51.5070353],[-0.1215826,51.5071034],[-0.1217064,51.5071251],[-0.1219211,51.5071745],[-0.1221357,51.5072381],[-0.1224029,51.5073256],[-0.1225508,51.5073906],[-0.1226906,51.5074574],[-0.1229333,51.5075874],[-0.1232448,51.5077585],[-0.1234084,51.5078326],[-0.1235663,51.5078884],[-0.1240778,51.5080188],[-0.1243824,51.5081166],[-0.1246049,51.5081928],[-0.1248354,51.5082951],[-0.1250146,51.5083831],[-0.1255408,51.5086659],[-0.1260127,51.5088889],[-0.1262713,51.5089935],[-0.1267081,51.5091443],[-0.127136,51.509292],[-0.1276055,51.5094715],[-0.1278486,51.5095884],[-0.1281112,51.5097636],[-0.1282866,51.5099373],[-0.1284162,51.5101485],[-0.1284626,51.5102741],[-0.1284851,51.5103807],[-0.1284835,51.5108256],[-0.1284718,51.5115062],[-0.1284842,51.5116581],[-0.1285118,51.5118987],[-0.1285274,51.5119869],[-0.1285331,51.5120137],[-0.1285625,51.5121199],[-0.1286053,51.5122221],[-0.128653,51.5123143],[-0.1288023,51.5125841],[-0.1291296,51.5131345],[-0.1291909,51.5132419],[-0.12938,51.5135933],[-0.1294773,51.5138276],[-0.1299979,51.515153],[-0.1302009,51.5155774],[-0.1303793,51.5160063],[-0.1303988,51.5160538],[-0.1307839,51.5169443],[-0.1309526,51.5171398],[-0.1324922,51.5187324],[-0.1343582,51.520515],[-0.1366273,51.5228698],[-0.1373356,51.5236732],[-0.1380159,51.5245174],[-0.138304,51.5250264],[-0.1384299,51.5253418],[-0.138513,51.5257874],[-0.1384925,51.5260638],[-0.1384237,51.526255],[-0.1383245,51.5263982],[-0.1381804,51.5265107],[-0.1380141,51.526604],[-0.1378183,51.5266832],[-0.1374833,51.5267976],[-0.1352413,51.5276987],[-0.1348313,51.5279423],[-0.1346152,51.5281114],[-0.1344617,51.5282527],[-0.1342045,51.5285152],[-0.1340017,51.5288297],[-0.1338665,51.5291214],[-0.1337992,51.5295171],[-0.1338223,51.529729],[-0.1339146,51.5299207],[-0.1341352,51.5302295],[-0.1343383,51.5304611],[-0.1371762,51.5330935],[-0.1385393,51.5343579],[-0.13881,51.5346716],[-0.1393283,51.5353716],[-0.1397863,51.5358371],[-0.1412747,51.5371833],[-0.1416842,51.5375986],[-0.1420298,51.5380154],[-0.1423569,51.5383903],[-0.1424867,51.5386083],[-0.1425338,51.5387581],[-0.1425566,51.5389404],[-0.1425356,51.5391473],[-0.1425014,51.5393143],[-0.1424036,51.5396902],[-0.1423407,51.5399763],[-0.1422254,51.5406844],[-0.1421324,51.5412732],[-0.1419658,51.5423176],[-0.1418092,51.5428567],[-0.141646,51.5436016],[-0.141491,51.5441371],[-0.1414719,51.5443796],[-0.1414799,51.5444525],[-0.1414942,51.5447498],[-0.1415118,51.5448371],[-0.1415775,51.5450107],[-0.1416531,51.5452497],[-0.1417204,51.5454148],[-0.1418264,51.5456071],[-0.1418947,51.5459281],[-0.1419357,51.5464381],[-0.1418935,51.5466712],[-0.1415678,51.5477671],[-0.1413721,51.5483795],[-0.1410783,51.5494436],[-0.1408672,51.5499024],[-0.1406872,51.5501013],[-0.1406006,51.5503317],[-0.1405972,51.5508573],[-0.1407678,51.5510352],[-0.1410547,51.5511971],[-0.1411985,51.5514538],[-0.1412436,51.5516995],[-0.1412679,51.5520994],[-0.1411441,51.5527849],[-0.1410159,51.5532011],[-0.1408179,51.5536091],[-0.140678,51.5538638],[-0.14016,51.5545621],[-0.1396776,51.5552766],[-0.1389168,51.5563211],[-0.1385671,51.5568859],[-0.1385346,51.5569437],[-0.1385207,51.5569681],[-0.1385007,51.5570084],[-0.1384324,51.5571482],[-0.1381589,51.5577871],[-0.1379545,51.5585309],[-0.1377263,51.5595237],[-0.1373577,51.5605767],[-0.1370651,51.5611719],[-0.1364485,51.5622921],[-0.135704,51.5636506],[-0.135098,51.56468],[-0.134967,51.5650326],[-0.1349111,51.5652497],[-0.1349379,51.5655179],[-0.1350666,51.5660364],[-0.1351582,51.5663069],[-0.1353177,51.5666195],[-0.1357826,51.5672535],[-0.1361171,51.5677333],[-0.1366924,51.5684997],[-0.1371616,51.5690545],[-0.1375321,51.5694705],[-0.1379366,51.5698997],[-0.1398706,51.5720222],[-0.1408878,51.5730611],[-0.143807,51.576041],[-0.1443894,51.5766318],[-0.1448048,51.5769759],[-0.1453732,51.5773102],[-0.1459454,51.5775541],[-0.1465746,51.5778165],[-0.1469398,51.5779689],[-0.1477652,51.5783095],[-0.1520889,51.5801082],[-0.1583963,51.583515],[-0.1599768,51.5843587],[-0.1610908,51.5850589],[-0.1621096,51.5855951],[-0.162481,51.5857802],[-0.1628081,51.5859767],[-0.1632161,51.5862113],[-0.1635168,51.5863726],[-0.163775,51.5865067],[-0.1642559,51.5867414],[-0.1646804,51.5869588],[-0.1650691,51.5871633],[-0.1654115,51.5873739],[-0.1657322,51.587587],[-0.1659911,51.587748],[-0.1662271,51.5879346],[-0.1665463,51.5881779],[-0.1667048,51.5883009],[-0.166903,51.5884546],[-0.1677345,51.5890828],[-0.1682549,51.5894911],[-0.1689415,51.590011],[-0.1694268,51.5904227],[-0.1699506,51.5907883],[-0.1702973,51.5910303],[-0.1709517,51.5914302],[-0.1719495,51.5919835],[-0.1728806,51.5924588],[-0.17313,51.5925753],[-0.1735347,51.5927688],[-0.1784435,51.5948963],[-0.1792136,51.5952245],[-0.181923,51.5963903],[-0.184129,51.5973179],[-0.1864754,51.598325],[-0.1876696,51.5988176],[-0.1885597,51.59914],[-0.1889615,51.5992954],[-0.1902919,51.5998535],[-0.1908139,51.6000772],[-0.1912363,51.6002996],[-0.1915229,51.6004321],[-0.1919654,51.6006572],[-0.1925736,51.600946],[-0.1930806,51.6011903],[-0.1937087,51.6014609],[-0.1940791,51.6016616],[-0.194196,51.6017331],[-0.1942915,51.6018005],[-0.1944472,51.6019328],[-0.1945783,51.6020507],[-0.1946993,51.6021858],[-0.1947936,51.6023037],[-0.1948794,51.6024258],[-0.1949608,51.6025598],[-0.195013,51.6026783],[-0.1950994,51.6029471],[-0.1951212,51.603107],[-0.1951183,51.6032622],[-0.1951009,51.6033869],[-0.1950747,51.6034908],[-0.1950193,51.6036477],[-0.194941,51.6038178],[-0.1948294,51.6039749],[-0.1947061,51.604103],[-0.1945535,51.604239],[-0.1943957,51.6043647],[-0.1923916,51.6055285],[-0.191389,51.6061408],[-0.1909706,51.6064074],[-0.1902652,51.6069671],[-0.1895571,51.6076484],[-0.189227,51.6080109],[-0.1890491,51.6082244],[-0.1888874,51.6084299],[-0.1887779,51.6085912],[-0.1885445,51.6090026],[-0.1883809,51.6093657],[-0.1883337,51.6094894],[-0.188301,51.6095872],[-0.1882375,51.6097771],[-0.1880712,51.6103634],[-0.187886,51.6109164],[-0.1870355,51.6135386],[-0.1869232,51.6138559],[-0.1862587,51.6159247],[-0.1862037,51.6160838],[-0.185973,51.6167323],[-0.1857613,51.6173639],[-0.1856077,51.6177873],[-0.1854211,51.6182525],[-0.1853349,51.6184459],[-0.1850649,51.6189941],[-0.1843091,51.6203147],[-0.1834666,51.621767],[-0.1830886,51.6224127],[-0.1826433,51.6231585],[-0.182553,51.6233289],[-0.1820632,51.6241632],[-0.1812648,51.6255269],[-0.1807713,51.6263587],[-0.1803819,51.6270345],[-0.1798297,51.6279954],[-0.1794976,51.6286914],[-0.1793247,51.6292408],[-0.1792085,51.6299565],[-0.179172,51.6303695],[-0.1791639,51.6310661],[-0.1791679,51.6321218],[-0.1792583,51.6328538],[-0.1793717,51.633307],[-0.1795372,51.6337581],[-0.1797677,51.6342334],[-0.1800555,51.6347041],[-0.1804518,51.6352475],[-0.1808418,51.6357504],[-0.1813278,51.6363809],[-0.1823142,51.6376599],[-0.1830145,51.6385663],[-0.1838533,51.639663],[-0.1841914,51.6400981],[-0.1846378,51.6406772],[-0.1865125,51.6431115],[-0.1875233,51.6444287],[-0.1879594,51.6449921],[-0.1888273,51.6461204],[-0.1897749,51.6473571],[-0.1899565,51.6475947],[-0.1901733,51.6478736],[-0.1904696,51.6482102],[-0.1908042,51.6485264],[-0.1910208,51.648702],[-0.1912574,51.6488736],[-0.1916707,51.6491449],[-0.1918938,51.6492605],[-0.192077,51.6493689],[-0.1925466,51.6496336],[-0.1929757,51.6498764],[-0.1930036,51.6498925],[-0.1937772,51.6503131]]}},{"type":"Feature","id":"relation/7702970-0","properties":{"featureId":"relation/7702970-0","lineId":"northern","lineName":"Northern line","hasData":false,"valueDb":null},"geometry":{"type":"LineString","coordinates":[[-0.1948903,51.4033272],[-0.1949383,51.4023892],[-0.1948903,51.4033272],[-0.1948064,51.4039475],[-0.1947908,51.4040534],[-0.1947923,51.404155],[-0.1947731,51.4080971],[-0.194847,51.4089006],[-0.194973,51.4096439],[-0.1953423,51.4105921],[-0.1957212,51.4115428],[-0.1958373,51.4120755],[-0.1958616,51.4124845],[-0.1958234,51.4128619],[-0.1955899,51.4132528],[-0.1951473,51.4136502],[-0.1947068,51.4140303],[-0.1941162,51.4144909],[-0.1936162,51.4147813],[-0.1933283,51.4149248],[-0.1928677,51.4151372],[-0.1926019,51.4152376],[-0.1923542,51.4153226],[-0.19195,51.4154454],[-0.1916877,51.4154991],[-0.1913877,51.4155575],[-0.1905696,51.4156549],[-0.1895932,51.4157421],[-0.1881662,51.4158478],[-0.1870577,51.4159747],[-0.1844502,51.4161542],[-0.183474,51.416213],[-0.1821614,51.4162695],[-0.1820437,51.4162848],[-0.181257,51.4164651],[-0.1805763,51.4166274],[-0.180312,51.4166819],[-0.1800252,51.4167594],[-0.179656,51.4169271],[-0.1788843,51.4173365],[-0.1786244,51.4175581],[-0.1784608,51.4177004],[-0.1783308,51.4178376],[-0.1780571,51.4181425],[-0.1778094,51.4184245],[-0.177671,51.4185691],[-0.1766783,51.4196056],[-0.1758522,51.4204713],[-0.1748698,51.4216015],[-0.17421,51.4222663],[-0.1736261,51.4228225],[-0.1733715,51.4230346],[-0.1728216,51.4234032],[-0.1711637,51.4247402],[-0.1707886,51.4250591],[-0.1705752,51.4252681],[-0.1700334,51.4258992],[-0.1696404,51.4264384],[-0.1693501,51.4267952],[-0.1689021,51.4272305],[-0.1687207,51.4274094],[-0.1683348,51.4278007],[-0.168116,51.4280174],[-0.1678506,51.4282803],[-0.1667103,51.429309],[-0.1648741,51.4311089],[-0.1641133,51.4319057],[-0.1639997,51.4320921],[-0.1638259,51.4325588],[-0.163668,51.4328858],[-0.1634983,51.4331298],[-0.1628331,51.4338029],[-0.1622379,51.4342828],[-0.1615896,51.4347251],[-0.1612817,51.434908],[-0.1605412,51.4352905],[-0.1597279,51.4356533],[-0.1593455,51.4358287],[-0.159069,51.4359799],[-0.1583958,51.4364074],[-0.1572948,51.4373159],[-0.1567395,51.4378887],[-0.1560187,51.4392919],[-0.1552579,51.4405025],[-0.153208,51.4430921],[-0.1530038,51.443328],[-0.1528869,51.4434642],[-0.1525898,51.4438246],[-0.1520684,51.4443835],[-0.1513567,51.4451882],[-0.1504217,51.4457539],[-0.1500619,51.4459856],[-0.1496692,51.4463177],[-0.1492888,51.4469089],[-0.1488235,51.4476052],[-0.1481223,51.4487849],[-0.1480183,51.4502397],[-0.1479424,51.4508135],[-0.1479005,51.4511304],[-0.1478846,51.4521304],[-0.1477741,51.452523],[-0.1476376,51.4527761],[-0.1474632,51.4530268],[-0.1473741,51.4531375],[-0.1472662,51.4532727],[-0.1461594,51.4544277],[-0.145044,51.4556254],[-0.1444366,51.4562804],[-0.1436148,51.4571666],[-0.1433326,51.4574899],[-0.142589,51.4583582],[-0.1422229,51.4587779],[-0.1415587,51.4595394],[-0.1394243,51.4609608],[-0.13834,51.4615558],[-0.138042,51.461757],[-0.1378437,51.4618954],[-0.1376593,51.4619873],[-0.1374987,51.462044],[-0.1370773,51.462173],[-0.1370442,51.4621831],[-0.1365286,51.4623392],[-0.1348002,51.4629043],[-0.1328119,51.4636377],[-0.1308527,51.4645065],[-0.1304639,51.4647289],[-0.1301018,51.464989],[-0.1299391,51.4651343],[-0.1292202,51.4659435],[-0.1282006,51.4674349],[-0.1277488,51.4680087],[-0.1266148,51.4689677],[-0.1262923,51.4691915],[-0.1252693,51.4698928],[-0.1247669,51.4702748],[-0.1243321,51.4706053],[-0.1226354,51.4721148],[-0.1225247,51.4722106],[-0.1211786,51.4734872],[-0.119997,51.4746053],[-0.1193778,51.4751913],[-0.1189546,51.4755919],[-0.1173121,51.4771461],[-0.1169089,51.47753],[-0.1152521,51.4791075],[-0.1144797,51.4798382],[-0.1131837,51.4810573],[-0.1130284,51.4812365],[-0.1125416,51.4817981],[-0.1122267,51.482153],[-0.1117746,51.4826622],[-0.1087134,51.4856582],[-0.1073654,51.4870023],[-0.1071102,51.4872271],[-0.1066318,51.4876932],[-0.1056501,51.4887057],[-0.1052639,51.4891335],[-0.1045075,51.4899406],[-0.1031577,51.4912847],[-0.1027231,51.4916481],[-0.1019344,51.4922305],[-0.1012656,51.4927172],[-0.1010434,51.4929824],[-0.1008995,51.4931995],[-0.1008416,51.4933216],[-0.1007545,51.4938824],[-0.1006439,51.4944787],[-0.1006278,51.4945675],[-0.1006184,51.4946463],[-0.1006167,51.4946711],[-0.1005974,51.4949545],[-0.1005647,51.4954364],[-0.1005185,51.4955941],[-0.1004246,51.4957945],[-0.1001939,51.4961134],[-0.0999364,51.4964541],[-0.0996666,51.4967719],[-0.0994,51.4971003],[-0.0979355,51.4984278],[-0.0973078,51.4989254],[-0.0968116,51.4992477],[-0.0961786,51.49961],[-0.0956931,51.4998738],[-0.0934106,51.5010885],[-0.0925979,51.5017739],[-0.0924691,51.5019325],[-0.0924155,51.5020294],[-0.0922871,51.5023084],[-0.0921231,51.5026071],[-0.0914097,51.5035187],[-0.0910721,51.503831],[-0.0907422,51.5040781],[-0.0894011,51.5050181],[-0.0885535,51.5057109],[-0.0883075,51.5059043],[-0.0881214,51.506043],[-0.087714,51.5063053],[-0.0874779,51.5064522],[-0.0871668,51.5066425],[-0.0869254,51.5069263],[-0.0867181,51.5074273],[-0.0866516,51.5078819],[-0.0866365,51.5083587],[-0.0866481,51.5085864],[-0.0867331,51.5087794],[-0.0868838,51.5090333],[-0.0870832,51.5093558],[-0.0870989,51.5094249],[-0.0870748,51.5096394],[-0.0870292,51.5097989],[-0.0868575,51.510259],[-0.0868199,51.510393],[-0.0867985,51.5105372],[-0.0867958,51.5106567],[-0.0867792,51.5108016],[-0.0867902,51.510862],[-0.0868153,51.510907],[-0.0869254,51.5110653],[-0.0872036,51.5114563],[-0.0873714,51.5116749],[-0.0876995,51.5120856],[-0.088063,51.5125407],[-0.0885199,51.5130454],[-0.089508,51.5144517],[-0.089569,51.5145109],[-0.0896667,51.5146354],[-0.0897226,51.5147169],[-0.0897258,51.5148042],[-0.089714,51.5148582],[-0.0891509,51.5163785],[-0.088781,51.5172167],[-0.0886747,51.5174251],[-0.0885888,51.5175753],[-0.0882715,51.5183194],[-0.088233,51.5185136],[-0.0882115,51.5185899],[-0.0878239,51.5193162],[-0.0876603,51.5197309],[-0.0875071,51.5200759],[-0.0870991,51.5218693],[-0.0871213,51.5222245],[-0.0874804,51.5238527],[-0.0875184,51.5241632],[-0.0875581,51.5244787],[-0.0876272,51.52532],[-0.0876725,51.5256365],[-0.0880649,51.5266866],[-0.0882994,51.5269878],[-0.0887608,51.5273266],[-0.0911889,51.5279901],[-0.0977697,51.5296713],[-0.1018847,51.5308225],[-0.1025505,51.5309626],[-0.1037139,51.5311891],[-0.1047485,51.5313868],[-0.1056545,51.5315599],[-0.1061802,51.5316491],[-0.1066898,51.5317386],[-0.1071171,51.5317952],[-0.1075033,51.5318304],[-0.1079169,51.5318417],[-0.109252,51.5318041],[-0.1136127,51.5313617],[-0.1191042,51.5309482],[-0.1223318,51.5306775],[-0.1234513,51.5305833],[-0.1239327,51.5305679],[-0.1243368,51.5305509],[-0.1250912,51.5305182],[-0.1261939,51.530485],[-0.1271316,51.5304161],[-0.1275682,51.5303768],[-0.1280654,51.5303008],[-0.1284111,51.53021],[-0.1287323,51.5300697],[-0.1291232,51.5298841],[-0.1295623,51.5295944],[-0.1302629,51.5291323],[-0.1308044,51.5288225],[-0.1313367,51.52859],[-0.131945,51.5284038],[-0.1326952,51.5281779],[-0.1331245,51.5280303],[-0.1334074,51.5279493],[-0.1336718,51.5278852],[-0.1339631,51.5278236],[-0.1343707,51.5277564],[-0.1346789,51.5277248],[-0.1350359,51.5277197],[-0.1353852,51.5277398],[-0.1357257,51.5277962],[-0.1360561,51.5279016],[-0.1365457,51.5281018],[-0.1369346,51.5282663],[-0.1370464,51.528334],[-0.1373447,51.528541],[-0.1375885,51.5287846],[-0.1378185,51.5290716],[-0.138699,51.5306469],[-0.1389544,51.5313234],[-0.1390271,51.5316064],[-0.1392046,51.5322676],[-0.1392374,51.5324916],[-0.1392449,51.5327455],[-0.13909,51.5343298],[-0.1390584,51.534611],[-0.1390546,51.5347814],[-0.1390678,51.5349254],[-0.1390988,51.5350354],[-0.139159,51.5351738],[-0.1393228,51.5353893],[-0.1395519,51.5356207],[-0.142041,51.5379164],[-0.1425372,51.5386159],[-0.1425611,51.5387592],[-0.1425566,51.5389404],[-0.1425356,51.5391473],[-0.1425014,51.5393143],[-0.1424036,51.5396902],[-0.1423407,51.5399763],[-0.1422254,51.5406844],[-0.1421324,51.5412732],[-0.1419658,51.5423176],[-0.1418092,51.5428567],[-0.141646,51.5436016],[-0.141491,51.5441371],[-0.1414719,51.5443796],[-0.1414799,51.5444525],[-0.1414942,51.5447498],[-0.1415118,51.5448371],[-0.1415775,51.5450107],[-0.1416531,51.5452497],[-0.1417204,51.5454148],[-0.1418264,51.5456071],[-0.1418947,51.5459281],[-0.1419357,51.5464381],[-0.1418935,51.5466712],[-0.1415678,51.5477671],[-0.1413721,51.5483795],[-0.1410783,51.5494436],[-0.1408672,51.5499024],[-0.1406872,51.5501013],[-0.1406006,51.5503317],[-0.1405972,51.5508573],[-0.1407678,51.5510352],[-0.1410547,51.5511971],[-0.1411985,51.5514538],[-0.1412436,51.5516995],[-0.1412679,51.5520994],[-0.1411441,51.5527849],[-0.1410159,51.5532011],[-0.1408179,51.5536091],[-0.140678,51.5538638],[-0.14016,51.5545621],[-0.1396776,51.5552766],[-0.1389168,51.5563211],[-0.1385671,51.5568859],[-0.1385346,51.5569437],[-0.1385207,51.5569681],[-0.1385007,51.5570084],[-0.1384324,51.5571482],[-0.1381589,51.5577871],[-0.1379545,51.5585309],[-0.1377263,51.5595237],[-0.1373577,51.5605767],[-0.1370651,51.5611719],[-0.1364485,51.5622921],[-0.135704,51.5636506],[-0.135098,51.56468],[-0.134967,51.5650326],[-0.1349111,51.5652497],[-0.1349379,51.5655179],[-0.1350666,51.5660364],[-0.1351582,51.5663069],[-0.1353177,51.5666195],[-0.1357826,51.5672535],[-0.1361171,51.5677333],[-0.1366924,51.5684997],[-0.1371616,51.5690545],[-0.1375321,51.5694705],[-0.1379366,51.5698997],[-0.1398706,51.5720222],[-0.1408878,51.5730611],[-0.143807,51.576041],[-0.1443894,51.5766318],[-0.1448048,51.5769759],[-0.1453732,51.5773102],[-0.1459454,51.5775541],[-0.1465746,51.5778165],[-0.1469398,51.5779689],[-0.1477652,51.5783095],[-0.1520889,51.5801082],[-0.1583963,51.583515],[-0.1599768,51.5843587],[-0.1610908,51.5850589],[-0.1621096,51.5855951],[-0.162481,51.5857802],[-0.1628081,51.5859767],[-0.1632161,51.5862113],[-0.1635168,51.5863726],[-0.163775,51.5865067],[-0.1642559,51.5867414],[-0.1646804,51.5869588],[-0.1650691,51.5871633],[-0.1654115,51.5873739],[-0.1657322,51.587587],[-0.1659911,51.587748],[-0.1662271,51.5879346],[-0.1665463,51.5881779],[-0.1667048,51.5883009],[-0.166903,51.5884546],[-0.1677345,51.5890828],[-0.1682549,51.5894911],[-0.1689415,51.590011],[-0.1694268,51.5904227],[-0.1699506,51.5907883],[-0.1702973,51.5910303],[-0.1709517,51.5914302],[-0.1719495,51.5919835],[-0.1728806,51.5924588],[-0.17313,51.5925753],[-0.1735347,51.5927688],[-0.1784435,51.5948963],[-0.1792136,51.5952245],[-0.181923,51.5963903],[-0.184129,51.5973179],[-0.1864754,51.598325],[-0.1876696,51.5988176],[-0.1885597,51.59914],[-0.1889615,51.5992954],[-0.1902919,51.5998535],[-0.1908139,51.6000772],[-0.1912363,51.6002996],[-0.1915229,51.6004321],[-0.1919654,51.6006572],[-0.1925736,51.600946],[-0.1930806,51.6011903],[-0.1937087,51.6014609],[-0.1940791,51.6016616],[-0.194196,51.6017331],[-0.1942915,51.6018005],[-0.1944472,51.6019328],[-0.1945783,51.6020507],[-0.1946993,51.6021858],[-0.1947936,51.6023037],[-0.1948794,51.6024258],[-0.1949608,51.6025598],[-0.195013,51.6026783],[-0.1950994,51.6029471],[-0.1951212,51.603107],[-0.1951183,51.6032622],[-0.1951009,51.6033869],[-0.1950747,51.6034908],[-0.1950193,51.6036477],[-0.194941,51.6038178],[-0.1948294,51.6039749],[-0.1947061,51.604103],[-0.1945535,51.604239],[-0.1943957,51.6043647],[-0.1923916,51.6055285],[-0.191389,51.6061408],[-0.1909706,51.6064074],[-0.1902652,51.6069671],[-0.1895571,51.6076484],[-0.189227,51.6080109],[-0.1890491,51.6082244],[-0.1888874,51.6084299],[-0.1887779,51.6085912],[-0.1885445,51.6090026],[-0.1883809,51.6093657],[-0.1883337,51.6094894],[-0.188301,51.6095872],[-0.1882375,51.6097771],[-0.1880712,51.6103634],[-0.187886,51.6109164],[-0.1870355,51.6135386],[-0.1869232,51.6138559],[-0.1862587,51.6159247],[-0.1862037,51.6160838],[-0.185973,51.6167323],[-0.1857613,51.6173639],[-0.1856077,51.6177873],[-0.1854211,51.6182525],[-0.1853349,51.6184459],[-0.1850649,51.6189941],[-0.1843091,51.6203147],[-0.1834666,51.621767],[-0.1830886,51.6224127],[-0.1826433,51.6231585],[-0.182553,51.6233289],[-0.1820632,51.6241632],[-0.1812648,51.6255269],[-0.1807713,51.6263587],[-0.1803819,51.6270345],[-0.1798297,51.6279954],[-0.1794976,51.6286914],[-0.1793247,51.6292408],[-0.1792085,51.6299565],[-0.179172,51.6303695],[-0.1791639,51.6310661],[-0.1791679,51.6321218],[-0.1792583,51.6328538],[-0.1793717,51.633307],[-0.1795372,51.6337581],[-0.1797677,51.6342334],[-0.1800555,51.6347041],[-0.1804518,51.6352475],[-0.1808418,51.6357504],[-0.1813278,51.6363809],[-0.1823142,51.6376599],[-0.1830145,51.6385663],[-0.1838533,51.639663],[-0.1841914,51.6400981],[-0.1846378,51.6406772],[-0.1865125,51.6431115],[-0.1875233,51.6444287],[-0.1879594,51.6449921],[-0.1888273,51.6461204],[-0.1897749,51.6473571],[-0.1899565,51.6475947],[-0.1901733,51.6478736],[-0.1904696,51.6482102],[-0.1908042,51.6485264],[-0.1910208,51.648702],[-0.1912574,51.6488736],[-0.1916707,51.6491449],[-0.1918938,51.6492605],[-0.192077,51.6493689],[-0.1925466,51.6496336],[-0.1929757,51.6498764],[-0.1930036,51.6498925],[-0.1937772,51.6503131]]}},{"type":"Feature","id":"relation/7702971-0","properties":{"featureId":"relation/7702971-0","lineId":"northern","lineName":"Northern line","hasData":false,"valueDb":null},"geometry":{"type":"LineString","coordinates":[[-0.1940163,51.6504841],[-0.1929889,51.6499246],[-0.192944,51.6498984],[-0.1925207,51.6496597],[-0.1924447,51.6496197],[-0.1919805,51.6493623],[-0.1916399,51.6491621],[-0.1912125,51.6488945],[-0.1909762,51.6487208],[-0.1907688,51.6485492],[-0.1904223,51.6482275],[-0.1901224,51.6478845],[-0.1899079,51.6476036],[-0.1897246,51.6473684],[-0.1887734,51.6461314],[-0.1879049,51.6450047],[-0.1874706,51.6444398],[-0.1864564,51.6431211],[-0.1845819,51.6406893],[-0.1841399,51.6401113],[-0.1838039,51.6396781],[-0.1834491,51.6392257],[-0.1829509,51.638573],[-0.1822619,51.637675],[-0.1812597,51.6363797],[-0.1807849,51.6357579],[-0.1804049,51.635262],[-0.1800058,51.6347165],[-0.17972,51.6342461],[-0.1794842,51.6337638],[-0.179318,51.6333127],[-0.1792017,51.6328555],[-0.1791136,51.6321244],[-0.1791197,51.631064],[-0.179134,51.6303684],[-0.1791655,51.6299557],[-0.1792663,51.6292313],[-0.1794432,51.6286811],[-0.1797701,51.6279873],[-0.1803252,51.6270185],[-0.1807216,51.626343],[-0.1812122,51.6255173],[-0.1820107,51.6241503],[-0.1824967,51.6233146],[-0.182598,51.6231472],[-0.1830323,51.6224041],[-0.1833952,51.6217504],[-0.1842678,51.6203082],[-0.1850221,51.6189851],[-0.1852927,51.6184426],[-0.1853742,51.6182435],[-0.185563,51.617782],[-0.1857122,51.6173592],[-0.1859168,51.6167341],[-0.1861459,51.6160805],[-0.1861961,51.6159196],[-0.1868707,51.6138556],[-0.1869801,51.6135369],[-0.1880066,51.6103624],[-0.1881731,51.6097621],[-0.1882772,51.6094751],[-0.1884963,51.6089984],[-0.1886211,51.6087655],[-0.1887219,51.6085775],[-0.188857,51.6083986],[-0.1890968,51.6080355],[-0.1893985,51.6076813],[-0.1897997,51.6072801],[-0.1901549,51.606953],[-0.1909328,51.6063684],[-0.1913887,51.6060655],[-0.1942017,51.6044429],[-0.1944084,51.6043036],[-0.1945912,51.6041419],[-0.1947882,51.6039294],[-0.1948564,51.6038295],[-0.194967,51.6036307],[-0.1950263,51.6034691],[-0.1950544,51.6033138],[-0.1950617,51.603148],[-0.1950561,51.602989],[-0.1949619,51.6026705],[-0.1948848,51.6025289],[-0.1947906,51.6023749],[-0.1946792,51.6022263],[-0.1945231,51.6020587],[-0.1943895,51.6019376],[-0.1942456,51.6018189],[-0.194114,51.6017318],[-0.1939769,51.6016431],[-0.1938557,51.6015737],[-0.1937022,51.6015007],[-0.1932038,51.6012784],[-0.1925518,51.600967],[-0.1919441,51.6006832],[-0.1910632,51.6002797],[-0.1908172,51.6001744],[-0.1903288,51.59997],[-0.1887389,51.5993053],[-0.1876285,51.5988605],[-0.1864697,51.598374],[-0.1851984,51.5978375],[-0.1840799,51.597341],[-0.1818737,51.5964184],[-0.1809766,51.5960147],[-0.1792335,51.5952862],[-0.1769881,51.5943218],[-0.1748477,51.593392],[-0.1730479,51.5925972],[-0.1728285,51.5924899],[-0.1714682,51.5917823],[-0.170701,51.5913291],[-0.1694887,51.5905392],[-0.1688235,51.5900626],[-0.1679868,51.5894445],[-0.1669781,51.5886428],[-0.1664487,51.5882412],[-0.1662191,51.5881045],[-0.1658865,51.5879229],[-0.1652068,51.5875728],[-0.1646125,51.5872342],[-0.1644371,51.5871256],[-0.1642918,51.5870357],[-0.1638677,51.5867828],[-0.1634599,51.5865579],[-0.162821,51.5862428],[-0.1624074,51.5860301],[-0.1622249,51.5859421],[-0.1617651,51.5856941],[-0.1613133,51.5854164],[-0.1609521,51.5851675],[-0.1598402,51.5844575],[-0.1582592,51.5836136],[-0.1519613,51.5802119],[-0.1476489,51.5784179],[-0.1468234,51.5780772],[-0.1464578,51.5779247],[-0.1458277,51.5776619],[-0.1452411,51.5774118],[-0.1446478,51.5770629],[-0.1442158,51.5767051],[-0.1436281,51.5761089],[-0.1407087,51.5731288],[-0.1396898,51.5720882],[-0.137755,51.5699647],[-0.1373499,51.569535],[-0.1369771,51.5691164],[-0.1365045,51.5685576],[-0.1359259,51.5677868],[-0.135591,51.5673064],[-0.1351217,51.5666664],[-0.1349552,51.5663401],[-0.1348603,51.5660598],[-0.1347307,51.5655378],[-0.1347353,51.565286],[-0.1347906,51.5650137],[-0.1349317,51.5646488],[-0.1355405,51.5636147],[-0.1362844,51.5622573],[-0.1369001,51.5611387],[-0.1371898,51.5605494],[-0.1375555,51.5595046],[-0.1377832,51.5585142],[-0.1379893,51.5577641],[-0.1382656,51.5571186],[-0.1383349,51.5569769],[-0.138356,51.5569343],[-0.138371,51.5569079],[-0.1384043,51.5568487],[-0.1387568,51.5562795],[-0.1395186,51.5552335],[-0.1400013,51.5545186],[-0.1405168,51.5538237],[-0.1406528,51.5535761],[-0.1408473,51.5531753],[-0.1409725,51.5527687],[-0.1410941,51.5520954],[-0.1410706,51.5517077],[-0.1410275,51.5514729],[-0.1408173,51.550944],[-0.1407567,51.5506794],[-0.1407436,51.5503331],[-0.1407613,51.5499534],[-0.1409074,51.5494254],[-0.1412016,51.5483599],[-0.1413975,51.5477468],[-0.1417219,51.5466554],[-0.1417618,51.5464347],[-0.1417219,51.5459379],[-0.1416545,51.5456212],[-0.14159,51.5454689],[-0.1415253,51.5452431],[-0.1414514,51.544971],[-0.1414277,51.5448494],[-0.1414107,51.5447271],[-0.1414201,51.5445965],[-0.1413999,51.5441348],[-0.1415562,51.5436098],[-0.1417195,51.5428537],[-0.1418758,51.5423092],[-0.1419974,51.5412744],[-0.1422164,51.5399631],[-0.1423225,51.53946],[-0.1423338,51.5393789],[-0.142376,51.5391387],[-0.142399,51.5385961],[-0.1423646,51.5384904],[-0.14232,51.538403],[-0.1421479,51.5382082],[-0.1419358,51.5379449],[-0.1394743,51.5356524],[-0.1392015,51.5353732],[-0.1390648,51.5351924],[-0.1390092,51.5350537],[-0.1389741,51.5349385],[-0.1389445,51.5347842],[-0.138938,51.534605],[-0.1389688,51.5343195],[-0.1390981,51.5327454],[-0.139077,51.5324966],[-0.1390477,51.5322787],[-0.1388783,51.5316063],[-0.1388048,51.5313316],[-0.1385423,51.5306635],[-0.1376611,51.5291064],[-0.1374358,51.5288147],[-0.1372382,51.528604],[-0.1369531,51.5283956],[-0.1368255,51.5283101],[-0.1364904,51.5281741],[-0.1359684,51.5280857],[-0.1354246,51.528059],[-0.1350349,51.5280875],[-0.1346595,51.5281412],[-0.1343061,51.5282137],[-0.1338819,51.528328],[-0.1335473,51.5284454],[-0.1331854,51.528577],[-0.1324887,51.5287875],[-0.1316731,51.5290462],[-0.1309924,51.5293015],[-0.1307017,51.5294277],[-0.1299914,51.5297452],[-0.1295411,51.5299485],[-0.1291657,51.5300916],[-0.128711,51.5302339],[-0.1281968,51.5303886],[-0.1276028,51.5304927],[-0.1269448,51.5305654],[-0.1251129,51.5306816],[-0.1243858,51.5307096],[-0.1243426,51.5307113],[-0.1234599,51.5307438],[-0.1223668,51.5307851],[-0.1200679,51.5309354],[-0.1190753,51.5310011],[-0.1185949,51.5310371],[-0.1136313,51.5314218],[-0.1092709,51.5318544],[-0.1079066,51.5318921],[-0.1069566,51.5319205],[-0.1065223,51.5319311],[-0.1061581,51.531924],[-0.1057636,51.5318736],[-0.1055169,51.5318287],[-0.1046489,51.5316035],[-0.1018703,51.5308752],[-0.0977626,51.5296972],[-0.0911791,51.5280373],[-0.0887248,51.5273709],[-0.0882125,51.5270192],[-0.0879558,51.5266971],[-0.087543,51.5256367],[-0.087526,51.5254097],[-0.0875194,51.5253214],[-0.0874454,51.5243338],[-0.087005,51.5222149],[-0.087005,51.5216926],[-0.0871686,51.5206624],[-0.087249,51.5197814],[-0.0873255,51.5195144],[-0.0874891,51.5191486],[-0.0878924,51.518512],[-0.0880037,51.5183883],[-0.0881026,51.5182651],[-0.0886248,51.5171794],[-0.0893651,51.5153735],[-0.0896736,51.5145644],[-0.0897388,51.5142996],[-0.0897283,51.514049],[-0.0896889,51.5137359],[-0.0895486,51.5134089],[-0.0892978,51.5129413],[-0.0887225,51.5120862],[-0.0883523,51.5115862],[-0.0878266,51.5108374],[-0.0875235,51.5104672],[-0.0873707,51.5102209],[-0.0872799,51.5100226],[-0.0872691,51.5098431],[-0.0872587,51.5096737],[-0.0873224,51.5094178],[-0.0873143,51.509295],[-0.0872584,51.509174],[-0.0871212,51.508963],[-0.0870075,51.5086936],[-0.0869522,51.5085143],[-0.0869541,51.5082634],[-0.0869595,51.5079016],[-0.0870788,51.507421],[-0.0872852,51.5070036],[-0.0874994,51.5068419],[-0.0877488,51.5067098],[-0.0882424,51.5065381],[-0.088575,51.5063727],[-0.088819,51.5062105],[-0.0889075,51.5061452],[-0.0890899,51.5060106],[-0.0896049,51.5055223],[-0.0902736,51.5048831],[-0.0906743,51.5044394],[-0.0909711,51.5040714],[-0.0912314,51.5037739],[-0.0916453,51.5033],[-0.0920786,51.5027122],[-0.0922779,51.5023623],[-0.0924653,51.5019827],[-0.092634,51.5017623],[-0.0931576,51.5012993],[-0.0934194,51.5010936],[-0.0937887,51.5008538],[-0.0953273,51.5000091],[-0.0957594,51.499769],[-0.0965572,51.4993135],[-0.0968818,51.4990977],[-0.0972653,51.4988304],[-0.0977094,51.498527],[-0.0993663,51.4970547],[-0.0995386,51.4968424],[-0.0997443,51.4965849],[-0.0999393,51.4963259],[-0.1001617,51.4960333],[-0.1003207,51.4958285],[-0.1003951,51.4956943],[-0.1004635,51.4955281],[-0.1005082,51.4953853],[-0.1005278,51.4952545],[-0.1005335,51.4951655],[-0.1005417,51.4950294],[-0.1005484,51.4949204],[-0.1005548,51.4948152],[-0.100569,51.4945816],[-0.1005808,51.4943861],[-0.1006338,51.4939459],[-0.1006828,51.4936357],[-0.1007062,51.4934933],[-0.1007467,51.4933089],[-0.1008081,51.4931794],[-0.1009556,51.4929569],[-0.1011798,51.4926893],[-0.101857,51.4921897],[-0.102514,51.491709],[-0.1026553,51.4915998],[-0.1030738,51.4912491],[-0.1042305,51.4900923],[-0.1044222,51.4899065],[-0.1051981,51.4890919],[-0.1055509,51.4886792],[-0.106554,51.4876575],[-0.1068914,51.4873316],[-0.1071323,51.4870701],[-0.1072479,51.486945],[-0.1073112,51.486853],[-0.107401,51.4866795],[-0.1074862,51.4865687],[-0.1113793,51.4827405],[-0.1120687,51.4821103],[-0.1123223,51.481841],[-0.1130726,51.4810041],[-0.1144397,51.4798212],[-0.1152116,51.4790909],[-0.1168683,51.4775135],[-0.1172716,51.4771295],[-0.1189141,51.4755753],[-0.1193373,51.4751747],[-0.1211381,51.4734706],[-0.1224818,51.4721981],[-0.1232966,51.4714602],[-0.1242936,51.470587],[-0.1247294,51.4702557],[-0.1252326,51.4698731],[-0.1262563,51.4691713],[-0.1265772,51.4689486],[-0.1274393,51.4682196],[-0.1277072,51.467993],[-0.128109,51.4674827],[-0.1281565,51.4674224],[-0.1291559,51.4659426],[-0.1296428,51.4653766],[-0.1298918,51.4651246],[-0.1300635,51.4649704],[-0.1304291,51.4647078],[-0.1308221,51.464483],[-0.1327855,51.4636124],[-0.133148,51.4634787],[-0.1347759,51.4628782],[-0.1364994,51.4623027],[-0.1370172,51.4621485],[-0.1374485,51.4620215],[-0.1374806,51.462012],[-0.1376298,51.4619559],[-0.1377823,51.4618717],[-0.1378481,51.4618258],[-0.1378998,51.4617897],[-0.1379809,51.4617331],[-0.1382813,51.4615303],[-0.1388697,51.4611995],[-0.1393657,51.4609353],[-0.1414932,51.4595184],[-0.14252,51.4583413],[-0.1431273,51.4576321],[-0.1432636,51.457473],[-0.1435462,51.4571492],[-0.1449758,51.4556076],[-0.1460914,51.4544097],[-0.1465439,51.4539375],[-0.1465808,51.453899],[-0.1471973,51.4532556],[-0.1473042,51.4531216],[-0.1473332,51.4530856],[-0.1473927,51.4530117],[-0.147572,51.4527513],[-0.1477012,51.4525117],[-0.14778,51.4522647],[-0.147823,51.4521274],[-0.1478246,51.451129],[-0.1478667,51.4508106],[-0.1479426,51.4502369],[-0.1480051,51.4490408],[-0.1480163,51.4489571],[-0.1480253,51.4488776],[-0.1480397,51.4488249],[-0.1480523,51.4487692],[-0.1487346,51.4475908],[-0.1492133,51.4468922],[-0.1496033,51.4462982],[-0.1500049,51.4459604],[-0.1503941,51.4457207],[-0.1512747,51.445168],[-0.1519954,51.4443705],[-0.152462,51.4437904],[-0.15275,51.443447],[-0.1528186,51.4433718],[-0.15296,51.443199],[-0.1531195,51.4430038],[-0.1533013,51.4427826],[-0.155187,51.4404878],[-0.1559461,51.43928],[-0.1566684,51.4378739],[-0.1572287,51.4372959],[-0.1583335,51.4363843],[-0.1589128,51.4360081],[-0.1590407,51.4359333],[-0.1592987,51.4357824],[-0.1598208,51.4355269],[-0.1604979,51.4352418],[-0.1612097,51.4348656],[-0.1615151,51.4346777],[-0.1621663,51.4342415],[-0.1627351,51.4337909],[-0.1634107,51.4331139],[-0.1635821,51.4328656],[-0.1637225,51.4325488],[-0.1639167,51.4320762],[-0.1640189,51.4318777],[-0.1647738,51.4310947],[-0.1666569,51.4292455],[-0.167733,51.428231],[-0.167951,51.4279696],[-0.1681201,51.4278007],[-0.1682369,51.4276917],[-0.1686018,51.427371],[-0.1686453,51.4273327],[-0.1688352,51.4272054],[-0.169267,51.4267819],[-0.1695516,51.4264251],[-0.1699563,51.4258837],[-0.1705558,51.4251757],[-0.1706979,51.4250323],[-0.1732946,51.4230177],[-0.1735554,51.4227962],[-0.1738595,51.4225175],[-0.1741451,51.4222527],[-0.1748559,51.421495],[-0.1757839,51.4204536],[-0.1766109,51.419587],[-0.1771036,51.4190825],[-0.1776467,51.4184226],[-0.1779011,51.4181291],[-0.1779297,51.4180961],[-0.1781953,51.4178313],[-0.1783738,51.4176668],[-0.1785574,51.4175172],[-0.1788199,51.4173148],[-0.1796201,51.4169036],[-0.1799872,51.4167279],[-0.1802979,51.4166401],[-0.1805478,51.4165802],[-0.1808571,51.4165111],[-0.1820346,51.4162393],[-0.1821673,51.4162268],[-0.1836603,51.416149],[-0.1860716,51.4159848],[-0.1870526,51.4159117],[-0.188166,51.415798],[-0.1895963,51.4156937],[-0.1905944,51.4156062],[-0.1913535,51.4155232],[-0.1916553,51.4154595],[-0.191898,51.4153956],[-0.1922929,51.4152575],[-0.1924922,51.415185],[-0.192745,51.4150873],[-0.1929729,51.414988],[-0.1932934,51.4148483],[-0.1937658,51.4146188],[-0.1940562,51.4144661],[-0.1946426,51.4140087],[-0.1950819,51.4136297],[-0.1955202,51.4132362],[-0.1957482,51.4128544],[-0.1957857,51.4124841],[-0.1957616,51.4120785],[-0.1956462,51.4115495],[-0.1952681,51.4106006],[-0.1948979,51.40965],[-0.1947713,51.4089035],[-0.1946973,51.4080981],[-0.1947051,51.4042498],[-0.1947053,51.404159],[-0.1947092,51.4041324],[-0.1947086,51.4034911],[-0.1947071,51.4033833],[-0.1947049,51.4033083],[-0.1946989,51.4032429],[-0.1946906,51.4031912],[-0.1946699,51.4030814],[-0.1946558,51.4029666],[-0.1946509,51.4028689],[-0.1946534,51.4027484],[-0.194665,51.4025478],[-0.1946872,51.402391]]}},{"type":"Feature","id":"relation/7702972-0","properties":{"featureId":"relation/7702972-0","lineId":"northern","lineName":"Northern line","hasData":false,"valueDb":null},"geometry":{"type":"LineString","coordinates":[[-0.1940163,51.6504841],[-0.1929889,51.6499246],[-0.192944,51.6498984],[-0.1925207,51.6496597],[-0.1924447,51.6496197],[-0.1919805,51.6493623],[-0.1916399,51.6491621],[-0.1912125,51.6488945],[-0.1909762,51.6487208],[-0.1907688,51.6485492],[-0.1904223,51.6482275],[-0.1901224,51.6478845],[-0.1899079,51.6476036],[-0.1897246,51.6473684],[-0.1887734,51.6461314],[-0.1879049,51.6450047],[-0.1874706,51.6444398],[-0.1864564,51.6431211],[-0.1845819,51.6406893],[-0.1841399,51.6401113],[-0.1838039,51.6396781],[-0.1834491,51.6392257],[-0.1829509,51.638573],[-0.1822619,51.637675],[-0.1812597,51.6363797],[-0.1807849,51.6357579],[-0.1804049,51.635262],[-0.1800058,51.6347165],[-0.17972,51.6342461],[-0.1794842,51.6337638],[-0.179318,51.6333127],[-0.1792017,51.6328555],[-0.1791136,51.6321244],[-0.1791197,51.631064],[-0.179134,51.6303684],[-0.1791655,51.6299557],[-0.1792663,51.6292313],[-0.1794432,51.6286811],[-0.1797701,51.6279873],[-0.1803252,51.6270185],[-0.1807216,51.626343],[-0.1812122,51.6255173],[-0.1820107,51.6241503],[-0.1824967,51.6233146],[-0.182598,51.6231472],[-0.1830323,51.6224041],[-0.1833952,51.6217504],[-0.1842678,51.6203082],[-0.1850221,51.6189851],[-0.1852927,51.6184426],[-0.1853742,51.6182435],[-0.185563,51.617782],[-0.1857122,51.6173592],[-0.1859168,51.6167341],[-0.1861459,51.6160805],[-0.1861961,51.6159196],[-0.1868707,51.6138556],[-0.1869801,51.6135369],[-0.1880066,51.6103624],[-0.1881731,51.6097621],[-0.1882772,51.6094751],[-0.1884963,51.6089984],[-0.1886211,51.6087655],[-0.1887219,51.6085775],[-0.188857,51.6083986],[-0.1890968,51.6080355],[-0.1893985,51.6076813],[-0.1897997,51.6072801],[-0.1901549,51.606953],[-0.1909328,51.6063684],[-0.1913887,51.6060655],[-0.1942017,51.6044429],[-0.1944084,51.6043036],[-0.1945912,51.6041419],[-0.1947882,51.6039294],[-0.1948564,51.6038295],[-0.194967,51.6036307],[-0.1950263,51.6034691],[-0.1950544,51.6033138],[-0.1950617,51.603148],[-0.1950561,51.602989],[-0.1949619,51.6026705],[-0.1948848,51.6025289],[-0.1947906,51.6023749],[-0.1946792,51.6022263],[-0.1945231,51.6020587],[-0.1943895,51.6019376],[-0.1942456,51.6018189],[-0.194114,51.6017318],[-0.1939769,51.6016431],[-0.1938557,51.6015737],[-0.1937022,51.6015007],[-0.1932038,51.6012784],[-0.1925518,51.600967],[-0.1919441,51.6006832],[-0.1910632,51.6002797],[-0.1908172,51.6001744],[-0.1903288,51.59997],[-0.1887389,51.5993053],[-0.1876285,51.5988605],[-0.1864697,51.598374],[-0.1851984,51.5978375],[-0.1840799,51.597341],[-0.1818737,51.5964184],[-0.1809766,51.5960147],[-0.1792335,51.5952862],[-0.1769881,51.5943218],[-0.1748477,51.593392],[-0.1730479,51.5925972],[-0.1728285,51.5924899],[-0.1714682,51.5917823],[-0.170701,51.5913291],[-0.1694887,51.5905392],[-0.1688235,51.5900626],[-0.1679868,51.5894445],[-0.1669781,51.5886428],[-0.1664487,51.5882412],[-0.1662191,51.5881045],[-0.1658865,51.5879229],[-0.1652068,51.5875728],[-0.1646125,51.5872342],[-0.1644371,51.5871256],[-0.1642918,51.5870357],[-0.1638677,51.5867828],[-0.1634599,51.5865579],[-0.162821,51.5862428],[-0.1624074,51.5860301],[-0.1622249,51.5859421],[-0.1617651,51.5856941],[-0.1613133,51.5854164],[-0.1609521,51.5851675],[-0.1598402,51.5844575],[-0.1582592,51.5836136],[-0.1519613,51.5802119],[-0.1476489,51.5784179],[-0.1468234,51.5780772],[-0.1464578,51.5779247],[-0.1458277,51.5776619],[-0.1452411,51.5774118],[-0.1446478,51.5770629],[-0.1442158,51.5767051],[-0.1436281,51.5761089],[-0.1407087,51.5731288],[-0.1396898,51.5720882],[-0.137755,51.5699647],[-0.1373499,51.569535],[-0.1369771,51.5691164],[-0.1365045,51.5685576],[-0.1359259,51.5677868],[-0.135591,51.5673064],[-0.1351217,51.5666664],[-0.1349552,51.5663401],[-0.1348603,51.5660598],[-0.1347307,51.5655378],[-0.1347353,51.565286],[-0.1347906,51.5650137],[-0.1349317,51.5646488],[-0.1355405,51.5636147],[-0.1362844,51.5622573],[-0.1369001,51.5611387],[-0.1371898,51.5605494],[-0.1375555,51.5595046],[-0.1377832,51.5585142],[-0.1379893,51.5577641],[-0.1382656,51.5571186],[-0.1383349,51.5569769],[-0.138356,51.5569343],[-0.138371,51.5569079],[-0.1384043,51.5568487],[-0.1387568,51.5562795],[-0.1395186,51.5552335],[-0.1400013,51.5545186],[-0.1405168,51.5538237],[-0.1406528,51.5535761],[-0.1408473,51.5531753],[-0.1409725,51.5527687],[-0.1410941,51.5520954],[-0.1410706,51.5517077],[-0.1410275,51.5514729],[-0.1408173,51.550944],[-0.1407567,51.5506794],[-0.1407436,51.5503331],[-0.1407613,51.5499534],[-0.1409074,51.5494254],[-0.1412016,51.5483599],[-0.1413975,51.5477468],[-0.1417219,51.5466554],[-0.1417618,51.5464347],[-0.1417219,51.5459379],[-0.1416545,51.5456212],[-0.14159,51.5454689],[-0.1415253,51.5452431],[-0.1414514,51.544971],[-0.1414277,51.5448494],[-0.1414107,51.5447271],[-0.1414201,51.5445965],[-0.1413999,51.5441348],[-0.1415562,51.5436098],[-0.1417195,51.5428537],[-0.1418758,51.5423092],[-0.1419974,51.5412744],[-0.1422164,51.5399631],[-0.1423225,51.53946],[-0.1423338,51.5393789],[-0.142376,51.5391387],[-0.142371,51.5389405],[-0.1423539,51.5388048],[-0.1423345,51.5387256],[-0.1422972,51.538629],[-0.1421481,51.5383988],[-0.1418988,51.5380439],[-0.1415234,51.5375979],[-0.1411568,51.5372221],[-0.1396692,51.5358747],[-0.1391752,51.5353624],[-0.1383723,51.5344326],[-0.1351626,51.5314036],[-0.1340511,51.5302912],[-0.133816,51.5299611],[-0.1337164,51.5297318],[-0.1336789,51.5294921],[-0.1337084,51.5290409],[-0.1337292,51.528765],[-0.1338263,51.5285354],[-0.1340079,51.5282784],[-0.134245,51.5281005],[-0.1346552,51.5278761],[-0.1351946,51.5276434],[-0.1374375,51.526765],[-0.1377977,51.5266263],[-0.1379517,51.526561],[-0.1380724,51.526495],[-0.1382252,51.5263727],[-0.1383218,51.5262354],[-0.1383644,51.5260668],[-0.1383486,51.5258664],[-0.1382985,51.5256805],[-0.1377493,51.5246057],[-0.1376199,51.5243342],[-0.1372014,51.5237134],[-0.1365076,51.5229396],[-0.1342306,51.5205525],[-0.1322281,51.5186402],[-0.13077,51.5170681],[-0.130257,51.5161311],[-0.1298795,51.5153108],[-0.1298428,51.5152395],[-0.1295624,51.5142286],[-0.1292277,51.5135043],[-0.1291284,51.5133243],[-0.1290075,51.5131293],[-0.1286892,51.5126122],[-0.1284467,51.5122506],[-0.1284053,51.5121391],[-0.1283719,51.5120312],[-0.1283659,51.512005],[-0.1283486,51.5119071],[-0.1283281,51.5117756],[-0.1282939,51.5115114],[-0.1283384,51.5105866],[-0.1283136,51.5104159],[-0.1282658,51.5102705],[-0.1282221,51.5101706],[-0.1280943,51.5099766],[-0.1279306,51.5098083],[-0.1277573,51.5096808],[-0.127528,51.5095608],[-0.1269817,51.5093491],[-0.1261234,51.509086],[-0.1259736,51.5090324],[-0.1254327,51.5087886],[-0.1249331,51.508528],[-0.1246601,51.508383],[-0.1244833,51.508308],[-0.1243005,51.5082517],[-0.1240536,51.5081845],[-0.1236349,51.5080843],[-0.1233373,51.5080115],[-0.1231083,51.5079465],[-0.1226092,51.5077706],[-0.1218816,51.5075217],[-0.1212571,51.5073317],[-0.120513,51.5071146],[-0.1199824,51.5069496],[-0.1191213,51.5066784],[-0.118532,51.5065004],[-0.1179753,51.5062991],[-0.1172844,51.506032],[-0.1169942,51.5059059],[-0.1165286,51.5056799],[-0.1161294,51.5054327],[-0.1156485,51.5050012],[-0.1153813,51.5047519],[-0.1150074,51.5044263],[-0.1147909,51.5041952],[-0.1145803,51.5039515],[-0.1143104,51.5035706],[-0.1131083,51.5017708],[-0.1127095,51.5012239],[-0.1125183,51.5009122],[-0.112315,51.5005531],[-0.1120554,51.5002178],[-0.1118122,51.4998792],[-0.1116998,51.4996706],[-0.1113127,51.4991714],[-0.1108004,51.4985038],[-0.1100045,51.4972788],[-0.1098107,51.4969856],[-0.1094861,51.4965223],[-0.1089243,51.4957203],[-0.1083158,51.4949416],[-0.1080836,51.4946088],[-0.1078972,51.4943958],[-0.1076542,51.4941828],[-0.1072731,51.4938895],[-0.1071554,51.4938272],[-0.1070459,51.4937692],[-0.1063919,51.4933774],[-0.105676,51.4929723],[-0.1048517,51.4925014],[-0.1043721,51.4922128],[-0.1041182,51.4920144],[-0.103981,51.4918822],[-0.1037517,51.4916307],[-0.1036364,51.4914678],[-0.1035415,51.4912532],[-0.1035331,51.490993],[-0.1035342,51.4908172],[-0.1036191,51.4905513],[-0.1037358,51.4903131],[-0.1038425,51.4901433],[-0.1040668,51.4898358],[-0.1042273,51.4896799],[-0.1047197,51.4893079],[-0.1063789,51.487594],[-0.1064414,51.4875283],[-0.1066219,51.4872779],[-0.1066988,51.4871647],[-0.1067937,51.4869276],[-0.1068521,51.4866532],[-0.1069082,51.4860502],[-0.1068851,51.4858756],[-0.1068828,51.4856555],[-0.106897,51.4854737],[-0.1069332,51.4852642],[-0.1069838,51.4850639],[-0.1071171,51.4847411],[-0.1073985,51.4842568],[-0.1076509,51.4839253],[-0.1081129,51.4834575],[-0.1084231,51.4832198],[-0.1090111,51.4828367],[-0.1095988,51.4825342],[-0.1101179,51.482312],[-0.1107649,51.482111],[-0.1111699,51.4820031],[-0.1115785,51.4819106],[-0.1122758,51.4817731],[-0.1125206,51.4817255],[-0.113659,51.4815318],[-0.1138694,51.481496],[-0.1146899,51.4813536],[-0.1161192,51.4810998],[-0.1161682,51.4810913],[-0.1174423,51.4808698],[-0.1212467,51.4802039],[-0.1218202,51.4800992],[-0.1227499,51.479933],[-0.1237348,51.479772],[-0.1237846,51.4797639],[-0.1241818,51.4796939],[-0.1245303,51.4796372],[-0.1250993,51.4795698],[-0.1258002,51.4795397],[-0.1264872,51.4795649],[-0.1271105,51.4796125],[-0.1278692,51.4797356],[-0.1282145,51.4797958],[-0.1304351,51.4802358],[-0.1321309,51.4805616],[-0.1327529,51.4806916],[-0.1334825,51.4808434],[-0.1345389,51.4810239],[-0.1357736,51.4811482],[-0.1367445,51.4811794],[-0.1377171,51.4811588],[-0.138629,51.4810986],[-0.1390352,51.4810589],[-0.1394619,51.4809903],[-0.1397937,51.4809166],[-0.140371,51.4807353],[-0.1411037,51.4804531],[-0.1412414,51.4803933],[-0.1415276,51.480252],[-0.1421134,51.4799719],[-0.1438791,51.4790947]]}},{"type":"Feature","id":"relation/15345225-0","properties":{"featureId":"relation/15345225-0","lineId":"central","lineName":"Central line","hasData":false,"valueDb":null},"geometry":{"type":"LineString","coordinates":[[0.0573008,51.6419545],[0.0570427,51.6418816],[0.0567704,51.6417917],[0.0566914,51.6417614],[0.0563598,51.6416121],[0.0556238,51.641256],[0.0551638,51.6410315],[0.0549147,51.6408875],[0.0548147,51.6408217],[0.0547877,51.6408018],[0.0545893,51.6406555],[0.0544158,51.640511],[0.0543153,51.6404145],[0.0542183,51.6403112],[0.0540898,51.6401553],[0.0540172,51.6400629],[0.0539391,51.6399399],[0.0538391,51.6397671],[0.0538129,51.6397104],[0.0537448,51.6395388],[0.053581,51.6390515],[0.0534978,51.6387797],[0.0534138,51.6384532],[0.0533589,51.6382823],[0.0532845,51.6380366],[0.0532107,51.6378411],[0.0529026,51.637218],[0.0525659,51.6365414],[0.0520121,51.6356088],[0.0509602,51.6342104],[0.0500011,51.6329503],[0.0493721,51.6320363],[0.0490118,51.6314253],[0.0486694,51.6308333],[0.0483796,51.6301901],[0.0480872,51.6295985],[0.0477692,51.6288992],[0.0475872,51.6283867],[0.0474161,51.6279177],[0.0470704,51.6267595],[0.0469967,51.6265206],[0.046839,51.6259521],[0.0467215,51.6255606],[0.0466595,51.6253196],[0.0466166,51.6251955],[0.0461141,51.6238345],[0.0455213,51.6224473],[0.0449955,51.6215444],[0.0446062,51.6208656],[0.0443518,51.6204254],[0.0439662,51.6198598],[0.0430594,51.6186153],[0.041981,51.6172321],[0.041478,51.6165642],[0.0413036,51.6163356],[0.0410582,51.616037],[0.040864,51.6157905],[0.0397956,51.6144397],[0.036889,51.6107769],[0.0358449,51.6094951],[0.0355383,51.6090863],[0.0352565,51.6087124],[0.0350343,51.6083808],[0.0348646,51.6081208],[0.0346439,51.6077857],[0.0345566,51.6076409],[0.0344366,51.6074508],[0.0339455,51.6066349],[0.0332683,51.6053964],[0.0330607,51.6050148],[0.032961,51.6048293],[0.0326832,51.6043269],[0.0324565,51.6038989],[0.0321971,51.6034363],[0.0318424,51.6027813],[0.031638,51.6023783],[0.0297399,51.5990248],[0.0288922,51.5971955],[0.0285783,51.5963486],[0.0283931,51.5958218],[0.0280254,51.5946536],[0.0275282,51.592157],[0.0275194,51.5921128],[0.0274819,51.5919244],[0.0271618,51.5905931],[0.0270353,51.5901504],[0.0266664,51.5891455],[0.0261328,51.5880273],[0.0255775,51.5869941],[0.0250865,51.5861693],[0.0242199,51.5848095],[0.0241074,51.5846332],[0.022915,51.5828423],[0.0223109,51.5818013],[0.0218861,51.5811796],[0.021722,51.5809552],[0.0206956,51.5795773],[0.0206475,51.5795046],[0.0168652,51.5744248],[0.0162,51.5737004],[0.0157571,51.5733861],[0.0153558,51.5731365],[0.0139859,51.5724463],[0.0135474,51.5722018],[0.0123412,51.5715686],[0.0117343,51.5712374],[0.0111927,51.5709212],[0.0102819,51.5702413],[0.0099947,51.5700124],[0.0094283,51.5695525],[0.008895,51.5690637],[0.0086356,51.5688001],[0.0084455,51.5685732],[0.0081111,51.5682054],[0.0080063,51.5680645],[0.0078706,51.5678576],[0.0076138,51.5675114],[0.0072048,51.5668538],[0.0070915,51.566697],[0.0061217,51.5652947],[0.0054053,51.5644316],[0.0046792,51.5636233],[0.0036025,51.5626355],[0.0032766,51.5623664],[0.0018279,51.5612236],[0.0007546,51.560553],[0.0007155,51.5605254],[0.0004099,51.5603097],[-0.0041811,51.5574081],[-0.005462,51.5565882],[-0.0059544,51.5562611],[-0.0062876,51.5560365],[-0.0066075,51.5557729],[-0.0069121,51.555485],[-0.0070971,51.5553018],[-0.0072662,51.5551144],[-0.0074793,51.554832],[-0.0076185,51.5546148],[-0.0077099,51.5544413],[-0.0077835,51.5542384],[-0.007838,51.554034],[-0.0078871,51.5537788],[-0.0079072,51.5535272],[-0.0078989,51.5533281],[-0.0078761,51.5531544],[-0.0078369,51.5529757],[-0.0077861,51.5528045],[-0.0077034,51.5525943],[-0.007588,51.5523692],[-0.0074879,51.5522088],[-0.0073705,51.552047],[-0.0071595,51.5517525],[-0.0069771,51.5515199],[-0.0066555,51.551206],[-0.0059811,51.5507461],[-0.0054445,51.5504373],[-0.0049188,51.5501677],[-0.004319,51.5499317],[-0.0029299,51.5494402],[-0.0020827,51.5491095],[-0.0015468,51.5488514],[-0.0009317,51.5485412],[-0.000439,51.548198],[-0.0000813,51.5478922],[0.0002106,51.5475829],[0.0005316,51.5471485],[0.0007486,51.5467732],[0.0008921,51.5464146],[0.0009917,51.5460751],[0.001026,51.5457792],[0.0010296,51.5454201],[0.0009268,51.5451133],[0.0006707,51.5447354],[0.0003879,51.5443962],[0.0000496,51.5440903],[-0.000262,51.5438559],[-0.0004514,51.543707],[-0.0006232,51.5435897],[-0.0009431,51.5433472],[-0.0015157,51.5429315],[-0.0019534,51.5426283],[-0.0021705,51.5424763],[-0.0023917,51.5423254],[-0.0027127,51.5420994],[-0.0028307,51.5420165],[-0.0036065,51.5414704],[-0.0037561,51.5413676],[-0.0039011,51.5412626],[-0.004052,51.5411529],[-0.0042757,51.5409798],[-0.0044812,51.540822],[-0.0046177,51.540715],[-0.0047724,51.5405949],[-0.0049118,51.5404888],[-0.0051007,51.5403498],[-0.0053184,51.5401965],[-0.0062728,51.5395549],[-0.007147,51.5387474],[-0.0087029,51.5372052],[-0.0114465,51.5355895],[-0.0120531,51.5352549],[-0.0148648,51.533704],[-0.0165789,51.5327131],[-0.0171621,51.5323176],[-0.0180857,51.5316914],[-0.0217992,51.5288102],[-0.0232058,51.5281192],[-0.0246765,51.5273737],[-0.0254063,51.5271195],[-0.0265765,51.526757],[-0.0279743,51.5263796],[-0.0324542,51.5254409],[-0.033369,51.5252369],[-0.0343865,51.5250009],[-0.0352695,51.5248137],[-0.0373538,51.5240171],[-0.038101,51.5238321],[-0.0386572,51.5237656],[-0.0391448,51.5237547],[-0.0406016,51.5237708],[-0.0410094,51.5237888],[-0.0420885,51.5238363],[-0.0426666,51.5238732],[-0.0434268,51.5239251],[-0.044135,51.5239839],[-0.0447811,51.5240395],[-0.0454854,51.5241446],[-0.0462087,51.5243024],[-0.0468061,51.5245301],[-0.0476273,51.5249009],[-0.049847,51.5261308],[-0.0509718,51.5265764],[-0.0519939,51.5268884],[-0.0523353,51.5269653],[-0.0527519,51.5270347],[-0.0535671,51.5270959],[-0.0544557,51.5271395],[-0.0553435,51.5271831],[-0.0568366,51.5272338],[-0.0576133,51.5271785],[-0.0580886,51.5271332],[-0.0664179,51.526209],[-0.0679138,51.5259672],[-0.0690157,51.5257682],[-0.0698155,51.5255843],[-0.0703855,51.5253831],[-0.0708626,51.5251909],[-0.0718451,51.5247345],[-0.0754595,51.5230903],[-0.0760624,51.5227635],[-0.0767972,51.5222982],[-0.0775474,51.5217938],[-0.0817144,51.5187664],[-0.0818681,51.5186419],[-0.0820041,51.5185186],[-0.0821607,51.5183579],[-0.0824665,51.5180439],[-0.0825668,51.5179588],[-0.0827158,51.517837],[-0.082919,51.5176371],[-0.0830069,51.5175218],[-0.0830802,51.5173976],[-0.0832941,51.5168738],[-0.0834633,51.516435],[-0.0836017,51.5161886],[-0.0837307,51.5160175],[-0.084196,51.5155241],[-0.0842207,51.515498],[-0.0843832,51.5153256],[-0.0845113,51.5152061],[-0.0846916,51.5150701],[-0.0849062,51.5149509],[-0.085035,51.5148918],[-0.085212,51.5148296],[-0.0853321,51.514784],[-0.0854051,51.5147367],[-0.0855258,51.5146588],[-0.0861349,51.5141267],[-0.0862829,51.5140494],[-0.0865068,51.5139843],[-0.0878184,51.5137319],[-0.0879402,51.5137033],[-0.0880791,51.5136664],[-0.0881609,51.5136396],[-0.0881984,51.5136258],[-0.0882366,51.5136093],[-0.0882661,51.5135952],[-0.088318,51.5135657],[-0.0884658,51.5134608],[-0.0884947,51.5134419],[-0.0885313,51.5134185],[-0.0885592,51.5134014],[-0.0885902,51.5133849],[-0.0886311,51.513364],[-0.0886727,51.5133442],[-0.088704,51.5133301],[-0.0887428,51.5133149],[-0.0887813,51.5133011],[-0.0888177,51.5132891],[-0.0888526,51.5132787],[-0.0888959,51.513267],[-0.0889454,51.5132557],[-0.0890039,51.5132453],[-0.0890506,51.5132387],[-0.0890902,51.5132343],[-0.0891208,51.5132315],[-0.089151,51.5132293],[-0.0892009,51.5132272],[-0.0892559,51.5132261],[-0.0892914,51.5132264],[-0.08933,51.5132277],[-0.0893799,51.5132306],[-0.089414,51.5132332],[-0.0894659,51.5132378],[-0.0895211,51.5132439],[-0.0895488,51.513247],[-0.0895775,51.5132505],[-0.0896261,51.5132571],[-0.0896538,51.5132612],[-0.0896844,51.513266],[-0.0897218,51.5132722],[-0.0897564,51.5132785],[-0.0897961,51.5132864],[-0.089963,51.5133321],[-0.0903335,51.5134283],[-0.0918266,51.5137173],[-0.0934651,51.514002],[-0.0953238,51.5142941],[-0.0956432,51.5143627],[-0.0959233,51.5144238],[-0.0963522,51.5145224],[-0.0976983,51.5150108],[-0.0983057,51.5152303],[-0.0983719,51.5152497],[-0.0991571,51.5154842],[-0.0999325,51.5157157],[-0.1017732,51.5161902],[-0.1020518,51.5162787],[-0.1030763,51.5166219],[-0.1051558,51.5173149],[-0.1056791,51.5174574],[-0.1065415,51.5175994],[-0.1098743,51.5179651],[-0.1102603,51.5180211],[-0.1107621,51.5181007],[-0.1112664,51.5181697],[-0.1117089,51.5182138],[-0.112146,51.5182445],[-0.1135547,51.5182724],[-0.1139742,51.518255],[-0.1143379,51.5182256],[-0.1146694,51.5181928],[-0.1162871,51.517979],[-0.1179083,51.5177992],[-0.1183754,51.517752],[-0.1193216,51.5176447],[-0.1201847,51.5175468],[-0.1209828,51.5174713],[-0.1215656,51.5174079],[-0.1222488,51.5173288],[-0.1241127,51.5171581],[-0.1245946,51.5171212],[-0.1252455,51.5170703],[-0.1258624,51.5170038],[-0.1261504,51.5169728],[-0.1264042,51.5169454],[-0.1278768,51.5167235],[-0.1289919,51.5165483],[-0.1299375,51.5163842],[-0.131045,51.5162723],[-0.1327997,51.5161338],[-0.1328803,51.5161252],[-0.1343306,51.5160236],[-0.1379109,51.5156639],[-0.1396658,51.5154888],[-0.1402341,51.5154251],[-0.1407785,51.5153611],[-0.1413645,51.5152942],[-0.1422192,51.5152213],[-0.1459202,51.5147706],[-0.1498819,51.5142531],[-0.1537469,51.5138425],[-0.156062,51.5136251],[-0.1581495,51.5133982],[-0.1586609,51.5133423],[-0.1591702,51.5132854],[-0.1626344,51.5129455],[-0.1648713,51.5127306],[-0.1724153,51.5119697],[-0.1750689,51.5116952],[-0.1807132,51.5108362],[-0.1820503,51.5106401],[-0.1827255,51.510556],[-0.1836028,51.510485],[-0.1845769,51.5104266],[-0.1861734,51.5102957],[-0.1872283,51.5101973],[-0.1883114,51.5101395],[-0.18939,51.5100732],[-0.1909073,51.5099864],[-0.1913603,51.5099514],[-0.1918041,51.5099051],[-0.1922602,51.5098309],[-0.1927714,51.5097309],[-0.1943758,51.5094474],[-0.1954168,51.5092846],[-0.1959488,51.5091709],[-0.1960983,51.5091333],[-0.1961749,51.5091138],[-0.1962866,51.5090862],[-0.196381,51.50906],[-0.1965091,51.5090217],[-0.1966542,51.5089765],[-0.196849,51.5089146],[-0.1970352,51.5088493],[-0.1971487,51.5088162],[-0.1972697,51.5087823],[-0.1973573,51.5087588],[-0.1974763,51.508728],[-0.1975766,51.5087054],[-0.1976528,51.5086881],[-0.1979842,51.5086159],[-0.1983374,51.5085617],[-0.1992944,51.5085058],[-0.2005454,51.5084358],[-0.2012355,51.5083761],[-0.2020168,51.5082268],[-0.2041236,51.5075519],[-0.2044528,51.5074347],[-0.2047134,51.5073506],[-0.2049412,51.5072812],[-0.2050173,51.507258],[-0.2052475,51.5071921],[-0.2054505,51.5071336],[-0.20552,51.5071135],[-0.2056449,51.507078],[-0.2057039,51.5070613],[-0.2057979,51.5070334],[-0.2059619,51.506985],[-0.2061104,51.5069408],[-0.2066079,51.5068043],[-0.2091134,51.5062345],[-0.2168437,51.5045616],[-0.2172782,51.5044537],[-0.217498,51.5044046],[-0.2177295,51.5043663],[-0.2179626,51.5043369],[-0.2181984,51.5043151],[-0.2184352,51.5042996],[-0.2186695,51.5042876],[-0.21891,51.5042876],[-0.2190901,51.504303],[-0.2192531,51.5043224],[-0.2194534,51.5043479],[-0.2207569,51.5045085],[-0.2209656,51.5045411],[-0.2211594,51.5045754],[-0.2213175,51.5046052],[-0.2214518,51.5046412],[-0.2215625,51.5046935],[-0.2216446,51.5047547],[-0.2217042,51.5048264],[-0.2217193,51.504904],[-0.2217228,51.5050031],[-0.2217173,51.5050714],[-0.2217073,51.5057892],[-0.2217021,51.5061648],[-0.2216961,51.5063259],[-0.2216482,51.5066039],[-0.2215643,51.5071331],[-0.2215742,51.5073669],[-0.2215986,51.5076177],[-0.2216736,51.5078777],[-0.2217574,51.5080842],[-0.2220063,51.5085104],[-0.2222544,51.508812],[-0.2226195,51.50911],[-0.2229936,51.5093673],[-0.2239132,51.5099995],[-0.2240322,51.5101237],[-0.2241108,51.510259],[-0.2241765,51.5104546],[-0.2241826,51.5105386],[-0.2241749,51.5105935],[-0.224171,51.5107742],[-0.2241724,51.5108609],[-0.2241588,51.5110192],[-0.2240732,51.5113749],[-0.2240422,51.5116526],[-0.2240487,51.5119444],[-0.2240536,51.5121612],[-0.2241226,51.512503],[-0.2241776,51.5126942],[-0.2243117,51.5130472],[-0.2244178,51.5133452],[-0.2245912,51.5137966],[-0.2248311,51.5143364],[-0.2249364,51.5145194],[-0.2250253,51.5146571],[-0.2251325,51.5147893],[-0.2252784,51.5149007],[-0.2254333,51.5149913],[-0.2256583,51.5151171],[-0.2258283,51.5151881],[-0.2260339,51.5152569],[-0.2263142,51.5153351],[-0.2266338,51.5154586],[-0.2267149,51.5154808],[-0.2270061,51.5155678],[-0.2278587,51.5158075],[-0.2282215,51.5158909],[-0.2286165,51.515963],[-0.2290864,51.516043],[-0.2294989,51.5161013],[-0.2302108,51.5161686],[-0.2308684,51.5162101],[-0.2311353,51.5162162],[-0.2315939,51.516218],[-0.2322243,51.5161986],[-0.2325867,51.5161776],[-0.2330735,51.5161346],[-0.2335933,51.5160756],[-0.2338004,51.5160517],[-0.2340781,51.516015],[-0.2344368,51.5159575],[-0.2347219,51.5159051],[-0.2349446,51.5158566],[-0.2351716,51.5158013],[-0.2354744,51.5157273],[-0.235634,51.5156941],[-0.2358061,51.5156628],[-0.2359389,51.5156418],[-0.2361109,51.5156184],[-0.236365,51.5155933],[-0.2367796,51.5155654],[-0.2378976,51.5154935],[-0.2384262,51.5154547],[-0.2398236,51.5153665],[-0.2405561,51.5153157],[-0.2409481,51.5152888],[-0.2418147,51.5152611],[-0.2418984,51.5152577],[-0.2421643,51.5152469],[-0.2426898,51.5152598],[-0.2429646,51.5152756],[-0.2432094,51.5152976],[-0.2440339,51.5154209],[-0.2447104,51.5155471],[-0.245124,51.5156601],[-0.2455293,51.5157943],[-0.2457739,51.5158861],[-0.2460505,51.515996],[-0.2465576,51.5162329],[-0.2471521,51.5165543],[-0.247316,51.5166648],[-0.2473614,51.5166956],[-0.247731,51.5169738],[-0.2479526,51.5171455],[-0.2481593,51.5173376],[-0.2493399,51.5184872],[-0.2505198,51.5196452],[-0.2506824,51.5198101],[-0.2518358,51.520954],[-0.2521706,51.5212245],[-0.2524874,51.5214411],[-0.2527775,51.5216513],[-0.2531482,51.5218678],[-0.253757,51.5221343],[-0.2544916,51.522408],[-0.2548501,51.5225179],[-0.2554594,51.5226835],[-0.2562609,51.5228475],[-0.2569479,51.5229959],[-0.2572335,51.5230531],[-0.2581048,51.5232278],[-0.2588626,51.5233693],[-0.2593481,51.5234688],[-0.2600785,51.5236305],[-0.2609983,51.5238561],[-0.2613085,51.5239211],[-0.2634783,51.5243541],[-0.2635806,51.5243745],[-0.2638922,51.5244379],[-0.2640225,51.5244628],[-0.2646415,51.5246147],[-0.2655159,51.5248433],[-0.2657539,51.5248981],[-0.2660344,51.5249572],[-0.2662625,51.5249985],[-0.2666236,51.5250668],[-0.2669048,51.5251112],[-0.2671389,51.5251394],[-0.2673807,51.5251643],[-0.2676674,51.5251863],[-0.2678709,51.5251949],[-0.2681775,51.5252018],[-0.2685147,51.5251986],[-0.2687186,51.5251875],[-0.2691019,51.5251553],[-0.269305,51.5251322],[-0.2695647,51.5250948],[-0.2699308,51.5250212],[-0.2705998,51.5248605],[-0.271119,51.5246882],[-0.2716078,51.5244825],[-0.272149,51.5241976],[-0.272655,51.5238755],[-0.2752415,51.5220242],[-0.2794922,51.5189889],[-0.2799722,51.5186447],[-0.2808512,51.5180135],[-0.2817085,51.5173935],[-0.2830055,51.5164653],[-0.2836557,51.5160388],[-0.2842188,51.5157426],[-0.2847597,51.5155158],[-0.2853191,51.5153456],[-0.2858633,51.5152168],[-0.2864079,51.5151223],[-0.2871,51.5150517],[-0.2877195,51.5150278],[-0.2898489,51.5150375],[-0.2917547,51.5150704],[-0.2921641,51.5150804],[-0.2942428,51.5150905],[-0.295078,51.515081],[-0.2958464,51.5150675],[-0.2965704,51.5150466],[-0.2976224,51.5150247],[-0.2977756,51.5150229],[-0.2984312,51.5150027],[-0.2996403,51.5149596],[-0.3008709,51.5149182]]}},{"type":"Feature","id":"relation/15345226-0","properties":{"featureId":"relation/15345226-0","lineId":"central","lineName":"Central line","hasData":false,"valueDb":null},"geometry":{"type":"LineString","coordinates":[[-0.2985599,51.5150377],[-0.2987404,51.51504],[-0.2997233,51.5150486],[-0.3000928,51.5150507],[-0.3006517,51.5150469],[-0.3010518,51.5150298],[-0.2985599,51.5150377],[-0.2967041,51.5150789],[-0.2965288,51.5150851],[-0.2958487,51.5151015],[-0.295073,51.515117],[-0.2942482,51.5151255],[-0.2921469,51.5151176],[-0.2917521,51.5151066],[-0.2898494,51.5150727],[-0.2877241,51.5150696],[-0.2871032,51.5150939],[-0.2864232,51.5151608],[-0.2858799,51.5152538],[-0.2853452,51.5153816],[-0.2847992,51.5155562],[-0.2842646,51.5157763],[-0.2836552,51.5160968],[-0.2831005,51.5164636],[-0.2825258,51.5168689],[-0.2813564,51.5176976],[-0.2800132,51.5186534],[-0.2795184,51.5190072],[-0.2752887,51.5220495],[-0.2727007,51.5239009],[-0.2721892,51.5242276],[-0.2716419,51.5245151],[-0.2711445,51.5247183],[-0.2706177,51.5248925],[-0.2699684,51.5250545],[-0.2696124,51.5251201],[-0.2692844,51.5251686],[-0.2689877,51.5251979],[-0.2687112,51.5252158],[-0.2684998,51.5252262],[-0.2683355,51.5252308],[-0.2681435,51.5252317],[-0.267866,51.5252284],[-0.2675936,51.525216],[-0.2674366,51.525206],[-0.267295,51.5251921],[-0.2670732,51.5251666],[-0.2668275,51.5251368],[-0.2663816,51.5250632],[-0.2662195,51.5250296],[-0.2659852,51.5249785],[-0.2653562,51.5248414],[-0.2617373,51.5241095],[-0.260816,51.5239164],[-0.2599555,51.5237233],[-0.259194,51.5235534],[-0.2586135,51.5234235],[-0.2579811,51.5232771],[-0.2574773,51.5231487],[-0.2564639,51.5229288],[-0.2554829,51.5227343],[-0.2548183,51.5225577],[-0.2544972,51.522459],[-0.2536529,51.5221369],[-0.2531187,51.5219054],[-0.2527995,51.5217168],[-0.2524777,51.5215065],[-0.252239,51.5213438],[-0.2517881,51.5209863],[-0.2506571,51.5198281],[-0.2505083,51.5196732],[-0.2492868,51.5184948],[-0.2481132,51.5173528],[-0.2479052,51.5171623],[-0.2477016,51.5169886],[-0.2473279,51.5167151],[-0.2472836,51.5166832],[-0.2471196,51.5165731],[-0.2465182,51.5162541],[-0.2460237,51.5160222],[-0.2457261,51.5159091],[-0.2453705,51.5157797],[-0.2450945,51.5156928],[-0.2445897,51.5155604],[-0.2439286,51.5154368],[-0.2431974,51.5153289],[-0.2429606,51.5153067],[-0.2426897,51.5152933],[-0.2421703,51.5152795],[-0.2418205,51.5152915],[-0.2410178,51.5153304],[-0.2405945,51.5153638],[-0.2398441,51.5154233],[-0.2383973,51.5155558],[-0.2377791,51.5156134],[-0.2367362,51.5157018],[-0.2361707,51.5157509],[-0.2358787,51.5157693],[-0.2356284,51.5157748],[-0.2349875,51.515785],[-0.2346825,51.5157953],[-0.2344744,51.5158052],[-0.2342131,51.5158293],[-0.2339043,51.5158739],[-0.2333328,51.51596],[-0.2329219,51.5160191],[-0.2325436,51.5160579],[-0.2320723,51.5160923],[-0.2317101,51.5161109],[-0.231318,51.5161177],[-0.2308782,51.5161122],[-0.2302809,51.5160872],[-0.2297889,51.5160467],[-0.2291754,51.5159771],[-0.2286538,51.5158962],[-0.228315,51.5158399],[-0.2279737,51.515778],[-0.2276212,51.5156945],[-0.2272225,51.515594],[-0.2266548,51.5154314],[-0.226291,51.5152887],[-0.2260999,51.5152274],[-0.2259304,51.51516],[-0.225745,51.5150724],[-0.2255375,51.5149822],[-0.2252062,51.5147346],[-0.2251094,51.5146245],[-0.2250412,51.5145196],[-0.2249788,51.5144011],[-0.2246972,51.5136993],[-0.2245179,51.5132313],[-0.2244339,51.5129949],[-0.2243896,51.5127724],[-0.224368,51.5124567],[-0.2243761,51.5121257],[-0.224384,51.5119461],[-0.2243816,51.5117729],[-0.2243694,51.511154],[-0.2243574,51.510859],[-0.2243533,51.5106788],[-0.2243638,51.5105393],[-0.2243646,51.5104503],[-0.2243611,51.5103979],[-0.2243623,51.5102449],[-0.2243601,51.5101962],[-0.2243607,51.510152],[-0.2243546,51.5098265],[-0.2243536,51.5097789],[-0.2244286,51.5063051],[-0.2243355,51.5059616],[-0.2241649,51.5056752],[-0.2239102,51.505407],[-0.2236305,51.5051963],[-0.2232926,51.505014],[-0.2230719,51.5049391],[-0.2228371,51.5048818],[-0.2212821,51.5046532],[-0.2210392,51.5046199],[-0.2200915,51.5044851],[-0.220003,51.5044739],[-0.2199011,51.5044678],[-0.2194031,51.5044104],[-0.2191669,51.5043902],[-0.2189362,51.5043801],[-0.2186952,51.5043846],[-0.2184666,51.5043956],[-0.2182378,51.5044115],[-0.2180964,51.5044255],[-0.2180042,51.5044346],[-0.2177739,51.5044651],[-0.2168851,51.5046061],[-0.2127896,51.5054928],[-0.209138,51.5062901],[-0.2067942,51.5068782],[-0.206608,51.5069336],[-0.2060487,51.5070993],[-0.2060181,51.5071084],[-0.2058848,51.5071487],[-0.2057886,51.5071778],[-0.2057343,51.5071935],[-0.2056444,51.5072194],[-0.2055399,51.5072495],[-0.2054245,51.5072828],[-0.2053368,51.5073081],[-0.2051951,51.5073491],[-0.2050314,51.5073975],[-0.2049964,51.5074079],[-0.2041725,51.5076498],[-0.2020246,51.5082797],[-0.2012088,51.5084483],[-0.2005926,51.508484],[-0.1993379,51.5085279],[-0.1983807,51.5085873],[-0.1981748,51.5086281],[-0.198041,51.508652],[-0.1979221,51.508675],[-0.1977735,51.5087065],[-0.197586,51.5087499],[-0.1974003,51.5087972],[-0.1972413,51.5088416],[-0.1970496,51.5088988],[-0.1969446,51.5089337],[-0.1966454,51.5090346],[-0.1964514,51.5090944],[-0.1960617,51.5091865],[-0.1957442,51.509265],[-0.1954381,51.50933],[-0.1944374,51.5094934],[-0.1928388,51.5097999],[-0.1923263,51.5098969],[-0.1918505,51.5099767],[-0.1913878,51.5100218],[-0.1909204,51.5100554],[-0.1894032,51.510156],[-0.1883414,51.5102128],[-0.1872612,51.5102982],[-0.1862178,51.5103736],[-0.1851883,51.5104661],[-0.1836099,51.5105634],[-0.1827631,51.5106225],[-0.1820723,51.5107047],[-0.1807526,51.5109047],[-0.1758979,51.5116893],[-0.1751089,51.511798],[-0.1744145,51.5118857],[-0.1648508,51.5127931],[-0.1635054,51.5129515],[-0.1599518,51.5133203],[-0.1591481,51.5134186],[-0.1583892,51.5135178],[-0.1577907,51.5135817],[-0.1562186,51.5137674],[-0.1538986,51.5139416],[-0.1500336,51.5143522],[-0.1491082,51.514454],[-0.1460719,51.5148697],[-0.1408111,51.5154617],[-0.1402345,51.5155284],[-0.1395854,51.5155892],[-0.1379139,51.5157211],[-0.1367663,51.5158517],[-0.1363749,51.5159138],[-0.13455,51.5161423],[-0.1326089,51.5162614],[-0.1309793,51.5163847],[-0.1309205,51.5163919],[-0.129849,51.5165065],[-0.1290331,51.5166419],[-0.1279161,51.516821],[-0.1264186,51.5170063],[-0.1252581,51.5171424],[-0.1246073,51.5172042],[-0.1241424,51.5172443],[-0.1227724,51.5173589],[-0.1222742,51.5174016],[-0.1212144,51.5175018],[-0.1202096,51.5175976],[-0.119335,51.5176949],[-0.1183896,51.5178001],[-0.1179229,51.517846],[-0.1162868,51.5180282],[-0.1146824,51.5182254],[-0.1143547,51.5182568],[-0.1139788,51.518285],[-0.1135563,51.5182965],[-0.1121528,51.5182701],[-0.1117052,51.5182471],[-0.1112699,51.5182126],[-0.1102957,51.5181073],[-0.1065442,51.5176699],[-0.1056818,51.5175168],[-0.1051585,51.5173743],[-0.1020266,51.5163247],[-0.1017351,51.5162319],[-0.0998887,51.5157745],[-0.0993861,51.5156232],[-0.0991304,51.5155459],[-0.0986361,51.5153986],[-0.0981471,51.515255],[-0.096318,51.5145608],[-0.0959093,51.514454],[-0.0953155,51.5143426],[-0.0934612,51.5140505],[-0.0918403,51.5137644],[-0.0906968,51.5135691],[-0.0905065,51.5135292],[-0.0903168,51.513484],[-0.0899426,51.513401],[-0.0897675,51.5133644],[-0.0897288,51.5133596],[-0.0896855,51.5133551],[-0.0896407,51.5133514],[-0.0896049,51.5133492],[-0.0895613,51.5133479],[-0.089507,51.5133479],[-0.089453,51.5133498],[-0.089405,51.5133522],[-0.0893689,51.513355],[-0.0893214,51.5133598],[-0.0892768,51.5133652],[-0.0892264,51.5133731],[-0.0891729,51.5133829],[-0.0890928,51.5134021],[-0.0890314,51.5134183],[-0.0884532,51.5135923],[-0.0879804,51.5137313],[-0.0878429,51.5137675],[-0.0865177,51.5140532],[-0.0863616,51.5141041],[-0.0861943,51.5141729],[-0.0855875,51.5147061],[-0.085448,51.514796],[-0.0853075,51.5148573],[-0.0851449,51.5149115],[-0.0849597,51.5149876],[-0.0847602,51.5151022],[-0.0845563,51.5152455],[-0.0844386,51.5153465],[-0.0842592,51.5155065],[-0.0842308,51.5155352],[-0.0838276,51.5160212],[-0.0836788,51.5162131],[-0.0835422,51.5164613],[-0.0833782,51.5168889],[-0.0830984,51.5175518],[-0.0830271,51.5176643],[-0.0829514,51.5177483],[-0.082806,51.5179223],[-0.0825803,51.5181725],[-0.0823181,51.5184395],[-0.0822959,51.5184621],[-0.0820741,51.5186693],[-0.0818524,51.5188379],[-0.0787646,51.5211088],[-0.0777279,51.5218712],[-0.0769249,51.5223663],[-0.0761866,51.5228322],[-0.0755819,51.5231808],[-0.0719266,51.5248124],[-0.0709441,51.5252803],[-0.0704752,51.5254753],[-0.0698913,51.5256763],[-0.0690731,51.525864],[-0.0679381,51.5260661],[-0.0664355,51.5262827],[-0.0579457,51.5272401],[-0.0571696,51.5273465],[-0.0568367,51.5273816],[-0.0563375,51.5274006],[-0.0559609,51.5273941],[-0.0553816,51.5273718],[-0.0544895,51.527328],[-0.0536005,51.5272844],[-0.0527019,51.5272332],[-0.0519664,51.5271276],[-0.0508555,51.5267743],[-0.049824,51.5263047],[-0.0475162,51.5249723],[-0.0467267,51.5246088],[-0.0461343,51.5243987],[-0.0454628,51.5242417],[-0.044725,51.524138],[-0.0441255,51.5240845],[-0.043435,51.524023],[-0.042103,51.5239567],[-0.0406266,51.5239398],[-0.0392571,51.5239967],[-0.0387437,51.5240529],[-0.0382518,51.5241334],[-0.0378381,51.524222],[-0.0372098,51.5243797],[-0.0355682,51.5249331],[-0.0344893,51.5252219],[-0.0335219,51.5254588],[-0.0320493,51.5257837],[-0.0281585,51.5266433],[-0.0261805,51.5271851],[-0.0250478,51.5275865],[-0.0233805,51.5282873],[-0.0219924,51.5289802],[-0.0182192,51.5317719],[-0.0167155,51.532792],[-0.015015,51.5338041],[-0.0143694,51.5341631],[-0.0116293,51.5356867],[-0.0111755,51.535964],[-0.0093138,51.5370958],[-0.0076256,51.538539],[-0.0073113,51.5388232],[-0.0069306,51.5391868],[-0.0054601,51.5402954],[-0.0046985,51.540876],[-0.0042174,51.5412441],[-0.0037262,51.5415826],[-0.0029603,51.5420789],[-0.0028352,51.5421595],[-0.0025139,51.5423673],[-0.0017776,51.542871],[-0.0013824,51.5431486],[-0.0006836,51.5436581],[-0.000369,51.5438925],[-0.0000586,51.5441455],[0.0002495,51.5444453],[0.0005434,51.5447718],[0.0007671,51.5451339],[0.0008571,51.5454095],[0.000873,51.5457775],[0.0008286,51.5460716],[0.0007336,51.5463874],[0.0005869,51.5467401],[0.0003831,51.5471021],[0.0000543,51.5475376],[-0.0002141,51.5478488],[-0.0005629,51.548152],[-0.0010464,51.5484733],[-0.0016415,51.548779],[-0.0021744,51.549037],[-0.0029947,51.5493609],[-0.0043802,51.5498503],[-0.0049962,51.5501095],[-0.0055185,51.5503907],[-0.0060406,51.5507043],[-0.0067122,51.5511586],[-0.0070567,51.5515001],[-0.0072406,51.5517237],[-0.0074349,51.5520271],[-0.0075477,51.5521933],[-0.0076504,51.5523554],[-0.0077552,51.5525842],[-0.007838,51.5527981],[-0.007897,51.5529701],[-0.0079353,51.5531471],[-0.0079561,51.5533238],[-0.0079613,51.5535259],[-0.0079471,51.5537817],[-0.0078966,51.5540392],[-0.007838,51.5542441],[-0.0077618,51.5544469],[-0.0076792,51.5546249],[-0.0075453,51.5548455],[-0.0073211,51.5551284],[-0.0071475,51.5553175],[-0.0069606,51.5555006],[-0.0066488,51.5557879],[-0.0063261,51.5560568],[-0.0059969,51.5562856],[-0.0054953,51.5566085],[-0.0042132,51.5574277],[0.0006971,51.5605606],[0.0017582,51.5612476],[0.003901,51.562966],[0.0046343,51.5636357],[0.0053472,51.5644468],[0.0060507,51.5653181],[0.0075527,51.5675265],[0.0079447,51.5680347],[0.0083915,51.5685848],[0.0086004,51.5688114],[0.0089103,51.569121],[0.0093919,51.5695716],[0.010224,51.5702578],[0.0111325,51.5709396],[0.0117126,51.5712688],[0.0122911,51.5716026],[0.0125111,51.5717149],[0.0135068,51.5722231],[0.0138932,51.5724475],[0.0153361,51.57318],[0.0157166,51.5734084],[0.0161484,51.5737242],[0.0168249,51.5744419],[0.0206044,51.5795184],[0.0215088,51.5807279],[0.0216826,51.5809708],[0.0218392,51.581193],[0.0222591,51.581815],[0.0228586,51.5828555],[0.0240081,51.5845941],[0.0240461,51.5846516],[0.0241525,51.5848203],[0.0250065,51.5861896],[0.0255063,51.5870048],[0.026066,51.5880345],[0.0266158,51.5891512],[0.0270007,51.5901555],[0.0271282,51.5905956],[0.0274406,51.5919252],[0.0279591,51.5946503],[0.0283283,51.5958325],[0.0285131,51.5963578],[0.0288049,51.5972147],[0.0296675,51.5990371],[0.0314528,51.6021608],[0.0317073,51.6026462],[0.0317873,51.6027879],[0.0321479,51.603445],[0.0324021,51.6039108],[0.0326331,51.604333],[0.0330455,51.6050772],[0.0332265,51.6054076],[0.0333703,51.6056705],[0.0339019,51.6066431],[0.0343863,51.6074582],[0.0345075,51.607651],[0.0347737,51.6080693],[0.0349189,51.6082964],[0.0357947,51.6095087],[0.038396,51.6128188],[0.0397225,51.6144635],[0.0408016,51.615811],[0.0412404,51.6163547],[0.0414141,51.6165767],[0.0418861,51.6172102],[0.0430077,51.6186294],[0.0439033,51.6198692],[0.0442889,51.6204348],[0.0445661,51.6208794],[0.0449326,51.6215538],[0.0454408,51.6224676],[0.0460529,51.6238407],[0.0465598,51.6252034],[0.0466027,51.6253275],[0.0466779,51.6255647],[0.0467946,51.6259566],[0.0469567,51.6265276],[0.04701,51.6267657],[0.0473528,51.6279257],[0.0475166,51.6283929],[0.047716,51.6289072],[0.0480021,51.6296101],[0.0482974,51.6302098],[0.0485945,51.6308458],[0.0489484,51.6314432],[0.0493153,51.6320447],[0.0499379,51.6329645],[0.0508968,51.6342213],[0.0519425,51.6356273],[0.052504,51.636553],[0.0528392,51.6372309],[0.0531574,51.6378444],[0.0532292,51.6380424],[0.0533109,51.6382866],[0.0533603,51.6384525],[0.053446,51.638775],[0.0534956,51.6389558],[0.053641,51.6394171],[0.0537136,51.6396097],[0.0538414,51.6398803],[0.0539352,51.6400839],[0.0540034,51.6402085],[0.0541041,51.6403683],[0.0542094,51.64051],[0.0543272,51.6406359],[0.0545367,51.6408388],[0.0546345,51.6409169],[0.0547777,51.6410239],[0.0549768,51.6411551],[0.0552352,51.6413004],[0.0554135,51.6413934],[0.0557477,51.6415539],[0.0559068,51.6416226],[0.05613,51.6417099],[0.0563806,51.6417896]]}},{"type":"Feature","id":"relation/15345227-0","properties":{"featureId":"relation/15345227-0","lineId":"northern","lineName":"Northern line","hasData":false,"valueDb":null},"geometry":{"type":"LineString","coordinates":[[-0.1948903,51.4033272],[-0.1949383,51.4023892],[-0.1948903,51.4033272],[-0.1948064,51.4039475],[-0.1947908,51.4040534],[-0.1947923,51.404155],[-0.1947731,51.4080971],[-0.194847,51.4089006],[-0.194973,51.4096439],[-0.1953423,51.4105921],[-0.1957212,51.4115428],[-0.1958373,51.4120755],[-0.1958616,51.4124845],[-0.1958234,51.4128619],[-0.1955899,51.4132528],[-0.1951473,51.4136502],[-0.1947068,51.4140303],[-0.1941162,51.4144909],[-0.1936162,51.4147813],[-0.1933283,51.4149248],[-0.1928677,51.4151372],[-0.1926019,51.4152376],[-0.1923542,51.4153226],[-0.19195,51.4154454],[-0.1916877,51.4154991],[-0.1913877,51.4155575],[-0.1905696,51.4156549],[-0.1895932,51.4157421],[-0.1881662,51.4158478],[-0.1870577,51.4159747],[-0.1844502,51.4161542],[-0.183474,51.416213],[-0.1821614,51.4162695],[-0.1820437,51.4162848],[-0.181257,51.4164651],[-0.1805763,51.4166274],[-0.180312,51.4166819],[-0.1800252,51.4167594],[-0.179656,51.4169271],[-0.1788843,51.4173365],[-0.1786244,51.4175581],[-0.1784608,51.4177004],[-0.1783308,51.4178376],[-0.1780571,51.4181425],[-0.1778094,51.4184245],[-0.177671,51.4185691],[-0.1766783,51.4196056],[-0.1758522,51.4204713],[-0.1748698,51.4216015],[-0.17421,51.4222663],[-0.1736261,51.4228225],[-0.1733715,51.4230346],[-0.1728216,51.4234032],[-0.1711637,51.4247402],[-0.1707886,51.4250591],[-0.1705752,51.4252681],[-0.1700334,51.4258992],[-0.1696404,51.4264384],[-0.1693501,51.4267952],[-0.1689021,51.4272305],[-0.1687207,51.4274094],[-0.1683348,51.4278007],[-0.168116,51.4280174],[-0.1678506,51.4282803],[-0.1667103,51.429309],[-0.1648741,51.4311089],[-0.1641133,51.4319057],[-0.1639997,51.4320921],[-0.1638259,51.4325588],[-0.163668,51.4328858],[-0.1634983,51.4331298],[-0.1628331,51.4338029],[-0.1622379,51.4342828],[-0.1615896,51.4347251],[-0.1612817,51.434908],[-0.1605412,51.4352905],[-0.1597279,51.4356533],[-0.1593455,51.4358287],[-0.159069,51.4359799],[-0.1583958,51.4364074],[-0.1572948,51.4373159],[-0.1567395,51.4378887],[-0.1560187,51.4392919],[-0.1552579,51.4405025],[-0.153208,51.4430921],[-0.1530038,51.443328],[-0.1528869,51.4434642],[-0.1525898,51.4438246],[-0.1520684,51.4443835],[-0.1513567,51.4451882],[-0.1504217,51.4457539],[-0.1500619,51.4459856],[-0.1496692,51.4463177],[-0.1492888,51.4469089],[-0.1488235,51.4476052],[-0.1481223,51.4487849],[-0.1480183,51.4502397],[-0.1479424,51.4508135],[-0.1479005,51.4511304],[-0.1478846,51.4521304],[-0.1477741,51.452523],[-0.1476376,51.4527761],[-0.1474632,51.4530268],[-0.1473741,51.4531375],[-0.1472662,51.4532727],[-0.1461594,51.4544277],[-0.145044,51.4556254],[-0.1444366,51.4562804],[-0.1436148,51.4571666],[-0.1433326,51.4574899],[-0.142589,51.4583582],[-0.1422229,51.4587779],[-0.1415587,51.4595394],[-0.1394243,51.4609608],[-0.13834,51.4615558],[-0.138042,51.461757],[-0.1378437,51.4618954],[-0.1376593,51.4619873],[-0.1374987,51.462044],[-0.1370773,51.462173],[-0.1370442,51.4621831],[-0.1365286,51.4623392],[-0.1348002,51.4629043],[-0.1328119,51.4636377],[-0.1308527,51.4645065],[-0.1304639,51.4647289],[-0.1301018,51.464989],[-0.1299391,51.4651343],[-0.1292202,51.4659435],[-0.1282006,51.4674349],[-0.1277488,51.4680087],[-0.1266148,51.4689677],[-0.1262923,51.4691915],[-0.1252693,51.4698928],[-0.1247669,51.4702748],[-0.1243321,51.4706053],[-0.1226354,51.4721148],[-0.1225247,51.4722106],[-0.1211786,51.4734872],[-0.119997,51.4746053],[-0.1193778,51.4751913],[-0.1189546,51.4755919],[-0.1173121,51.4771461],[-0.1169089,51.47753],[-0.1152521,51.4791075],[-0.1144797,51.4798382],[-0.1131837,51.4810573],[-0.1130284,51.4812365],[-0.1125416,51.4817981],[-0.1122267,51.482153],[-0.1117746,51.4826622],[-0.1087134,51.4856582],[-0.1073654,51.4870023],[-0.1068417,51.4876687],[-0.1067444,51.4877537],[-0.1064265,51.4880785],[-0.1057708,51.4887485],[-0.1056579,51.4888661],[-0.1056206,51.488905],[-0.1055447,51.4889988],[-0.1055079,51.4890443],[-0.1054472,51.4891727],[-0.1052972,51.489403],[-0.1052184,51.4896087],[-0.1051733,51.4898712],[-0.1051753,51.4901004],[-0.1052605,51.4903572],[-0.1053524,51.4906177],[-0.1054517,51.4907252],[-0.1056522,51.491009],[-0.1061327,51.4916694],[-0.1064562,51.4921404],[-0.1068951,51.4927722],[-0.1074809,51.4935865],[-0.1078298,51.4940658],[-0.1080406,51.4943656],[-0.1082056,51.4946453],[-0.108416,51.4949609],[-0.1089651,51.4956802],[-0.1095656,51.4965194],[-0.1098895,51.4969648],[-0.110008,51.4971434],[-0.1109312,51.4985498],[-0.111681,51.4995214],[-0.1117534,51.4996152],[-0.1119076,51.4999004],[-0.112116,51.5001764],[-0.1123887,51.5005269],[-0.1126544,51.5008708],[-0.1128607,51.5010988],[-0.1133096,51.5017264],[-0.1145223,51.5035244],[-0.1147799,51.5038951],[-0.115006,51.5041518],[-0.1152007,51.5043738],[-0.1154623,51.5046551],[-0.1157239,51.5049219],[-0.1158839,51.5050501],[-0.1162416,51.5053785],[-0.1166345,51.5056214],[-0.1170923,51.5058477],[-0.1174082,51.5059817],[-0.1180508,51.5062203],[-0.1185249,51.5063983],[-0.1190472,51.506567],[-0.1196735,51.5067262],[-0.1203169,51.5068794],[-0.1206399,51.5069466],[-0.1209649,51.5070038],[-0.1211646,51.5070353],[-0.1215826,51.5071034],[-0.1217064,51.5071251],[-0.1219211,51.5071745],[-0.1221357,51.5072381],[-0.1224029,51.5073256],[-0.1225508,51.5073906],[-0.1226906,51.5074574],[-0.1229333,51.5075874],[-0.1232448,51.5077585],[-0.1234084,51.5078326],[-0.1235663,51.5078884],[-0.1240778,51.5080188],[-0.1243824,51.5081166],[-0.1246049,51.5081928],[-0.1248354,51.5082951],[-0.1250146,51.5083831],[-0.1255408,51.5086659],[-0.1260127,51.5088889],[-0.1262713,51.5089935],[-0.1267081,51.5091443],[-0.127136,51.509292],[-0.1276055,51.5094715],[-0.1278486,51.5095884],[-0.1281112,51.5097636],[-0.1282866,51.5099373],[-0.1284162,51.5101485],[-0.1284626,51.5102741],[-0.1284851,51.5103807],[-0.1284835,51.5108256],[-0.1284718,51.5115062],[-0.1284842,51.5116581],[-0.1285118,51.5118987],[-0.1285274,51.5119869],[-0.1285331,51.5120137],[-0.1285625,51.5121199],[-0.1286053,51.5122221],[-0.128653,51.5123143],[-0.1288023,51.5125841],[-0.1291296,51.5131345],[-0.1291909,51.5132419],[-0.12938,51.5135933],[-0.1294773,51.5138276],[-0.1299979,51.515153],[-0.1302009,51.5155774],[-0.1303793,51.5160063],[-0.1303988,51.5160538],[-0.1307839,51.5169443],[-0.1309526,51.5171398],[-0.1324922,51.5187324],[-0.1343582,51.520515],[-0.1366273,51.5228698],[-0.1373356,51.5236732],[-0.1380159,51.5245174],[-0.138304,51.5250264],[-0.1384299,51.5253418],[-0.138513,51.5257874],[-0.1384925,51.5260638],[-0.1384237,51.526255],[-0.1383245,51.5263982],[-0.1381804,51.5265107],[-0.1380141,51.526604],[-0.1378183,51.5266832],[-0.1374833,51.5267976],[-0.1352413,51.5276987],[-0.1348313,51.5279423],[-0.1346152,51.5281114],[-0.1344617,51.5282527],[-0.1342045,51.5285152],[-0.1340017,51.5288297],[-0.1338665,51.5291214],[-0.1337992,51.5295171],[-0.1338223,51.529729],[-0.1339146,51.5299207],[-0.1341352,51.5302295],[-0.1343383,51.5304611],[-0.1371762,51.5330935],[-0.1385393,51.5343579],[-0.13881,51.5346716],[-0.1393283,51.5353716],[-0.1397863,51.5358371],[-0.1412747,51.5371833],[-0.1416842,51.5375986],[-0.1420298,51.5380154],[-0.1421334,51.5381013],[-0.1423536,51.5382534],[-0.1425416,51.538412],[-0.142649,51.538536],[-0.1427329,51.5386978],[-0.1427771,51.5388024],[-0.142837,51.5389617],[-0.142857,51.5390779],[-0.1428751,51.5391981],[-0.1430547,51.5393867],[-0.1435517,51.5399542],[-0.1440025,51.5404808],[-0.1442932,51.5407235],[-0.1460074,51.5418545],[-0.146378,51.542066],[-0.1466974,51.5422042],[-0.1471303,51.5423757],[-0.1474026,51.5424761],[-0.147893,51.5426288],[-0.1490499,51.5428738],[-0.1509005,51.5432696],[-0.151546,51.5434303],[-0.1522702,51.543651],[-0.1532412,51.54401],[-0.1535469,51.544154],[-0.1544174,51.5447078],[-0.1552959,51.5452566],[-0.1558886,51.5456703],[-0.1564023,51.5459964],[-0.1568086,51.5461957],[-0.1573035,51.5464017],[-0.1580624,51.5466393],[-0.1584796,51.5467962],[-0.1593392,51.5471996],[-0.1600662,51.5475526],[-0.1611511,51.5482665],[-0.1622441,51.548922],[-0.1626652,51.5491956],[-0.1634521,51.5495618],[-0.1641624,51.5498779],[-0.1643095,51.549973],[-0.1643908,51.5500263],[-0.1645809,51.550156],[-0.1647045,51.5502453],[-0.1648546,51.5503578],[-0.1649744,51.550449],[-0.1651016,51.55055],[-0.165213,51.5506459],[-0.166025,51.5512978],[-0.1666235,51.5517085],[-0.1676487,51.5523628],[-0.1687866,51.5530053],[-0.169257,51.5532492],[-0.1700244,51.5536471],[-0.17189,51.5544767],[-0.1728711,51.5548194],[-0.1743168,51.5551814],[-0.1753655,51.5554279],[-0.1760184,51.5556005],[-0.176928,51.5558747],[-0.177414,51.5560136],[-0.1778273,51.5561669],[-0.1779052,51.5562019],[-0.1780051,51.5562485],[-0.1781587,51.5563256],[-0.1782494,51.5563719],[-0.1784189,51.5564675],[-0.178534,51.5565357],[-0.1786719,51.5566214],[-0.1787842,51.556694],[-0.1788681,51.556751],[-0.1789572,51.556816],[-0.1790601,51.556894],[-0.1792657,51.5571154],[-0.179458,51.5573405],[-0.1795556,51.5575053],[-0.1796899,51.5577484],[-0.1797531,51.5579536],[-0.1797586,51.5581605],[-0.179652,51.5584753],[-0.1795204,51.5587911],[-0.1794524,51.5590985],[-0.1793663,51.5601883],[-0.1793299,51.5615252],[-0.1793797,51.5623704],[-0.1794979,51.5631941],[-0.1796586,51.5639777],[-0.1798914,51.5647331],[-0.1801382,51.5653452],[-0.1814176,51.5680077],[-0.1815573,51.5682231],[-0.1817277,51.5684236],[-0.1819698,51.5686432],[-0.1824109,51.5689474],[-0.1827126,51.5691582],[-0.1831208,51.5693901],[-0.183592,51.5696275],[-0.18434,51.5699662],[-0.1850024,51.5702277],[-0.1858347,51.570506],[-0.1864841,51.570696],[-0.1872776,51.5709213],[-0.1879393,51.5711085],[-0.1882391,51.5711666],[-0.188575,51.5712121],[-0.1888965,51.5712583],[-0.1893504,51.5713359],[-0.1897892,51.5714147],[-0.1904283,51.5715292],[-0.1912996,51.5716906],[-0.1920044,51.5718204],[-0.1928508,51.571968],[-0.1933372,51.5720469],[-0.1937132,51.5721202],[-0.1940244,51.5722012],[-0.1942676,51.5722757],[-0.1945426,51.5723665],[-0.1947323,51.5724319],[-0.1949238,51.5725011],[-0.1951083,51.5725773],[-0.1954007,51.5727229],[-0.1955965,51.5728175],[-0.1957,51.572861],[-0.1959498,51.5729663],[-0.1962482,51.5730857],[-0.1965341,51.5731895],[-0.1967535,51.5732619],[-0.1970314,51.573337],[-0.197272,51.5733932],[-0.1975948,51.573457],[-0.1979093,51.5735136],[-0.1982366,51.5735607],[-0.198564,51.5735895],[-0.1988396,51.5736088],[-0.1990726,51.573614],[-0.1993677,51.5736143],[-0.1995779,51.5736097],[-0.1997454,51.5736039],[-0.1999757,51.5735888],[-0.2002672,51.5735596],[-0.2005409,51.5735274],[-0.2007845,51.5734839],[-0.201169,51.5734151],[-0.2016465,51.573318],[-0.2019383,51.5732642],[-0.2021694,51.5732243],[-0.2024422,51.5731839],[-0.2027458,51.5731431],[-0.2029904,51.5731157],[-0.203392,51.5730912],[-0.20381,51.5730818],[-0.2042213,51.5730952],[-0.2046006,51.5731123],[-0.2051693,51.5731723],[-0.2056263,51.5732513],[-0.2056601,51.5732596],[-0.2059278,51.5733256],[-0.2063092,51.573425],[-0.2066729,51.5735522],[-0.206897,51.5736374],[-0.2072429,51.5737681],[-0.2074938,51.5738789],[-0.2080047,51.5741064],[-0.2084388,51.574304],[-0.2089281,51.5745261],[-0.2094179,51.5747522],[-0.2097319,51.5748894],[-0.2101431,51.5750753],[-0.2104514,51.5752184],[-0.2109593,51.5754455],[-0.2112197,51.5755662],[-0.2115652,51.5757117],[-0.2118801,51.5758541],[-0.2123342,51.5760615],[-0.2127283,51.5762307],[-0.2130273,51.5763649],[-0.2132865,51.5764719],[-0.2135904,51.5765857],[-0.2141238,51.5768127],[-0.2146113,51.5770173],[-0.2150379,51.5772029],[-0.2153946,51.5773596],[-0.2158386,51.5775566],[-0.2158723,51.5775716],[-0.2163587,51.577772],[-0.2167038,51.577914],[-0.2169238,51.5780018],[-0.2177276,51.5783211],[-0.2179222,51.5784009],[-0.2184484,51.578625],[-0.2189314,51.5788372],[-0.2193387,51.5790313],[-0.2197839,51.5792233],[-0.2202273,51.5794348],[-0.2205385,51.5795846],[-0.2209532,51.5797792],[-0.2213727,51.580003],[-0.2217992,51.5802378],[-0.2223029,51.5805163],[-0.2227164,51.5807579],[-0.2230903,51.5809746],[-0.2235248,51.5812306],[-0.2240759,51.5815662],[-0.2244699,51.5818428],[-0.2248545,51.5821019],[-0.2252887,51.5824049],[-0.2256024,51.5826177],[-0.2257597,51.5827233],[-0.2259614,51.5828684],[-0.2261193,51.5829893],[-0.2263741,51.5831834],[-0.2267886,51.5835092],[-0.2269068,51.583607],[-0.2270022,51.583686],[-0.2275057,51.5841126],[-0.2281603,51.5845568],[-0.2298957,51.5857405],[-0.232548,51.5872001],[-0.2347708,51.5882124],[-0.2386376,51.5898032],[-0.2388652,51.589899],[-0.239359,51.5900925],[-0.2398056,51.5902478],[-0.2404877,51.5904713],[-0.2411082,51.5906678],[-0.2416273,51.5908313],[-0.2421476,51.5909948],[-0.2426366,51.5911583],[-0.2432583,51.5913691],[-0.2438752,51.5916278],[-0.2444727,51.5919001],[-0.2450763,51.5922098],[-0.2458043,51.592656],[-0.2463801,51.5930303],[-0.2469837,51.5934135],[-0.2475801,51.593802],[-0.2482042,51.5942002],[-0.2489353,51.5946993],[-0.2491665,51.5948459],[-0.249555,51.5950966],[-0.2498614,51.5952946],[-0.2503217,51.5956013],[-0.2505404,51.5957549],[-0.2510908,51.5961698],[-0.2514528,51.5964673],[-0.2518923,51.596801],[-0.2521832,51.5970387],[-0.2524874,51.5972959],[-0.2527107,51.5974819],[-0.2530814,51.5977811],[-0.2533361,51.5979791],[-0.2536343,51.5981928],[-0.2539336,51.5983945],[-0.2541884,51.598552],[-0.2545892,51.598795],[-0.2551916,51.5991114],[-0.2552809,51.5991601],[-0.2557843,51.5993896],[-0.2565473,51.5997045],[-0.2574579,51.6000726],[-0.2580047,51.6002938],[-0.2582196,51.6003778],[-0.2601886,51.6011719],[-0.2612292,51.601588],[-0.2622892,51.602027],[-0.2630739,51.6023426],[-0.2635912,51.6025593],[-0.2638674,51.6026813],[-0.2642566,51.6028649],[-0.2647797,51.6031329],[-0.2653591,51.6034591],[-0.2659458,51.6038078],[-0.2664685,51.6041557],[-0.267019,51.6045591],[-0.2675526,51.6049969],[-0.267957,51.6053583],[-0.2683711,51.6057662],[-0.2687212,51.6061403],[-0.2691993,51.6067169],[-0.2696918,51.6074081],[-0.2702266,51.6081661],[-0.2705079,51.6085897],[-0.2707819,51.609029],[-0.2710572,51.6095819],[-0.2711784,51.609903],[-0.2713442,51.6105277],[-0.2714512,51.6108747],[-0.2715479,51.6111171],[-0.2715994,51.6112292],[-0.2716919,51.6114039],[-0.27183,51.6116138],[-0.2720115,51.6118479],[-0.2721291,51.6119769],[-0.2723213,51.6121674],[-0.272573,51.6123947],[-0.2727862,51.6125489],[-0.2728865,51.6126134],[-0.273195,51.6127766],[-0.2735686,51.6129562],[-0.2738721,51.6130907],[-0.2750551,51.6136255]]}},{"type":"Feature","id":"relation/15345228-0","properties":{"featureId":"relation/15345228-0","lineId":"northern","lineName":"Northern line","hasData":false,"valueDb":null},"geometry":{"type":"LineString","coordinates":[[-0.2742546,51.6134349],[-0.274049,51.6133435],[-0.2737375,51.6131945],[-0.2735586,51.6130976],[-0.2733298,51.612963],[-0.2731107,51.6128277],[-0.272746,51.6125786],[-0.2724831,51.6123727],[-0.2722581,51.6121762],[-0.2720763,51.6119972],[-0.2719591,51.6118658],[-0.271777,51.6116241],[-0.2716361,51.611405],[-0.2715428,51.6112283],[-0.2714938,51.611116],[-0.2714031,51.6108797],[-0.2712902,51.6105379],[-0.2711254,51.6098995],[-0.2709935,51.6095651],[-0.2708483,51.6092465],[-0.2706217,51.6088566],[-0.2704018,51.6085065],[-0.2698853,51.6077635],[-0.2695605,51.6073069],[-0.2691924,51.6068017],[-0.2688048,51.606318],[-0.2679151,51.6053875],[-0.2673477,51.6048873],[-0.2669203,51.6045418],[-0.2665408,51.6042595],[-0.266091,51.603954],[-0.2657202,51.6037262],[-0.2651832,51.6034321],[-0.2646699,51.603183],[-0.2641908,51.602956],[-0.2639522,51.6028449],[-0.2635619,51.6026568],[-0.2631285,51.6024454],[-0.2627801,51.6022778],[-0.2619536,51.6019266],[-0.2605163,51.6013396],[-0.2592999,51.6008553],[-0.2581883,51.6004126],[-0.2579739,51.6003317],[-0.2578078,51.6002717],[-0.2573604,51.60008],[-0.2567369,51.5998282],[-0.2562734,51.5996419],[-0.2557615,51.599434],[-0.2554095,51.599277],[-0.2552501,51.5991882],[-0.2551704,51.5991448],[-0.2545583,51.5988225],[-0.2542819,51.5986636],[-0.2539838,51.5984852],[-0.2535201,51.5981784],[-0.2530397,51.5978212],[-0.2524838,51.5974039],[-0.2519345,51.5969667],[-0.2513707,51.5965213],[-0.2509865,51.5962211],[-0.2506316,51.5959538],[-0.250443,51.5958137],[-0.2502038,51.5956561],[-0.249918,51.5954725],[-0.2497551,51.5953678],[-0.2494522,51.5951615],[-0.2488768,51.5947745],[-0.2485018,51.594463],[-0.2480763,51.594177],[-0.2476642,51.5939041],[-0.2469682,51.5934632],[-0.2465069,51.5931705],[-0.2459933,51.5928388],[-0.2454317,51.5924738],[-0.2447951,51.5921103],[-0.2440556,51.591754],[-0.2434611,51.5914961],[-0.2430255,51.5913314],[-0.2424072,51.591117],[-0.2417903,51.5909273],[-0.2411144,51.5907102],[-0.2406464,51.5905647],[-0.2397908,51.5902858],[-0.2393214,51.5901239],[-0.2385993,51.5898483],[-0.2347325,51.5882575],[-0.2325097,51.5872452],[-0.2298574,51.5857856],[-0.2276656,51.5842887],[-0.2274518,51.5841427],[-0.2269463,51.5837668],[-0.2264524,51.5834151],[-0.2262175,51.5832483],[-0.2258015,51.5828898],[-0.2256283,51.5827415],[-0.2255169,51.582653],[-0.2251224,51.5823647],[-0.2247533,51.5820914],[-0.2244342,51.581875],[-0.2240475,51.5816118],[-0.223629,51.5813451],[-0.2230882,51.5810203],[-0.222364,51.5805934],[-0.2219832,51.5803808],[-0.2215503,51.5801422],[-0.2209497,51.5798244],[-0.2205072,51.5796125],[-0.2201904,51.5794608],[-0.2195835,51.5791846],[-0.2189731,51.5789017],[-0.2185467,51.5787116],[-0.2178892,51.5784319],[-0.2176967,51.5783506],[-0.2163642,51.5778103],[-0.2159568,51.5776469],[-0.2157465,51.5775656],[-0.2146826,51.5771542],[-0.2141053,51.5769344],[-0.2137667,51.5768003],[-0.2135599,51.5767038],[-0.2134207,51.5766478],[-0.2132718,51.5765698],[-0.2131478,51.5765055],[-0.2129172,51.5763974],[-0.2126891,51.576284],[-0.2122389,51.5760687],[-0.2118078,51.5758602],[-0.2114757,51.5757115],[-0.2111958,51.5755918],[-0.2106061,51.5753265],[-0.2100473,51.5750682],[-0.2096544,51.574893],[-0.2090484,51.5746211],[-0.2084067,51.5743322],[-0.2079774,51.5741396],[-0.2072193,51.5738088],[-0.2066341,51.5735802],[-0.2063195,51.5734712],[-0.205934,51.5733636],[-0.2056451,51.5732901],[-0.2051554,51.573205],[-0.2048638,51.5731697],[-0.2045267,51.5731395],[-0.2041132,51.5731199],[-0.2037969,51.5731123],[-0.2034095,51.57312],[-0.2031298,51.5731395],[-0.2028583,51.5731643],[-0.2024427,51.573219],[-0.2021656,51.5732651],[-0.2018778,51.5733135],[-0.2015067,51.5733813],[-0.2012274,51.573436],[-0.2010223,51.5734767],[-0.2008075,51.573517],[-0.200618,51.5735506],[-0.2004683,51.573571],[-0.2001677,51.5736067],[-0.1999769,51.5736239],[-0.1998602,51.573632],[-0.1996991,51.5736407],[-0.1994989,51.5736455],[-0.1993436,51.5736489],[-0.199094,51.5736491],[-0.1988076,51.5736402],[-0.1985084,51.5736193],[-0.1982557,51.5735949],[-0.1980746,51.5735729],[-0.1979199,51.5735468],[-0.1977587,51.5735212],[-0.1973752,51.5734513],[-0.1970172,51.5733659],[-0.1967189,51.5732911],[-0.1964898,51.5732217],[-0.1962053,51.573129],[-0.1958454,51.5729857],[-0.1954067,51.5727995],[-0.1951321,51.5727115],[-0.1948491,51.5726391],[-0.1945441,51.5725734],[-0.1943285,51.5725182],[-0.1940983,51.5724506],[-0.1938723,51.5723861],[-0.1935888,51.5723035],[-0.193295,51.5722254],[-0.193005,51.5721574],[-0.1926812,51.5720903],[-0.1920494,51.5719737],[-0.1915661,51.571887],[-0.1911949,51.5718187],[-0.1910017,51.5717827],[-0.190236,51.5716432],[-0.1895991,51.5715216],[-0.1891757,51.5714301],[-0.1887687,51.5713407],[-0.1882873,51.5712332],[-0.187914,51.5711543],[-0.1872429,51.5709668],[-0.1864841,51.570696],[-0.1858347,51.570506],[-0.1850024,51.5702277],[-0.18434,51.5699662],[-0.183592,51.5696275],[-0.1831208,51.5693901],[-0.1827126,51.5691582],[-0.1824109,51.5689474],[-0.1819698,51.5686432],[-0.1817277,51.5684236],[-0.1815573,51.5682231],[-0.1814176,51.5680077],[-0.1801382,51.5653452],[-0.1798914,51.5647331],[-0.1796586,51.5639777],[-0.1794979,51.5631941],[-0.1793797,51.5623704],[-0.1793299,51.5615252],[-0.1793663,51.5601883],[-0.1794524,51.5590985],[-0.1795204,51.5587911],[-0.179652,51.5584753],[-0.1797586,51.5581605],[-0.1797531,51.5579536],[-0.1796899,51.5577484],[-0.1795556,51.5575053],[-0.179458,51.5573405],[-0.1792657,51.5571154],[-0.1788639,51.5570056],[-0.1784301,51.5567046],[-0.1782918,51.5566155],[-0.1781249,51.5565139],[-0.1779738,51.5564274],[-0.1778018,51.5563349],[-0.1776913,51.5562787],[-0.177414,51.5560136],[-0.176928,51.5558747],[-0.1760184,51.5556005],[-0.1753655,51.5554279],[-0.1743168,51.5551814],[-0.1728711,51.5548194],[-0.17189,51.5544767],[-0.1700244,51.5536471],[-0.169257,51.5532492],[-0.1687866,51.5530053],[-0.1676487,51.5523628],[-0.1666235,51.5517085],[-0.166025,51.5512978],[-0.1651081,51.5507722],[-0.1647824,51.5505228],[-0.164574,51.5503687],[-0.1643766,51.5502237],[-0.1640879,51.5500191],[-0.1633774,51.5496284],[-0.1625879,51.5492343],[-0.1621124,51.5489526],[-0.1617077,51.5487074],[-0.1611134,51.5483089],[-0.1600326,51.5476249],[-0.1592401,51.5472139],[-0.1584079,51.5468291],[-0.158023,51.5466793],[-0.1572693,51.5464506],[-0.1567303,51.5462398],[-0.1563698,51.5460446],[-0.1558035,51.5456951],[-0.153889,51.5444913],[-0.1534021,51.5442547],[-0.1531084,51.5441388],[-0.1521388,51.5437565],[-0.1515178,51.5435438],[-0.1508476,51.5433562],[-0.1490107,51.5429687],[-0.1478435,51.5427389],[-0.1473351,51.542588],[-0.1470595,51.5424816],[-0.1466279,51.5422925],[-0.1463418,51.5421414],[-0.1458561,51.541852],[-0.1451749,51.5414126],[-0.1443695,51.5408826],[-0.1441691,51.5407419],[-0.143902,51.5405323],[-0.1434296,51.5399969],[-0.1430587,51.5395587],[-0.1428166,51.5392707],[-0.1426229,51.5390591],[-0.1425258,51.5389302],[-0.1424977,51.5388661],[-0.1424843,51.5387922],[-0.1424721,51.5387271],[-0.1424454,51.5386541],[-0.1423493,51.5385245],[-0.1421287,51.5383039],[-0.1418988,51.5380439],[-0.1415234,51.5375979],[-0.1411568,51.5372221],[-0.1396692,51.5358747],[-0.1391752,51.5353624],[-0.1383723,51.5344326],[-0.1351626,51.5314036],[-0.1340511,51.5302912],[-0.133816,51.5299611],[-0.1337164,51.5297318],[-0.1336789,51.5294921],[-0.1337084,51.5290409],[-0.1337292,51.528765],[-0.1338263,51.5285354],[-0.1340079,51.5282784],[-0.134245,51.5281005],[-0.1346552,51.5278761],[-0.1351946,51.5276434],[-0.1374375,51.526765],[-0.1377977,51.5266263],[-0.1379517,51.526561],[-0.1380724,51.526495],[-0.1382252,51.5263727],[-0.1383218,51.5262354],[-0.1383644,51.5260668],[-0.1383486,51.5258664],[-0.1382985,51.5256805],[-0.1377493,51.5246057],[-0.1376199,51.5243342],[-0.1372014,51.5237134],[-0.1365076,51.5229396],[-0.1342306,51.5205525],[-0.1322281,51.5186402],[-0.13077,51.5170681],[-0.130257,51.5161311],[-0.1298795,51.5153108],[-0.1298428,51.5152395],[-0.1295624,51.5142286],[-0.1292277,51.5135043],[-0.1291284,51.5133243],[-0.1290075,51.5131293],[-0.1286892,51.5126122],[-0.1284467,51.5122506],[-0.1284053,51.5121391],[-0.1283719,51.5120312],[-0.1283659,51.512005],[-0.1283486,51.5119071],[-0.1283281,51.5117756],[-0.1282939,51.5115114],[-0.1283384,51.5105866],[-0.1283136,51.5104159],[-0.1282658,51.5102705],[-0.1282221,51.5101706],[-0.1280943,51.5099766],[-0.1279306,51.5098083],[-0.1277573,51.5096808],[-0.127528,51.5095608],[-0.1269817,51.5093491],[-0.1261234,51.509086],[-0.1259736,51.5090324],[-0.1254327,51.5087886],[-0.1249331,51.508528],[-0.1246601,51.508383],[-0.1244833,51.508308],[-0.1243005,51.5082517],[-0.1240536,51.5081845],[-0.1236349,51.5080843],[-0.1233373,51.5080115],[-0.1231083,51.5079465],[-0.1226092,51.5077706],[-0.1218816,51.5075217],[-0.1212571,51.5073317],[-0.120513,51.5071146],[-0.1199824,51.5069496],[-0.1191213,51.5066784],[-0.118532,51.5065004],[-0.1179753,51.5062991],[-0.1172844,51.506032],[-0.1169942,51.5059059],[-0.1165286,51.5056799],[-0.1161294,51.5054327],[-0.1156485,51.5050012],[-0.1153813,51.5047519],[-0.1150074,51.5044263],[-0.1147909,51.5041952],[-0.1145803,51.5039515],[-0.1143104,51.5035706],[-0.1131083,51.5017708],[-0.1127095,51.5012239],[-0.1125183,51.5009122],[-0.112315,51.5005531],[-0.1120554,51.5002178],[-0.1118122,51.4998792],[-0.1116998,51.4996706],[-0.1113127,51.4991714],[-0.1108004,51.4985038],[-0.1100045,51.4972788],[-0.1098107,51.4969856],[-0.1094861,51.4965223],[-0.1089243,51.4957203],[-0.1083158,51.4949416],[-0.1080836,51.4946088],[-0.1078972,51.4943958],[-0.1076542,51.4941828],[-0.1072731,51.4938895],[-0.1071554,51.4938272],[-0.1070459,51.4937692],[-0.1063919,51.4933774],[-0.105676,51.4929723],[-0.1048517,51.4925014],[-0.1043721,51.4922128],[-0.1041182,51.4920144],[-0.103981,51.4918822],[-0.1037517,51.4916307],[-0.1036364,51.4914678],[-0.1035415,51.4912532],[-0.1035331,51.490993],[-0.1035342,51.4908172],[-0.1036191,51.4905513],[-0.1037358,51.4903131],[-0.1038425,51.4901433],[-0.1040668,51.4898358],[-0.1042273,51.4896799],[-0.1047197,51.4893079],[-0.1063789,51.487594],[-0.1064414,51.4875283],[-0.1065704,51.4874226],[-0.1069953,51.4871546],[-0.1071323,51.4870701],[-0.1072479,51.486945],[-0.1073112,51.486853],[-0.107401,51.4866795],[-0.1074862,51.4865687],[-0.1113793,51.4827405],[-0.1120687,51.4821103],[-0.1123223,51.481841],[-0.1130726,51.4810041],[-0.1144397,51.4798212],[-0.1152116,51.4790909],[-0.1168683,51.4775135],[-0.1172716,51.4771295],[-0.1189141,51.4755753],[-0.1193373,51.4751747],[-0.1211381,51.4734706],[-0.1224818,51.4721981],[-0.1232966,51.4714602],[-0.1242936,51.470587],[-0.1247294,51.4702557],[-0.1252326,51.4698731],[-0.1262563,51.4691713],[-0.1265772,51.4689486],[-0.1274393,51.4682196],[-0.1277072,51.467993],[-0.128109,51.4674827],[-0.1281565,51.4674224],[-0.1291559,51.4659426],[-0.1296428,51.4653766],[-0.1298918,51.4651246],[-0.1300635,51.4649704],[-0.1304291,51.4647078],[-0.1308221,51.464483],[-0.1327855,51.4636124],[-0.133148,51.4634787],[-0.1347759,51.4628782],[-0.1364994,51.4623027],[-0.1370172,51.4621485],[-0.1374485,51.4620215],[-0.1374806,51.462012],[-0.1376298,51.4619559],[-0.1377823,51.4618717],[-0.1378481,51.4618258],[-0.1378998,51.4617897],[-0.1379809,51.4617331],[-0.1382813,51.4615303],[-0.1388697,51.4611995],[-0.1393657,51.4609353],[-0.1414932,51.4595184],[-0.14252,51.4583413],[-0.1431273,51.4576321],[-0.1432636,51.457473],[-0.1435462,51.4571492],[-0.1449758,51.4556076],[-0.1460914,51.4544097],[-0.1465439,51.4539375],[-0.1465808,51.453899],[-0.1471973,51.4532556],[-0.1473042,51.4531216],[-0.1473332,51.4530856],[-0.1473927,51.4530117],[-0.147572,51.4527513],[-0.1477012,51.4525117],[-0.14778,51.4522647],[-0.147823,51.4521274],[-0.1478246,51.451129],[-0.1478667,51.4508106],[-0.1479426,51.4502369],[-0.1480051,51.4490408],[-0.1480163,51.4489571],[-0.1480253,51.4488776],[-0.1480397,51.4488249],[-0.1480523,51.4487692],[-0.1487346,51.4475908],[-0.1492133,51.4468922],[-0.1496033,51.4462982],[-0.1500049,51.4459604],[-0.1503941,51.4457207],[-0.1512747,51.445168],[-0.1519954,51.4443705],[-0.152462,51.4437904],[-0.15275,51.443447],[-0.1528186,51.4433718],[-0.15296,51.443199],[-0.1531195,51.4430038],[-0.1533013,51.4427826],[-0.155187,51.4404878],[-0.1559461,51.43928],[-0.1566684,51.4378739],[-0.1572287,51.4372959],[-0.1583335,51.4363843],[-0.1589128,51.4360081],[-0.1590407,51.4359333],[-0.1592987,51.4357824],[-0.1598208,51.4355269],[-0.1604979,51.4352418],[-0.1612097,51.4348656],[-0.1615151,51.4346777],[-0.1621663,51.4342415],[-0.1627351,51.4337909],[-0.1634107,51.4331139],[-0.1635821,51.4328656],[-0.1637225,51.4325488],[-0.1639167,51.4320762],[-0.1640189,51.4318777],[-0.1647738,51.4310947],[-0.1666569,51.4292455],[-0.167733,51.428231],[-0.167951,51.4279696],[-0.1681201,51.4278007],[-0.1682369,51.4276917],[-0.1686018,51.427371],[-0.1686453,51.4273327],[-0.1688352,51.4272054],[-0.169267,51.4267819],[-0.1695516,51.4264251],[-0.1699563,51.4258837],[-0.1705558,51.4251757],[-0.1706979,51.4250323],[-0.1732946,51.4230177],[-0.1735554,51.4227962],[-0.1738595,51.4225175],[-0.1741451,51.4222527],[-0.1748559,51.421495],[-0.1757839,51.4204536],[-0.1766109,51.419587],[-0.1771036,51.4190825],[-0.1776467,51.4184226],[-0.1779011,51.4181291],[-0.1779297,51.4180961],[-0.1781953,51.4178313],[-0.1783738,51.4176668],[-0.1785574,51.4175172],[-0.1788199,51.4173148],[-0.1796201,51.4169036],[-0.1799872,51.4167279],[-0.1802979,51.4166401],[-0.1805478,51.4165802],[-0.1808571,51.4165111],[-0.1820346,51.4162393],[-0.1821673,51.4162268],[-0.1836603,51.416149],[-0.1860716,51.4159848],[-0.1870526,51.4159117],[-0.188166,51.415798],[-0.1895963,51.4156937],[-0.1905944,51.4156062],[-0.1913535,51.4155232],[-0.1916553,51.4154595],[-0.191898,51.4153956],[-0.1922929,51.4152575],[-0.1924922,51.415185],[-0.192745,51.4150873],[-0.1929729,51.414988],[-0.1932934,51.4148483],[-0.1937658,51.4146188],[-0.1940562,51.4144661],[-0.1946426,51.4140087],[-0.1950819,51.4136297],[-0.1955202,51.4132362],[-0.1957482,51.4128544],[-0.1957857,51.4124841],[-0.1957616,51.4120785],[-0.1956462,51.4115495],[-0.1952681,51.4106006],[-0.1948979,51.40965],[-0.1947713,51.4089035],[-0.1946973,51.4080981],[-0.1947051,51.4042498],[-0.1947053,51.404159],[-0.1947092,51.4041324],[-0.1947086,51.4034911],[-0.1947071,51.4033833],[-0.1947049,51.4033083],[-0.1946989,51.4032429],[-0.1946906,51.4031912],[-0.1946699,51.4030814],[-0.1946558,51.4029666],[-0.1946509,51.4028689],[-0.1946534,51.4027484],[-0.194665,51.4025478],[-0.1946872,51.402391]]}},{"type":"Feature","id":"relation/15345229-0","properties":{"featureId":"relation/15345229-0","lineId":"northern","lineName":"Northern line","hasData":false,"valueDb":null},"geometry":{"type":"LineString","coordinates":[[-0.1940163,51.6504841],[-0.1929889,51.6499246],[-0.192944,51.6498984],[-0.1925207,51.6496597],[-0.1924447,51.6496197],[-0.1919805,51.6493623],[-0.1916399,51.6491621],[-0.1912125,51.6488945],[-0.1909762,51.6487208],[-0.1907688,51.6485492],[-0.1904223,51.6482275],[-0.1901224,51.6478845],[-0.1899079,51.6476036],[-0.1897246,51.6473684],[-0.1887734,51.6461314],[-0.1879049,51.6450047],[-0.1874706,51.6444398],[-0.1864564,51.6431211],[-0.1845819,51.6406893],[-0.1841399,51.6401113],[-0.1838039,51.6396781],[-0.1834491,51.6392257],[-0.1829509,51.638573],[-0.1822619,51.637675],[-0.1812597,51.6363797],[-0.1807849,51.6357579],[-0.1804049,51.635262],[-0.1800058,51.6347165],[-0.17972,51.6342461],[-0.1794842,51.6337638],[-0.179318,51.6333127],[-0.1792017,51.6328555],[-0.1791136,51.6321244],[-0.1791197,51.631064],[-0.179134,51.6303684],[-0.1791655,51.6299557],[-0.1792663,51.6292313],[-0.1794432,51.6286811],[-0.1797701,51.6279873],[-0.1803252,51.6270185],[-0.1807216,51.626343],[-0.1812122,51.6255173],[-0.1820107,51.6241503],[-0.1824967,51.6233146],[-0.182598,51.6231472],[-0.1830323,51.6224041],[-0.1833952,51.6217504],[-0.1842678,51.6203082],[-0.1850221,51.6189851],[-0.1852927,51.6184426],[-0.1853742,51.6182435],[-0.185563,51.617782],[-0.1857122,51.6173592],[-0.1859168,51.6167341],[-0.1861459,51.6160805],[-0.1861961,51.6159196],[-0.1868707,51.6138556],[-0.1869801,51.6135369],[-0.1880066,51.6103624],[-0.1881731,51.6097621],[-0.1882772,51.6094751],[-0.1884963,51.6089984],[-0.1886211,51.6087655],[-0.1887219,51.6085775],[-0.188857,51.6083986],[-0.1890968,51.6080355],[-0.1893985,51.6076813],[-0.1897997,51.6072801],[-0.1901549,51.606953],[-0.1909328,51.6063684],[-0.1913887,51.6060655],[-0.1942017,51.6044429],[-0.1944084,51.6043036],[-0.1945912,51.6041419],[-0.1947882,51.6039294],[-0.1948564,51.6038295],[-0.194967,51.6036307],[-0.1950263,51.6034691],[-0.1950544,51.6033138],[-0.1950617,51.603148],[-0.1950561,51.602989],[-0.1949619,51.6026705],[-0.1948848,51.6025289],[-0.1947906,51.6023749],[-0.1946792,51.6022263],[-0.1945231,51.6020587],[-0.1943895,51.6019376],[-0.1942456,51.6018189],[-0.194114,51.6017318],[-0.1939769,51.6016431],[-0.1938557,51.6015737],[-0.1937022,51.6015007],[-0.1932038,51.6012784],[-0.1925518,51.600967],[-0.1919441,51.6006832],[-0.1910632,51.6002797],[-0.1908172,51.6001744],[-0.1903288,51.59997],[-0.1887389,51.5993053],[-0.1876285,51.5988605],[-0.1864697,51.598374],[-0.1851984,51.5978375],[-0.1840799,51.597341],[-0.1818737,51.5964184],[-0.1809766,51.5960147],[-0.1792335,51.5952862],[-0.1769881,51.5943218],[-0.1748477,51.593392],[-0.1730479,51.5925972],[-0.1728285,51.5924899],[-0.1714682,51.5917823],[-0.170701,51.5913291],[-0.1694887,51.5905392],[-0.1688235,51.5900626],[-0.1679868,51.5894445],[-0.1669781,51.5886428],[-0.1664487,51.5882412],[-0.1662191,51.5881045],[-0.1658865,51.5879229],[-0.1652068,51.5875728],[-0.1646125,51.5872342],[-0.1644371,51.5871256],[-0.1642918,51.5870357],[-0.1638677,51.5867828],[-0.1634599,51.5865579],[-0.162821,51.5862428],[-0.1624074,51.5860301],[-0.1622249,51.5859421],[-0.1617651,51.5856941],[-0.1613133,51.5854164],[-0.1609521,51.5851675],[-0.1598402,51.5844575],[-0.1582592,51.5836136],[-0.1519613,51.5802119],[-0.1476489,51.5784179],[-0.1468234,51.5780772],[-0.1464578,51.5779247],[-0.1458277,51.5776619],[-0.1452411,51.5774118],[-0.1446478,51.5770629],[-0.1442158,51.5767051],[-0.1436281,51.5761089],[-0.1407087,51.5731288],[-0.1396898,51.5720882],[-0.137755,51.5699647],[-0.1373499,51.569535],[-0.1369771,51.5691164],[-0.1365045,51.5685576],[-0.1359259,51.5677868],[-0.135591,51.5673064],[-0.1351217,51.5666664],[-0.1349552,51.5663401],[-0.1348603,51.5660598],[-0.1347307,51.5655378],[-0.1347353,51.565286],[-0.1347906,51.5650137],[-0.1349317,51.5646488],[-0.1355405,51.5636147],[-0.1362844,51.5622573],[-0.1369001,51.5611387],[-0.1371898,51.5605494],[-0.1375555,51.5595046],[-0.1377832,51.5585142],[-0.1379893,51.5577641],[-0.1382656,51.5571186],[-0.1383349,51.5569769],[-0.138356,51.5569343],[-0.138371,51.5569079],[-0.1384043,51.5568487],[-0.1387568,51.5562795],[-0.1395186,51.5552335],[-0.1400013,51.5545186],[-0.1405168,51.5538237],[-0.1406528,51.5535761],[-0.1408473,51.5531753],[-0.1409725,51.5527687],[-0.1410941,51.5520954],[-0.1410706,51.5517077],[-0.1410275,51.5514729],[-0.1408173,51.550944],[-0.1407567,51.5506794],[-0.1407436,51.5503331],[-0.1407613,51.5499534],[-0.1409074,51.5494254],[-0.1412016,51.5483599],[-0.1413975,51.5477468],[-0.1417219,51.5466554],[-0.1417618,51.5464347],[-0.1417219,51.5459379],[-0.1416545,51.5456212],[-0.14159,51.5454689],[-0.1415253,51.5452431],[-0.1414514,51.544971],[-0.1414277,51.5448494],[-0.1414107,51.5447271],[-0.1414201,51.5445965],[-0.1413999,51.5441348],[-0.1415562,51.5436098],[-0.1417195,51.5428537],[-0.1418758,51.5423092],[-0.1419974,51.5412744],[-0.1422164,51.5399631],[-0.1423225,51.53946],[-0.1423338,51.5393789],[-0.142376,51.5391387],[-0.142371,51.5389405],[-0.1423539,51.5388048],[-0.1423345,51.5387256],[-0.1422972,51.538629],[-0.1421481,51.5383988],[-0.1418988,51.5380439],[-0.1415234,51.5375979],[-0.1411568,51.5372221],[-0.1396692,51.5358747],[-0.1391752,51.5353624],[-0.1383723,51.5344326],[-0.1351626,51.5314036],[-0.1340511,51.5302912],[-0.133816,51.5299611],[-0.1337164,51.5297318],[-0.1336789,51.5294921],[-0.1337084,51.5290409],[-0.1337292,51.528765],[-0.1338263,51.5285354],[-0.1340079,51.5282784],[-0.134245,51.5281005],[-0.1346552,51.5278761],[-0.1351946,51.5276434],[-0.1374375,51.526765],[-0.1377977,51.5266263],[-0.1379517,51.526561],[-0.1380724,51.526495],[-0.1382252,51.5263727],[-0.1383218,51.5262354],[-0.1383644,51.5260668],[-0.1383486,51.5258664],[-0.1382985,51.5256805],[-0.1377493,51.5246057],[-0.1376199,51.5243342],[-0.1372014,51.5237134],[-0.1365076,51.5229396],[-0.1342306,51.5205525],[-0.1322281,51.5186402],[-0.13077,51.5170681],[-0.130257,51.5161311],[-0.1298795,51.5153108],[-0.1298428,51.5152395],[-0.1295624,51.5142286],[-0.1292277,51.5135043],[-0.1291284,51.5133243],[-0.1290075,51.5131293],[-0.1286892,51.5126122],[-0.1284467,51.5122506],[-0.1284053,51.5121391],[-0.1283719,51.5120312],[-0.1283659,51.512005],[-0.1283486,51.5119071],[-0.1283281,51.5117756],[-0.1282939,51.5115114],[-0.1283384,51.5105866],[-0.1283136,51.5104159],[-0.1282658,51.5102705],[-0.1282221,51.5101706],[-0.1280943,51.5099766],[-0.1279306,51.5098083],[-0.1277573,51.5096808],[-0.127528,51.5095608],[-0.1269817,51.5093491],[-0.1261234,51.509086],[-0.1259736,51.5090324],[-0.1254327,51.5087886],[-0.1249331,51.508528],[-0.1246601,51.508383],[-0.1244833,51.508308],[-0.1243005,51.5082517],[-0.1240536,51.5081845],[-0.1236349,51.5080843],[-0.1233373,51.5080115],[-0.1231083,51.5079465],[-0.1226092,51.5077706],[-0.1218816,51.5075217],[-0.1212571,51.5073317],[-0.120513,51.5071146],[-0.1199824,51.5069496],[-0.1191213,51.5066784],[-0.118532,51.5065004],[-0.1179753,51.5062991],[-0.1172844,51.506032],[-0.1169942,51.5059059],[-0.1165286,51.5056799],[-0.1161294,51.5054327],[-0.1156485,51.5050012],[-0.1153813,51.5047519],[-0.1150074,51.5044263],[-0.1147909,51.5041952],[-0.1145803,51.5039515],[-0.1143104,51.5035706],[-0.1131083,51.5017708],[-0.1127095,51.5012239],[-0.1125183,51.5009122],[-0.112315,51.5005531],[-0.1120554,51.5002178],[-0.1118122,51.4998792],[-0.1116998,51.4996706],[-0.1113127,51.4991714],[-0.1108004,51.4985038],[-0.1100045,51.4972788],[-0.1098107,51.4969856],[-0.1094861,51.4965223],[-0.1089243,51.4957203],[-0.1083158,51.4949416],[-0.1080836,51.4946088],[-0.1078972,51.4943958],[-0.1076542,51.4941828],[-0.1072731,51.4938895],[-0.1071554,51.4938272],[-0.1070459,51.4937692],[-0.1063919,51.4933774],[-0.105676,51.4929723],[-0.1048517,51.4925014],[-0.1043721,51.4922128],[-0.1041182,51.4920144],[-0.103981,51.4918822],[-0.1037517,51.4916307],[-0.1036364,51.4914678],[-0.1035415,51.4912532],[-0.1035331,51.490993],[-0.1035342,51.4908172],[-0.1036191,51.4905513],[-0.1037358,51.4903131],[-0.1038425,51.4901433],[-0.1040668,51.4898358],[-0.1042273,51.4896799],[-0.1047197,51.4893079],[-0.1063789,51.487594],[-0.1064414,51.4875283],[-0.1065704,51.4874226],[-0.1069953,51.4871546],[-0.1071323,51.4870701],[-0.1072479,51.486945],[-0.1073112,51.486853],[-0.107401,51.4866795],[-0.1074862,51.4865687],[-0.1113793,51.4827405],[-0.1120687,51.4821103],[-0.1123223,51.481841],[-0.1130726,51.4810041],[-0.1144397,51.4798212],[-0.1152116,51.4790909],[-0.1168683,51.4775135],[-0.1172716,51.4771295],[-0.1189141,51.4755753],[-0.1193373,51.4751747],[-0.1211381,51.4734706],[-0.1224818,51.4721981],[-0.1232966,51.4714602],[-0.1242936,51.470587],[-0.1247294,51.4702557],[-0.1252326,51.4698731],[-0.1262563,51.4691713],[-0.1265772,51.4689486],[-0.1274393,51.4682196],[-0.1277072,51.467993],[-0.128109,51.4674827],[-0.1281565,51.4674224],[-0.1291559,51.4659426],[-0.1296428,51.4653766],[-0.1298918,51.4651246],[-0.1300635,51.4649704],[-0.1304291,51.4647078],[-0.1308221,51.464483],[-0.1327855,51.4636124],[-0.133148,51.4634787],[-0.1347759,51.4628782],[-0.1364994,51.4623027],[-0.1370172,51.4621485],[-0.1374485,51.4620215],[-0.1374806,51.462012],[-0.1376298,51.4619559],[-0.1377823,51.4618717],[-0.1378481,51.4618258],[-0.1378998,51.4617897],[-0.1379809,51.4617331],[-0.1382813,51.4615303],[-0.1388697,51.4611995],[-0.1393657,51.4609353],[-0.1414932,51.4595184],[-0.14252,51.4583413],[-0.1431273,51.4576321],[-0.1432636,51.457473],[-0.1435462,51.4571492],[-0.1449758,51.4556076],[-0.1460914,51.4544097],[-0.1465439,51.4539375],[-0.1465808,51.453899],[-0.1471973,51.4532556],[-0.1473042,51.4531216],[-0.1473332,51.4530856],[-0.1473927,51.4530117],[-0.147572,51.4527513],[-0.1477012,51.4525117],[-0.14778,51.4522647],[-0.147823,51.4521274],[-0.1478246,51.451129],[-0.1478667,51.4508106],[-0.1479426,51.4502369],[-0.1480051,51.4490408],[-0.1480163,51.4489571],[-0.1480253,51.4488776],[-0.1480397,51.4488249],[-0.1480523,51.4487692],[-0.1487346,51.4475908],[-0.1492133,51.4468922],[-0.1496033,51.4462982],[-0.1500049,51.4459604],[-0.1503941,51.4457207],[-0.1512747,51.445168],[-0.1519954,51.4443705],[-0.152462,51.4437904],[-0.15275,51.443447],[-0.1528186,51.4433718],[-0.15296,51.443199],[-0.1531195,51.4430038],[-0.1533013,51.4427826],[-0.155187,51.4404878],[-0.1559461,51.43928],[-0.1566684,51.4378739],[-0.1572287,51.4372959],[-0.1583335,51.4363843],[-0.1589128,51.4360081],[-0.1590407,51.4359333],[-0.1592987,51.4357824],[-0.1598208,51.4355269],[-0.1604979,51.4352418],[-0.1612097,51.4348656],[-0.1615151,51.4346777],[-0.1621663,51.4342415],[-0.1627351,51.4337909],[-0.1634107,51.4331139],[-0.1635821,51.4328656],[-0.1637225,51.4325488],[-0.1639167,51.4320762],[-0.1640189,51.4318777],[-0.1647738,51.4310947],[-0.1666569,51.4292455],[-0.167733,51.428231],[-0.167951,51.4279696],[-0.1681201,51.4278007],[-0.1682369,51.4276917],[-0.1686018,51.427371],[-0.1686453,51.4273327],[-0.1688352,51.4272054],[-0.169267,51.4267819],[-0.1695516,51.4264251],[-0.1699563,51.4258837],[-0.1705558,51.4251757],[-0.1706979,51.4250323],[-0.1732946,51.4230177],[-0.1735554,51.4227962],[-0.1738595,51.4225175],[-0.1741451,51.4222527],[-0.1748559,51.421495],[-0.1757839,51.4204536],[-0.1766109,51.419587],[-0.1771036,51.4190825],[-0.1776467,51.4184226],[-0.1779011,51.4181291],[-0.1779297,51.4180961],[-0.1781953,51.4178313],[-0.1783738,51.4176668],[-0.1785574,51.4175172],[-0.1788199,51.4173148],[-0.1796201,51.4169036],[-0.1799872,51.4167279],[-0.1802979,51.4166401],[-0.1805478,51.4165802],[-0.1808571,51.4165111],[-0.1820346,51.4162393],[-0.1821673,51.4162268],[-0.1836603,51.416149],[-0.1860716,51.4159848],[-0.1870526,51.4159117],[-0.188166,51.415798],[-0.1895963,51.4156937],[-0.1905944,51.4156062],[-0.1913535,51.4155232],[-0.1916553,51.4154595],[-0.191898,51.4153956],[-0.1922929,51.4152575],[-0.1924922,51.415185],[-0.192745,51.4150873],[-0.1929729,51.414988],[-0.1932934,51.4148483],[-0.1937658,51.4146188],[-0.1940562,51.4144661],[-0.1946426,51.4140087],[-0.1950819,51.4136297],[-0.1955202,51.4132362],[-0.1957482,51.4128544],[-0.1957857,51.4124841],[-0.1957616,51.4120785],[-0.1956462,51.4115495],[-0.1952681,51.4106006],[-0.1948979,51.40965],[-0.1947713,51.4089035],[-0.1946973,51.4080981],[-0.1947051,51.4042498],[-0.1947053,51.404159],[-0.1947092,51.4041324],[-0.1947086,51.4034911],[-0.1947071,51.4033833],[-0.1947049,51.4033083],[-0.1946989,51.4032429],[-0.1946906,51.4031912],[-0.1946699,51.4030814],[-0.1946558,51.4029666],[-0.1946509,51.4028689],[-0.1946534,51.4027484],[-0.194665,51.4025478],[-0.1946872,51.402391]]}},{"type":"Feature","id":"relation/15345230-0","properties":{"featureId":"relation/15345230-0","lineId":"northern","lineName":"Northern line","hasData":false,"valueDb":null},"geometry":{"type":"LineString","coordinates":[[-0.1948903,51.4033272],[-0.1949383,51.4023892],[-0.1948903,51.4033272],[-0.1948064,51.4039475],[-0.1947908,51.4040534],[-0.1947923,51.404155],[-0.1947731,51.4080971],[-0.194847,51.4089006],[-0.194973,51.4096439],[-0.1953423,51.4105921],[-0.1957212,51.4115428],[-0.1958373,51.4120755],[-0.1958616,51.4124845],[-0.1958234,51.4128619],[-0.1955899,51.4132528],[-0.1951473,51.4136502],[-0.1947068,51.4140303],[-0.1941162,51.4144909],[-0.1936162,51.4147813],[-0.1933283,51.4149248],[-0.1928677,51.4151372],[-0.1926019,51.4152376],[-0.1923542,51.4153226],[-0.19195,51.4154454],[-0.1916877,51.4154991],[-0.1913877,51.4155575],[-0.1905696,51.4156549],[-0.1895932,51.4157421],[-0.1881662,51.4158478],[-0.1870577,51.4159747],[-0.1844502,51.4161542],[-0.183474,51.416213],[-0.1821614,51.4162695],[-0.1820437,51.4162848],[-0.181257,51.4164651],[-0.1805763,51.4166274],[-0.180312,51.4166819],[-0.1800252,51.4167594],[-0.179656,51.4169271],[-0.1788843,51.4173365],[-0.1786244,51.4175581],[-0.1784608,51.4177004],[-0.1783308,51.4178376],[-0.1780571,51.4181425],[-0.1778094,51.4184245],[-0.177671,51.4185691],[-0.1766783,51.4196056],[-0.1758522,51.4204713],[-0.1748698,51.4216015],[-0.17421,51.4222663],[-0.1736261,51.4228225],[-0.1733715,51.4230346],[-0.1728216,51.4234032],[-0.1711637,51.4247402],[-0.1707886,51.4250591],[-0.1705752,51.4252681],[-0.1700334,51.4258992],[-0.1696404,51.4264384],[-0.1693501,51.4267952],[-0.1689021,51.4272305],[-0.1687207,51.4274094],[-0.1683348,51.4278007],[-0.168116,51.4280174],[-0.1678506,51.4282803],[-0.1667103,51.429309],[-0.1648741,51.4311089],[-0.1641133,51.4319057],[-0.1639997,51.4320921],[-0.1638259,51.4325588],[-0.163668,51.4328858],[-0.1634983,51.4331298],[-0.1628331,51.4338029],[-0.1622379,51.4342828],[-0.1615896,51.4347251],[-0.1612817,51.434908],[-0.1605412,51.4352905],[-0.1597279,51.4356533],[-0.1593455,51.4358287],[-0.159069,51.4359799],[-0.1583958,51.4364074],[-0.1572948,51.4373159],[-0.1567395,51.4378887],[-0.1560187,51.4392919],[-0.1552579,51.4405025],[-0.153208,51.4430921],[-0.1530038,51.443328],[-0.1528869,51.4434642],[-0.1525898,51.4438246],[-0.1520684,51.4443835],[-0.1513567,51.4451882],[-0.1504217,51.4457539],[-0.1500619,51.4459856],[-0.1496692,51.4463177],[-0.1492888,51.4469089],[-0.1488235,51.4476052],[-0.1481223,51.4487849],[-0.1480183,51.4502397],[-0.1479424,51.4508135],[-0.1479005,51.4511304],[-0.1478846,51.4521304],[-0.1477741,51.452523],[-0.1476376,51.4527761],[-0.1474632,51.4530268],[-0.1473741,51.4531375],[-0.1472662,51.4532727],[-0.1461594,51.4544277],[-0.145044,51.4556254],[-0.1444366,51.4562804],[-0.1436148,51.4571666],[-0.1433326,51.4574899],[-0.142589,51.4583582],[-0.1422229,51.4587779],[-0.1415587,51.4595394],[-0.1394243,51.4609608],[-0.13834,51.4615558],[-0.138042,51.461757],[-0.1378437,51.4618954],[-0.1376593,51.4619873],[-0.1374987,51.462044],[-0.1370773,51.462173],[-0.1370442,51.4621831],[-0.1365286,51.4623392],[-0.1348002,51.4629043],[-0.1328119,51.4636377],[-0.1308527,51.4645065],[-0.1304639,51.4647289],[-0.1301018,51.464989],[-0.1299391,51.4651343],[-0.1292202,51.4659435],[-0.1282006,51.4674349],[-0.1277488,51.4680087],[-0.1266148,51.4689677],[-0.1262923,51.4691915],[-0.1252693,51.4698928],[-0.1247669,51.4702748],[-0.1243321,51.4706053],[-0.1226354,51.4721148],[-0.1225247,51.4722106],[-0.1211786,51.4734872],[-0.119997,51.4746053],[-0.1193778,51.4751913],[-0.1189546,51.4755919],[-0.1173121,51.4771461],[-0.1169089,51.47753],[-0.1152521,51.4791075],[-0.1144797,51.4798382],[-0.1131837,51.4810573],[-0.1130284,51.4812365],[-0.1125416,51.4817981],[-0.1122267,51.482153],[-0.1117746,51.4826622],[-0.1087134,51.4856582],[-0.1073654,51.4870023],[-0.1068417,51.4876687],[-0.1067444,51.4877537],[-0.1064265,51.4880785],[-0.1057708,51.4887485],[-0.1056579,51.4888661],[-0.1056206,51.488905],[-0.1055447,51.4889988],[-0.1055079,51.4890443],[-0.1054472,51.4891727],[-0.1052972,51.489403],[-0.1052184,51.4896087],[-0.1051733,51.4898712],[-0.1051753,51.4901004],[-0.1052605,51.4903572],[-0.1053524,51.4906177],[-0.1054517,51.4907252],[-0.1056522,51.491009],[-0.1061327,51.4916694],[-0.1064562,51.4921404],[-0.1068951,51.4927722],[-0.1074809,51.4935865],[-0.1078298,51.4940658],[-0.1080406,51.4943656],[-0.1082056,51.4946453],[-0.108416,51.4949609],[-0.1089651,51.4956802],[-0.1095656,51.4965194],[-0.1098895,51.4969648],[-0.110008,51.4971434],[-0.1109312,51.4985498],[-0.111681,51.4995214],[-0.1117534,51.4996152],[-0.1119076,51.4999004],[-0.112116,51.5001764],[-0.1123887,51.5005269],[-0.1126544,51.5008708],[-0.1128607,51.5010988],[-0.1133096,51.5017264],[-0.1145223,51.5035244],[-0.1147799,51.5038951],[-0.115006,51.5041518],[-0.1152007,51.5043738],[-0.1154623,51.5046551],[-0.1157239,51.5049219],[-0.1158839,51.5050501],[-0.1162416,51.5053785],[-0.1166345,51.5056214],[-0.1170923,51.5058477],[-0.1174082,51.5059817],[-0.1180508,51.5062203],[-0.1185249,51.5063983],[-0.1190472,51.506567],[-0.1196735,51.5067262],[-0.1203169,51.5068794],[-0.1206399,51.5069466],[-0.1209649,51.5070038],[-0.1211646,51.5070353],[-0.1215826,51.5071034],[-0.1217064,51.5071251],[-0.1219211,51.5071745],[-0.1221357,51.5072381],[-0.1224029,51.5073256],[-0.1225508,51.5073906],[-0.1226906,51.5074574],[-0.1229333,51.5075874],[-0.1232448,51.5077585],[-0.1234084,51.5078326],[-0.1235663,51.5078884],[-0.1240778,51.5080188],[-0.1243824,51.5081166],[-0.1246049,51.5081928],[-0.1248354,51.5082951],[-0.1250146,51.5083831],[-0.1255408,51.5086659],[-0.1260127,51.5088889],[-0.1262713,51.5089935],[-0.1267081,51.5091443],[-0.127136,51.509292],[-0.1276055,51.5094715],[-0.1278486,51.5095884],[-0.1281112,51.5097636],[-0.1282866,51.5099373],[-0.1284162,51.5101485],[-0.1284626,51.5102741],[-0.1284851,51.5103807],[-0.1284835,51.5108256],[-0.1284718,51.5115062],[-0.1284842,51.5116581],[-0.1285118,51.5118987],[-0.1285274,51.5119869],[-0.1285331,51.5120137],[-0.1285625,51.5121199],[-0.1286053,51.5122221],[-0.128653,51.5123143],[-0.1288023,51.5125841],[-0.1291296,51.5131345],[-0.1291909,51.5132419],[-0.12938,51.5135933],[-0.1294773,51.5138276],[-0.1299979,51.515153],[-0.1302009,51.5155774],[-0.1303793,51.5160063],[-0.1303988,51.5160538],[-0.1307839,51.5169443],[-0.1309526,51.5171398],[-0.1324922,51.5187324],[-0.1343582,51.520515],[-0.1366273,51.5228698],[-0.1373356,51.5236732],[-0.1380159,51.5245174],[-0.138304,51.5250264],[-0.1384299,51.5253418],[-0.138513,51.5257874],[-0.1384925,51.5260638],[-0.1384237,51.526255],[-0.1383245,51.5263982],[-0.1381804,51.5265107],[-0.1380141,51.526604],[-0.1378183,51.5266832],[-0.1374833,51.5267976],[-0.1352413,51.5276987],[-0.1348313,51.5279423],[-0.1346152,51.5281114],[-0.1344617,51.5282527],[-0.1342045,51.5285152],[-0.1340017,51.5288297],[-0.1338665,51.5291214],[-0.1337992,51.5295171],[-0.1338223,51.529729],[-0.1339146,51.5299207],[-0.1341352,51.5302295],[-0.1343383,51.5304611],[-0.1371762,51.5330935],[-0.1385393,51.5343579],[-0.13881,51.5346716],[-0.1393283,51.5353716],[-0.1397863,51.5358371],[-0.1412747,51.5371833],[-0.1416842,51.5375986],[-0.1420298,51.5380154],[-0.1423569,51.5383903],[-0.1424867,51.5386083],[-0.1425338,51.5387581],[-0.1425566,51.5389404],[-0.1425356,51.5391473],[-0.1425014,51.5393143],[-0.1424036,51.5396902],[-0.1423407,51.5399763],[-0.1422254,51.5406844],[-0.1421324,51.5412732],[-0.1419658,51.5423176],[-0.1418092,51.5428567],[-0.141646,51.5436016],[-0.141491,51.5441371],[-0.1414719,51.5443796],[-0.1414799,51.5444525],[-0.1414942,51.5447498],[-0.1415118,51.5448371],[-0.1415775,51.5450107],[-0.1416531,51.5452497],[-0.1417204,51.5454148],[-0.1418264,51.5456071],[-0.1418947,51.5459281],[-0.1419357,51.5464381],[-0.1418935,51.5466712],[-0.1415678,51.5477671],[-0.1413721,51.5483795],[-0.1410783,51.5494436],[-0.1408672,51.5499024],[-0.1406872,51.5501013],[-0.1406006,51.5503317],[-0.1405972,51.5508573],[-0.1407678,51.5510352],[-0.1410547,51.5511971],[-0.1411985,51.5514538],[-0.1412436,51.5516995],[-0.1412679,51.5520994],[-0.1411441,51.5527849],[-0.1410159,51.5532011],[-0.1408179,51.5536091],[-0.140678,51.5538638],[-0.14016,51.5545621],[-0.1396776,51.5552766],[-0.1389168,51.5563211],[-0.1385671,51.5568859],[-0.1385346,51.5569437],[-0.1385207,51.5569681],[-0.1385007,51.5570084],[-0.1384324,51.5571482],[-0.1381589,51.5577871],[-0.1379545,51.5585309],[-0.1377263,51.5595237],[-0.1373577,51.5605767],[-0.1370651,51.5611719],[-0.1364485,51.5622921],[-0.135704,51.5636506],[-0.135098,51.56468],[-0.134967,51.5650326],[-0.1349111,51.5652497],[-0.1349379,51.5655179],[-0.1350666,51.5660364],[-0.1351582,51.5663069],[-0.1353177,51.5666195],[-0.1357826,51.5672535],[-0.1361171,51.5677333],[-0.1366924,51.5684997],[-0.1371616,51.5690545],[-0.1375321,51.5694705],[-0.1379366,51.5698997],[-0.1398706,51.5720222],[-0.1408878,51.5730611],[-0.143807,51.576041],[-0.1443894,51.5766318],[-0.1448048,51.5769759],[-0.1453732,51.5773102],[-0.1459454,51.5775541],[-0.1465746,51.5778165],[-0.1469398,51.5779689],[-0.1477652,51.5783095],[-0.1520889,51.5801082],[-0.1583963,51.583515],[-0.1599768,51.5843587],[-0.1610908,51.5850589],[-0.1621096,51.5855951],[-0.162481,51.5857802],[-0.1628081,51.5859767],[-0.1632161,51.5862113],[-0.1635168,51.5863726],[-0.163775,51.5865067],[-0.1642559,51.5867414],[-0.1646804,51.5869588],[-0.1650691,51.5871633],[-0.1654115,51.5873739],[-0.1657322,51.587587],[-0.1659911,51.587748],[-0.1662271,51.5879346],[-0.1665463,51.5881779],[-0.1667048,51.5883009],[-0.166903,51.5884546],[-0.1677345,51.5890828],[-0.1682549,51.5894911],[-0.1689415,51.590011],[-0.1694268,51.5904227],[-0.1699506,51.5907883],[-0.1702973,51.5910303],[-0.1709517,51.5914302],[-0.1719495,51.5919835],[-0.1728806,51.5924588],[-0.17313,51.5925753],[-0.1735347,51.5927688],[-0.1784435,51.5948963],[-0.1792136,51.5952245],[-0.181923,51.5963903],[-0.184129,51.5973179],[-0.1864754,51.598325],[-0.1876696,51.5988176],[-0.1885597,51.59914],[-0.1889615,51.5992954],[-0.1902919,51.5998535],[-0.1908139,51.6000772],[-0.1912363,51.6002996],[-0.1915229,51.6004321],[-0.1919654,51.6006572],[-0.1925736,51.600946],[-0.1930806,51.6011903],[-0.1937087,51.6014609],[-0.1940791,51.6016616],[-0.194196,51.6017331],[-0.1942915,51.6018005],[-0.1944472,51.6019328],[-0.1945783,51.6020507],[-0.1946993,51.6021858],[-0.1947936,51.6023037],[-0.1948794,51.6024258],[-0.1949608,51.6025598],[-0.195013,51.6026783],[-0.1950994,51.6029471],[-0.1951212,51.603107],[-0.1951183,51.6032622],[-0.1951009,51.6033869],[-0.1950747,51.6034908],[-0.1950193,51.6036477],[-0.194941,51.6038178],[-0.1948294,51.6039749],[-0.1947061,51.604103],[-0.1945535,51.604239],[-0.1943957,51.6043647],[-0.1923916,51.6055285],[-0.191389,51.6061408],[-0.1909706,51.6064074],[-0.1902652,51.6069671],[-0.1895571,51.6076484],[-0.189227,51.6080109],[-0.1890491,51.6082244],[-0.1888874,51.6084299],[-0.1887779,51.6085912],[-0.1885445,51.6090026],[-0.1883809,51.6093657],[-0.1883337,51.6094894],[-0.188301,51.6095872],[-0.1882375,51.6097771],[-0.1880712,51.6103634],[-0.187886,51.6109164],[-0.1870355,51.6135386],[-0.1869232,51.6138559],[-0.1862587,51.6159247],[-0.1862037,51.6160838],[-0.185973,51.6167323],[-0.1857613,51.6173639],[-0.1856077,51.6177873],[-0.1854211,51.6182525],[-0.1853349,51.6184459],[-0.1850649,51.6189941],[-0.1843091,51.6203147],[-0.1834666,51.621767],[-0.1830886,51.6224127],[-0.1826433,51.6231585],[-0.182553,51.6233289],[-0.1820632,51.6241632],[-0.1812648,51.6255269],[-0.1807713,51.6263587],[-0.1803819,51.6270345],[-0.1798297,51.6279954],[-0.1794976,51.6286914],[-0.1793247,51.6292408],[-0.1792085,51.6299565],[-0.179172,51.6303695],[-0.1791639,51.6310661],[-0.1791679,51.6321218],[-0.1792583,51.6328538],[-0.1793717,51.633307],[-0.1795372,51.6337581],[-0.1797677,51.6342334],[-0.1800555,51.6347041],[-0.1804518,51.6352475],[-0.1808418,51.6357504],[-0.1813278,51.6363809],[-0.1823142,51.6376599],[-0.1830145,51.6385663],[-0.1838533,51.639663],[-0.1841914,51.6400981],[-0.1846378,51.6406772],[-0.1865125,51.6431115],[-0.1875233,51.6444287],[-0.1879594,51.6449921],[-0.1888273,51.6461204],[-0.1897749,51.6473571],[-0.1899565,51.6475947],[-0.1901733,51.6478736],[-0.1904696,51.6482102],[-0.1908042,51.6485264],[-0.1910208,51.648702],[-0.1912574,51.6488736],[-0.1916707,51.6491449],[-0.1918938,51.6492605],[-0.192077,51.6493689],[-0.1925466,51.6496336],[-0.1929757,51.6498764],[-0.1930036,51.6498925],[-0.1937772,51.6503131]]}},{"type":"Feature","id":"relation/18528748-0","properties":{"featureId":"relation/18528748-0","lineId":"bakerloo","lineName":"Bakerloo line","hasData":false,"valueDb":null},"geometry":{"type":"LineString","coordinates":[[-0.2072776,51.5336326],[-0.2069929,51.5336888],[-0.2067895,51.5337368],[-0.2064687,51.5338185],[-0.2063519,51.5338431],[-0.2072776,51.5336326],[-0.2087854,51.533371],[-0.2091051,51.5333143],[-0.2092264,51.5332845],[-0.2094845,51.5332456],[-0.2096435,51.533218],[-0.2098562,51.533183],[-0.2100681,51.5331529],[-0.2103239,51.5331214],[-0.2108212,51.5330575],[-0.211249,51.532997],[-0.2115268,51.5329537],[-0.2118428,51.5328973],[-0.2121947,51.5328279],[-0.2155184,51.532117],[-0.2170896,51.5317727],[-0.2183433,51.5314807],[-0.2190463,51.5313188],[-0.2194085,51.5312391],[-0.2197735,51.5311636],[-0.2201478,51.5310921],[-0.2205239,51.5310241],[-0.2209144,51.5309575],[-0.2213065,51.5308967],[-0.2216898,51.5308404],[-0.2220748,51.5307885],[-0.2223978,51.5307517],[-0.2227207,51.5307214],[-0.2231369,51.5306858],[-0.2240007,51.5306165],[-0.2247412,51.5305581],[-0.2248077,51.5305528],[-0.2250489,51.5305349],[-0.2292287,51.5302739],[-0.2302383,51.5302257],[-0.2310911,51.5301986],[-0.2316718,51.5301841],[-0.2324853,51.5301696],[-0.2329357,51.5301742],[-0.2336518,51.5301937],[-0.2341343,51.5302207],[-0.2346532,51.5302549],[-0.2350641,51.530281],[-0.2355929,51.5303208],[-0.2358649,51.5303512],[-0.2361207,51.5303872],[-0.2362741,51.5304138],[-0.2366058,51.5304951],[-0.2369017,51.5305826],[-0.2371515,51.5306747],[-0.237373,51.5307714],[-0.2375207,51.5308401],[-0.2376986,51.5309439],[-0.2378802,51.5310532],[-0.238091,51.5311803],[-0.2383192,51.5313094],[-0.2385012,51.5314082],[-0.2386546,51.5314928],[-0.2388363,51.5315751],[-0.2390299,51.5316515],[-0.2392286,51.5317247],[-0.2394088,51.5317811],[-0.2395791,51.5318254],[-0.2397817,51.53187],[-0.2400209,51.5319136],[-0.240312,51.5319513],[-0.2405779,51.5319812],[-0.241371,51.5320578],[-0.2420154,51.532119],[-0.2424372,51.5321622],[-0.2427592,51.5321925],[-0.2429446,51.5322054],[-0.2431352,51.5322148],[-0.2438573,51.5322418],[-0.2440683,51.5322532],[-0.2443078,51.5322697],[-0.2445947,51.5322977],[-0.2448423,51.5323298],[-0.2451581,51.5323764],[-0.2456259,51.5324545],[-0.2458727,51.5324947],[-0.2460838,51.532524],[-0.2462854,51.5325466],[-0.2464379,51.5325611],[-0.2466977,51.5325913],[-0.2473349,51.5326653],[-0.2476936,51.5327224],[-0.2479774,51.5327834],[-0.248331,51.5328612],[-0.2487323,51.5329633],[-0.2490801,51.5330592],[-0.2495056,51.533177],[-0.2499063,51.5332933],[-0.2502056,51.5333847],[-0.2506014,51.5335134],[-0.2509565,51.5336354],[-0.2513239,51.5337598],[-0.251518,51.533829],[-0.2520492,51.5340348],[-0.2524998,51.5342135],[-0.2531494,51.5344952],[-0.2559323,51.5355708],[-0.2562175,51.5356819],[-0.2568472,51.5359289],[-0.2572772,51.5361046],[-0.2573148,51.5361198],[-0.2574458,51.5361719],[-0.257829,51.5363366],[-0.2582051,51.536507],[-0.2588874,51.5368262],[-0.259929,51.537319],[-0.2606552,51.5376318],[-0.2611088,51.5378611],[-0.2614432,51.5380124],[-0.2617691,51.5381727],[-0.2621116,51.5383287],[-0.2625514,51.5385331],[-0.2628081,51.5386513],[-0.2630398,51.538757],[-0.2633683,51.5389049],[-0.2637315,51.5390616],[-0.2640683,51.5392087],[-0.2644092,51.5393614],[-0.2647674,51.5395123],[-0.2651331,51.5396711],[-0.2655977,51.5398723],[-0.2659327,51.5400213],[-0.2662968,51.5401773],[-0.2667224,51.540361],[-0.2673193,51.5406244],[-0.2683873,51.5410792],[-0.2695364,51.5415578],[-0.2704951,51.5419506],[-0.2711497,51.542196],[-0.2724443,51.5426793],[-0.2740519,51.5432905],[-0.2747008,51.5435327],[-0.2751475,51.5436998],[-0.2768422,51.5443193],[-0.2771262,51.5444229],[-0.2777761,51.5446559],[-0.2782511,51.544826],[-0.278601,51.5449572],[-0.2789541,51.5450828],[-0.2793561,51.5452243],[-0.2796382,51.5453191],[-0.2801106,51.5454891],[-0.2806019,51.5456684],[-0.2811563,51.5458662],[-0.2816363,51.5460375],[-0.2820099,51.5461731],[-0.2823267,51.5462794],[-0.2828254,51.5464355],[-0.2831382,51.5465224],[-0.2835589,51.5466284],[-0.2839936,51.5467223],[-0.2842416,51.5467742],[-0.2845611,51.5468334],[-0.2849445,51.5468987],[-0.2851849,51.5469347],[-0.2854663,51.5469717],[-0.2857594,51.5470066],[-0.2861297,51.5470471],[-0.2865748,51.547081],[-0.2869084,51.5471019],[-0.2871527,51.5471189],[-0.2874178,51.5471362],[-0.2876573,51.5471512],[-0.2882301,51.5471883],[-0.2900109,51.5473084],[-0.2902073,51.5473255],[-0.2904969,51.5473599],[-0.2907582,51.5474006],[-0.2910215,51.5474596],[-0.2912405,51.5475173],[-0.2914746,51.5475907],[-0.2916581,51.5476569],[-0.2918537,51.5477368],[-0.2920575,51.5478293],[-0.2922409,51.5479269],[-0.2924112,51.5480352],[-0.2925952,51.5481669],[-0.292721,51.5482694],[-0.2928327,51.548366],[-0.292871,51.5483995],[-0.2930933,51.5486118],[-0.2933733,51.5488983],[-0.2939862,51.5495359],[-0.2942373,51.5498028],[-0.2946561,51.5502287],[-0.2950854,51.5506276],[-0.2954726,51.5509699],[-0.2959374,51.5513876],[-0.2968861,51.5522862],[-0.2971764,51.5525706],[-0.2974132,51.552836],[-0.2977558,51.5532296],[-0.2980409,51.5535602],[-0.2983616,51.5539273],[-0.2986693,51.5542908],[-0.2988915,51.5545659],[-0.2990514,51.5547635],[-0.2992657,51.5550473],[-0.2994729,51.5553284],[-0.2996074,51.5555133],[-0.2998762,51.5558989],[-0.3001008,51.5562234],[-0.3003609,51.5566114],[-0.3005898,51.5569625],[-0.3008065,51.557308],[-0.30104,51.5576806],[-0.3012807,51.5580828],[-0.3014994,51.5584447],[-0.3017945,51.5589533],[-0.3020526,51.5593807],[-0.3022482,51.5597217],[-0.3023454,51.5598743],[-0.3024958,51.5601146],[-0.3038951,51.5623981],[-0.3041166,51.5627752],[-0.3043254,51.5631275],[-0.3044389,51.5633275],[-0.3046472,51.5637052],[-0.3048358,51.5640333],[-0.304999,51.5643297],[-0.3051888,51.5646599],[-0.3053832,51.5650037],[-0.3055614,51.5653224],[-0.3057986,51.5657432],[-0.3060405,51.5661626],[-0.3063136,51.5666453],[-0.3065775,51.5670611],[-0.3068378,51.5675157],[-0.3070936,51.567938],[-0.3073112,51.5683163],[-0.3076016,51.5687846],[-0.3078227,51.569099],[-0.3079291,51.5692471],[-0.3081143,51.5695147],[-0.3082971,51.5697873],[-0.3084105,51.5699708],[-0.3085807,51.570252],[-0.308782,51.5706167],[-0.3089545,51.5709548],[-0.3090956,51.571254],[-0.3093005,51.5716597],[-0.3094509,51.5719373],[-0.3096673,51.5723056],[-0.3098178,51.5725602],[-0.3100573,51.5729694],[-0.3103258,51.5734182],[-0.3105457,51.5737887],[-0.3108118,51.5742439],[-0.3110445,51.5746359],[-0.311262,51.5750135],[-0.3114345,51.5753177],[-0.3117689,51.5758471],[-0.3120189,51.5762412],[-0.3122781,51.5766511],[-0.3125813,51.5770906],[-0.3128438,51.5774581],[-0.3130839,51.5778027],[-0.3133925,51.5781809],[-0.3136668,51.5785066],[-0.3139168,51.5788051],[-0.3142454,51.5791625],[-0.3146134,51.5795372],[-0.3148646,51.5798004],[-0.3152489,51.580216],[-0.3159844,51.5808978],[-0.3166625,51.5815221],[-0.3172299,51.5820612],[-0.3183562,51.5830031],[-0.3190213,51.5834831],[-0.319335,51.5837167],[-0.319651,51.5839454],[-0.3200213,51.5842085],[-0.320446,51.5845141],[-0.3206693,51.5846659],[-0.3210142,51.5848895],[-0.3212862,51.5850793],[-0.3216854,51.5853375],[-0.3220777,51.5855812],[-0.3225059,51.5858487],[-0.3229387,51.5861083],[-0.3236997,51.5865732],[-0.3241691,51.5868433],[-0.3251454,51.5873848],[-0.3270337,51.5883247],[-0.3299466,51.5897378],[-0.3319632,51.5906629],[-0.3321406,51.5907443],[-0.3335047,51.5913713],[-0.3344771,51.5918438]]}},{"type":"Feature","id":"relation/18528749-0","properties":{"featureId":"relation/18528749-0","lineId":"bakerloo","lineName":"Bakerloo line","hasData":false,"valueDb":null},"geometry":{"type":"LineString","coordinates":[[-0.3343768,51.5918227],[-0.3338574,51.5915712],[-0.3335558,51.5914265],[-0.3313053,51.5904059],[-0.3304026,51.5899897],[-0.3281179,51.5889001],[-0.325124,51.5874168],[-0.3243327,51.5869915],[-0.3235763,51.5865569],[-0.3224547,51.5858583],[-0.3217047,51.5853918],[-0.3209849,51.5849143],[-0.3202709,51.5844332],[-0.3195845,51.5839371],[-0.3189863,51.5835035],[-0.3183175,51.5830212],[-0.3171903,51.5820763],[-0.316622,51.5815321],[-0.3159444,51.580912],[-0.3152153,51.5802333],[-0.3147242,51.5797303],[-0.3142092,51.5792333],[-0.3137521,51.5787213],[-0.3133213,51.5782041],[-0.3129994,51.5777844],[-0.312747,51.5774399],[-0.3125042,51.5771126],[-0.3122882,51.5767874],[-0.3120463,51.5764077],[-0.3116344,51.5757103],[-0.3114121,51.5753476],[-0.3112721,51.5751088],[-0.3110522,51.5747305],[-0.3106177,51.5739932],[-0.3101519,51.5732028],[-0.3096415,51.5723361],[-0.3086519,51.5706768],[-0.3083952,51.5702551],[-0.3081995,51.5699228],[-0.3079415,51.5694669],[-0.3076476,51.5689684],[-0.3070617,51.5679664],[-0.3068572,51.5676269],[-0.3064938,51.5670118],[-0.3059429,51.5660666],[-0.3053921,51.5651192],[-0.3048606,51.5641671],[-0.304479,51.5634818],[-0.3040732,51.5627982],[-0.3038645,51.5624292],[-0.3024121,51.5600645],[-0.3012399,51.5580899],[-0.3010234,51.5577241],[-0.3007075,51.5572111],[-0.3001891,51.5564146],[-0.2998468,51.5559072],[-0.2994546,51.5553515],[-0.2990646,51.554831],[-0.2988256,51.5545301],[-0.2985239,51.5541646],[-0.2979504,51.5535089],[-0.297439,51.5529306],[-0.2972349,51.5527026],[-0.2971322,51.5525879],[-0.296814,51.5522737],[-0.2959033,51.5514045],[-0.295438,51.5509817],[-0.2950672,51.5506435],[-0.2946262,51.5502356],[-0.2942047,51.5498162],[-0.2939462,51.5495484],[-0.2933353,51.5489232],[-0.2930547,51.5486337],[-0.2928268,51.5484188],[-0.2927924,51.5483853],[-0.2926732,51.5482846],[-0.2925034,51.5481609],[-0.2923653,51.548066],[-0.2921908,51.5479529],[-0.2920112,51.5478567],[-0.2918274,51.5477686],[-0.2916311,51.5476864],[-0.2914492,51.5476211],[-0.2912211,51.5475517],[-0.2909898,51.5474954],[-0.2907927,51.547452],[-0.2904857,51.5474035],[-0.290107,51.5473664],[-0.2883431,51.5472451],[-0.2873519,51.5471725],[-0.2867321,51.5471224],[-0.2863158,51.5470894],[-0.2859396,51.5470514],[-0.2854753,51.546998],[-0.2851389,51.5469541],[-0.2848535,51.546912],[-0.284462,51.546844],[-0.2839288,51.5467433],[-0.283474,51.5466423],[-0.2832419,51.5465823],[-0.2827984,51.5464563],[-0.2823811,51.5463241],[-0.2819815,51.5461885],[-0.2815163,51.5460181],[-0.2810368,51.5458509],[-0.2805829,51.5456869],[-0.280296,51.5455836],[-0.2796687,51.5453616],[-0.2789323,51.5450998],[-0.2784431,51.5449221],[-0.2781834,51.5448255],[-0.2778723,51.5447133],[-0.2775549,51.5446068],[-0.2770913,51.5444416],[-0.2757082,51.5439389],[-0.2751256,51.5437221],[-0.2746764,51.5435575],[-0.2740247,51.5433123],[-0.2724269,51.5427025],[-0.2711311,51.5422206],[-0.2704686,51.5419764],[-0.2695089,51.5415825],[-0.2683655,51.541103],[-0.2673077,51.5406477],[-0.266712,51.5403836],[-0.2664588,51.5402759],[-0.2662043,51.540168],[-0.265834,51.5400033],[-0.2650939,51.5396857],[-0.2635816,51.5390204],[-0.2631597,51.5388318],[-0.262794,51.5386668],[-0.2620375,51.5383301],[-0.2606584,51.5376625],[-0.2599028,51.5373417],[-0.2588607,51.5368489],[-0.2581777,51.5365311],[-0.2578016,51.5363618],[-0.2574201,51.5361968],[-0.2572878,51.5361449],[-0.257253,51.5361286],[-0.2568208,51.535954],[-0.2561902,51.5357083],[-0.255906,51.5355964],[-0.2531207,51.5345154],[-0.2528103,51.5343741],[-0.2520163,51.5340561],[-0.2515013,51.533849],[-0.250784,51.5336112],[-0.2501419,51.5334099],[-0.2492757,51.5331522],[-0.2483243,51.5328996],[-0.2478016,51.5327847],[-0.2477779,51.5327804],[-0.2473842,51.5327085],[-0.2473116,51.5326952],[-0.246435,51.5325929],[-0.2462771,51.5325784],[-0.2460724,51.5325635],[-0.2458562,51.5325517],[-0.2456122,51.5325448],[-0.2450671,51.5325451],[-0.2448529,51.5325404],[-0.2446233,51.5325295],[-0.24446,51.532517],[-0.2442964,51.5325002],[-0.2441429,51.5324822],[-0.2439803,51.5324581],[-0.2439253,51.532448],[-0.2438159,51.5324278],[-0.2432935,51.5323157],[-0.2431073,51.5322791],[-0.2429404,51.5322525],[-0.2427514,51.5322267],[-0.2424354,51.532192],[-0.2418344,51.5321344],[-0.2413625,51.5320889],[-0.2405692,51.5320117],[-0.2403085,51.5319843],[-0.2400127,51.5319446],[-0.2397721,51.5319006],[-0.2395356,51.5318467],[-0.2392755,51.5317713],[-0.2390613,51.5316986],[-0.2388402,51.5316166],[-0.2386133,51.531514],[-0.2384305,51.5314172],[-0.2382196,51.5313048],[-0.2380123,51.5311773],[-0.2376484,51.5309573],[-0.2373497,51.5308037],[-0.2371193,51.5306989],[-0.2368757,51.5306074],[-0.2367103,51.5305562],[-0.2365185,51.5305036],[-0.23627,51.5304439],[-0.2359812,51.5303951],[-0.2355872,51.5303504],[-0.2350631,51.5303054],[-0.2346508,51.5302813],[-0.2341334,51.5302475],[-0.2336533,51.5302203],[-0.2331231,51.5302022],[-0.2325192,51.530203],[-0.2316729,51.5302157],[-0.2306035,51.5302618],[-0.2295353,51.5303248],[-0.2292309,51.5303426],[-0.2273862,51.5304561],[-0.2268789,51.5304873],[-0.2250586,51.5305992],[-0.2248401,51.5306106],[-0.2244211,51.5306307],[-0.2240033,51.530655],[-0.2235717,51.5306818],[-0.2231415,51.5307143],[-0.2227257,51.5307492],[-0.2224057,51.5307813],[-0.2220851,51.5308173],[-0.2217011,51.53087],[-0.2213187,51.530926],[-0.2209276,51.5309862],[-0.2205379,51.531052],[-0.2201623,51.5311205],[-0.219788,51.5311922],[-0.2194247,51.5312675],[-0.2190635,51.5313465],[-0.2183615,51.5315079],[-0.2171075,51.5318004],[-0.2155339,51.5321457],[-0.2122158,51.5328579],[-0.2118584,51.5329333],[-0.2115479,51.532995],[-0.2108573,51.53313],[-0.2099441,51.5333132],[-0.2097836,51.5333374],[-0.2096359,51.5333589],[-0.2094538,51.5333817],[-0.2091932,51.5334153],[-0.2088321,51.5334709],[-0.2073294,51.5337472],[-0.2071103,51.5337843],[-0.2069232,51.533809],[-0.2067286,51.5338333],[-0.2064496,51.5338707],[-0.2063361,51.5338863],[-0.2062056,51.5339072],[-0.2055957,51.5340171],[-0.2048001,51.5341642]]}},{"type":"Feature","id":"relation/18529015-0","properties":{"featureId":"relation/18529015-0","lineId":"northern","lineName":"Northern line","hasData":false,"valueDb":null},"geometry":{"type":"LineString","coordinates":[[-0.1940163,51.6504841],[-0.1929889,51.6499246],[-0.192944,51.6498984],[-0.1925207,51.6496597],[-0.1924447,51.6496197],[-0.1919805,51.6493623],[-0.1916399,51.6491621],[-0.1912125,51.6488945],[-0.1909762,51.6487208],[-0.1907688,51.6485492],[-0.1904223,51.6482275],[-0.1901224,51.6478845],[-0.1899079,51.6476036],[-0.1897246,51.6473684],[-0.1887734,51.6461314],[-0.1879049,51.6450047],[-0.1874706,51.6444398],[-0.1864564,51.6431211],[-0.1845819,51.6406893],[-0.1841399,51.6401113],[-0.1838039,51.6396781],[-0.1834491,51.6392257],[-0.1829509,51.638573],[-0.1822619,51.637675],[-0.1812597,51.6363797],[-0.1807849,51.6357579],[-0.1804049,51.635262],[-0.1800058,51.6347165],[-0.17972,51.6342461],[-0.1794842,51.6337638],[-0.179318,51.6333127],[-0.1792017,51.6328555],[-0.1791136,51.6321244],[-0.1791197,51.631064],[-0.179134,51.6303684],[-0.1791655,51.6299557],[-0.1792663,51.6292313],[-0.1794432,51.6286811],[-0.1797701,51.6279873],[-0.1803252,51.6270185],[-0.1807216,51.626343],[-0.1812122,51.6255173],[-0.1820107,51.6241503],[-0.1824967,51.6233146],[-0.182598,51.6231472],[-0.1830323,51.6224041],[-0.1833952,51.6217504],[-0.1842678,51.6203082],[-0.1850221,51.6189851],[-0.1852927,51.6184426],[-0.1853742,51.6182435],[-0.185563,51.617782],[-0.1857122,51.6173592],[-0.1859168,51.6167341],[-0.1861459,51.6160805],[-0.1861961,51.6159196],[-0.1868707,51.6138556],[-0.1869801,51.6135369],[-0.1880066,51.6103624],[-0.1881731,51.6097621],[-0.1882772,51.6094751],[-0.1884963,51.6089984],[-0.1886211,51.6087655],[-0.1887219,51.6085775],[-0.188857,51.6083986],[-0.1890968,51.6080355],[-0.1893985,51.6076813],[-0.1897997,51.6072801],[-0.1901549,51.606953],[-0.1909328,51.6063684],[-0.1913887,51.6060655],[-0.1942017,51.6044429],[-0.1944084,51.6043036],[-0.1945912,51.6041419],[-0.1947882,51.6039294],[-0.1948564,51.6038295],[-0.194967,51.6036307],[-0.1950263,51.6034691],[-0.1950544,51.6033138],[-0.1950617,51.603148],[-0.1950561,51.602989],[-0.1949619,51.6026705],[-0.1948848,51.6025289],[-0.1947906,51.6023749],[-0.1946792,51.6022263],[-0.1945231,51.6020587],[-0.1943895,51.6019376],[-0.1942456,51.6018189],[-0.194114,51.6017318],[-0.1939769,51.6016431],[-0.1938557,51.6015737],[-0.1937022,51.6015007],[-0.1932038,51.6012784],[-0.1925518,51.600967],[-0.1919441,51.6006832],[-0.1910632,51.6002797],[-0.1908172,51.6001744],[-0.1903288,51.59997],[-0.1887389,51.5993053],[-0.1876285,51.5988605],[-0.1864697,51.598374],[-0.1851984,51.5978375],[-0.1840799,51.597341],[-0.1818737,51.5964184],[-0.1809766,51.5960147],[-0.1792335,51.5952862],[-0.1769881,51.5943218],[-0.1748477,51.593392],[-0.1730479,51.5925972],[-0.1728285,51.5924899],[-0.1714682,51.5917823],[-0.170701,51.5913291],[-0.1694887,51.5905392],[-0.1688235,51.5900626],[-0.1679868,51.5894445],[-0.1669781,51.5886428],[-0.1664487,51.5882412],[-0.1662191,51.5881045],[-0.1658865,51.5879229],[-0.1652068,51.5875728],[-0.1646125,51.5872342],[-0.1644371,51.5871256]]}},{"type":"Feature","id":"relation/18529016-0","properties":{"featureId":"relation/18529016-0","lineId":"northern","lineName":"Northern line","hasData":false,"valueDb":null},"geometry":{"type":"LineString","coordinates":[[-0.1654115,51.5873739],[-0.1657322,51.587587],[-0.1659911,51.587748],[-0.1662271,51.5879346],[-0.1665463,51.5881779],[-0.1667048,51.5883009],[-0.166903,51.5884546],[-0.1677345,51.5890828],[-0.1682549,51.5894911],[-0.1689415,51.590011],[-0.1694268,51.5904227],[-0.1699506,51.5907883],[-0.1702973,51.5910303],[-0.1709517,51.5914302],[-0.1719495,51.5919835],[-0.1728806,51.5924588],[-0.17313,51.5925753],[-0.1735347,51.5927688],[-0.1784435,51.5948963],[-0.1792136,51.5952245],[-0.181923,51.5963903],[-0.184129,51.5973179],[-0.1864754,51.598325],[-0.1876696,51.5988176],[-0.1885597,51.59914],[-0.1889615,51.5992954],[-0.1902919,51.5998535],[-0.1908139,51.6000772],[-0.1912363,51.6002996],[-0.1915229,51.6004321],[-0.1919654,51.6006572],[-0.1925736,51.600946],[-0.1930806,51.6011903],[-0.1937087,51.6014609],[-0.1940791,51.6016616],[-0.194196,51.6017331],[-0.1942915,51.6018005],[-0.1944472,51.6019328],[-0.1945783,51.6020507],[-0.1946993,51.6021858],[-0.1947936,51.6023037],[-0.1948794,51.6024258],[-0.1949608,51.6025598],[-0.195013,51.6026783],[-0.1950994,51.6029471],[-0.1951212,51.603107],[-0.1951183,51.6032622],[-0.1951009,51.6033869],[-0.1950747,51.6034908],[-0.1950193,51.6036477],[-0.194941,51.6038178],[-0.1948294,51.6039749],[-0.1947061,51.604103],[-0.1945535,51.604239],[-0.1943957,51.6043647],[-0.1923916,51.6055285],[-0.191389,51.6061408],[-0.1909706,51.6064074],[-0.1902652,51.6069671],[-0.1895571,51.6076484],[-0.189227,51.6080109],[-0.1890491,51.6082244],[-0.1888874,51.6084299],[-0.1887779,51.6085912],[-0.1885445,51.6090026],[-0.1883809,51.6093657],[-0.1883337,51.6094894],[-0.188301,51.6095872],[-0.1882375,51.6097771],[-0.1880712,51.6103634],[-0.187886,51.6109164],[-0.1870355,51.6135386],[-0.1869232,51.6138559],[-0.1862587,51.6159247],[-0.1862037,51.6160838],[-0.185973,51.6167323],[-0.1857613,51.6173639],[-0.1856077,51.6177873],[-0.1854211,51.6182525],[-0.1853349,51.6184459],[-0.1850649,51.6189941],[-0.1843091,51.6203147],[-0.1834666,51.621767],[-0.1830886,51.6224127],[-0.1826433,51.6231585],[-0.182553,51.6233289],[-0.1820632,51.6241632],[-0.1812648,51.6255269],[-0.1807713,51.6263587],[-0.1803819,51.6270345],[-0.1798297,51.6279954],[-0.1794976,51.6286914],[-0.1793247,51.6292408],[-0.1792085,51.6299565],[-0.179172,51.6303695],[-0.1791639,51.6310661],[-0.1791679,51.6321218],[-0.1792583,51.6328538],[-0.1793717,51.633307],[-0.1795372,51.6337581],[-0.1797677,51.6342334],[-0.1800555,51.6347041],[-0.1804518,51.6352475],[-0.1808418,51.6357504],[-0.1813278,51.6363809],[-0.1823142,51.6376599],[-0.1830145,51.6385663],[-0.1838533,51.639663],[-0.1841914,51.6400981],[-0.1846378,51.6406772],[-0.1865125,51.6431115],[-0.1875233,51.6444287],[-0.1879594,51.6449921],[-0.1888273,51.6461204],[-0.1897749,51.6473571],[-0.1899565,51.6475947],[-0.1901733,51.6478736],[-0.1904696,51.6482102],[-0.1908042,51.6485264],[-0.1910208,51.648702],[-0.1912574,51.6488736],[-0.1916707,51.6491449],[-0.1918938,51.6492605],[-0.192077,51.6493689],[-0.1925466,51.6496336],[-0.1929757,51.6498764],[-0.1930036,51.6498925],[-0.1937772,51.6503131]]}},{"type":"Feature","id":"relation/18529017-0","properties":{"featureId":"relation/18529017-0","lineId":"northern","lineName":"Northern line","hasData":false,"valueDb":null},"geometry":{"type":"LineString","coordinates":[[-0.2503217,51.5956013],[-0.2505404,51.5957549],[-0.2510908,51.5961698],[-0.2514528,51.5964673],[-0.2518923,51.596801],[-0.2521832,51.5970387],[-0.2524874,51.5972959],[-0.2527107,51.5974819],[-0.2530814,51.5977811],[-0.2533361,51.5979791],[-0.2536343,51.5981928],[-0.2539336,51.5983945],[-0.2541884,51.598552],[-0.2545892,51.598795],[-0.2551916,51.5991114],[-0.2552809,51.5991601],[-0.2557843,51.5993896],[-0.2565473,51.5997045],[-0.2574579,51.6000726],[-0.2580047,51.6002938],[-0.2582196,51.6003778],[-0.2601886,51.6011719],[-0.2612292,51.601588],[-0.2622892,51.602027],[-0.2630739,51.6023426],[-0.2635912,51.6025593],[-0.2638674,51.6026813],[-0.2642566,51.6028649],[-0.2647797,51.6031329],[-0.2653591,51.6034591],[-0.2659458,51.6038078],[-0.2664685,51.6041557],[-0.267019,51.6045591],[-0.2675526,51.6049969],[-0.267957,51.6053583],[-0.2683711,51.6057662],[-0.2687212,51.6061403],[-0.2691993,51.6067169],[-0.2696918,51.6074081],[-0.2702266,51.6081661],[-0.2705079,51.6085897],[-0.2707819,51.609029],[-0.2710572,51.6095819],[-0.2711784,51.609903],[-0.2713442,51.6105277],[-0.2714512,51.6108747],[-0.2715479,51.6111171],[-0.2715994,51.6112292],[-0.2716919,51.6114039],[-0.27183,51.6116138],[-0.2720115,51.6118479],[-0.2721291,51.6119769],[-0.2723213,51.6121674],[-0.272573,51.6123947],[-0.2727862,51.6125489],[-0.2728865,51.6126134],[-0.273195,51.6127766],[-0.2735686,51.6129562],[-0.2738721,51.6130907],[-0.2750551,51.6136255]]}},{"type":"Feature","id":"relation/18529018-0","properties":{"featureId":"relation/18529018-0","lineId":"northern","lineName":"Northern line","hasData":false,"valueDb":null},"geometry":{"type":"LineString","coordinates":[[-0.2742546,51.6134349],[-0.274049,51.6133435],[-0.2737375,51.6131945],[-0.2735586,51.6130976],[-0.2733298,51.612963],[-0.2731107,51.6128277],[-0.272746,51.6125786],[-0.2724831,51.6123727],[-0.2722581,51.6121762],[-0.2720763,51.6119972],[-0.2719591,51.6118658],[-0.271777,51.6116241],[-0.2716361,51.611405],[-0.2715428,51.6112283],[-0.2714938,51.611116],[-0.2714031,51.6108797],[-0.2712902,51.6105379],[-0.2711254,51.6098995],[-0.2709935,51.6095651],[-0.2708483,51.6092465],[-0.2706217,51.6088566],[-0.2704018,51.6085065],[-0.2698853,51.6077635],[-0.2695605,51.6073069],[-0.2691924,51.6068017],[-0.2688048,51.606318],[-0.2679151,51.6053875],[-0.2673477,51.6048873],[-0.2669203,51.6045418],[-0.2665408,51.6042595],[-0.266091,51.603954],[-0.2657202,51.6037262],[-0.2651832,51.6034321],[-0.2646699,51.603183],[-0.2641908,51.602956],[-0.2639522,51.6028449],[-0.2635619,51.6026568],[-0.2631285,51.6024454],[-0.2627801,51.6022778],[-0.2619536,51.6019266],[-0.2605163,51.6013396],[-0.2592999,51.6008553],[-0.2581883,51.6004126],[-0.2579739,51.6003317],[-0.2578078,51.6002717],[-0.2573604,51.60008],[-0.2567369,51.5998282],[-0.2562734,51.5996419],[-0.2557615,51.599434],[-0.2554095,51.599277],[-0.2552501,51.5991882],[-0.2551704,51.5991448],[-0.2545583,51.5988225],[-0.2542819,51.5986636],[-0.2539838,51.5984852],[-0.2535201,51.5981784],[-0.2530397,51.5978212],[-0.2524838,51.5974039],[-0.2519345,51.5969667],[-0.2513707,51.5965213],[-0.2509865,51.5962211],[-0.2506316,51.5959538],[-0.250443,51.5958137],[-0.2502038,51.5956561],[-0.249918,51.5954725],[-0.2497551,51.5953678]]}},{"type":"Feature","id":"relation/18529019-0","properties":{"featureId":"relation/18529019-0","lineId":"northern","lineName":"Northern line","hasData":false,"valueDb":null},"geometry":{"type":"LineString","coordinates":[[-0.2256283,51.5827415],[-0.2255169,51.582653],[-0.2251224,51.5823647],[-0.2247533,51.5820914],[-0.2244342,51.581875],[-0.2240475,51.5816118],[-0.223629,51.5813451],[-0.2230882,51.5810203],[-0.222364,51.5805934],[-0.2219832,51.5803808],[-0.2215503,51.5801422],[-0.2209497,51.5798244],[-0.2205072,51.5796125],[-0.2201904,51.5794608],[-0.2195835,51.5791846],[-0.2189731,51.5789017],[-0.2185467,51.5787116],[-0.2178892,51.5784319],[-0.2176967,51.5783506],[-0.2163642,51.5778103],[-0.2159568,51.5776469],[-0.2157465,51.5775656],[-0.2146826,51.5771542],[-0.2141053,51.5769344],[-0.2137667,51.5768003],[-0.2135599,51.5767038],[-0.2134207,51.5766478],[-0.2132718,51.5765698],[-0.2131478,51.5765055],[-0.2129172,51.5763974],[-0.2126891,51.576284],[-0.2122389,51.5760687],[-0.2118078,51.5758602],[-0.2114757,51.5757115],[-0.2111958,51.5755918],[-0.2106061,51.5753265],[-0.2100473,51.5750682],[-0.2096544,51.574893],[-0.2090484,51.5746211],[-0.2084067,51.5743322],[-0.2079774,51.5741396],[-0.2072193,51.5738088],[-0.2066341,51.5735802],[-0.2063195,51.5734712],[-0.205934,51.5733636],[-0.2056451,51.5732901],[-0.2051554,51.573205],[-0.2048638,51.5731697],[-0.2045267,51.5731395],[-0.2041132,51.5731199],[-0.2037969,51.5731123],[-0.2034095,51.57312],[-0.2031298,51.5731395],[-0.2028583,51.5731643],[-0.2024427,51.573219],[-0.2021656,51.5732651],[-0.2018778,51.5733135],[-0.2015067,51.5733813],[-0.2012274,51.573436],[-0.2010223,51.5734767],[-0.2008075,51.573517],[-0.200618,51.5735506],[-0.2004683,51.573571],[-0.2001677,51.5736067],[-0.1999769,51.5736239],[-0.1998602,51.573632],[-0.1996991,51.5736407],[-0.1994989,51.5736455],[-0.1993436,51.5736489],[-0.199094,51.5736491],[-0.1988076,51.5736402],[-0.1985084,51.5736193],[-0.1982557,51.5735949],[-0.1980746,51.5735729],[-0.1979199,51.5735468],[-0.1977587,51.5735212],[-0.1973752,51.5734513],[-0.1970172,51.5733659],[-0.1967189,51.5732911],[-0.1964898,51.5732217],[-0.1962053,51.573129],[-0.1958454,51.5729857],[-0.1954067,51.5727995],[-0.1951321,51.5727115],[-0.1948491,51.5726391],[-0.1945441,51.5725734],[-0.1943285,51.5725182],[-0.1940983,51.5724506],[-0.1938723,51.5723861]]}},{"type":"Feature","id":"relation/18529020-0","properties":{"featureId":"relation/18529020-0","lineId":"northern","lineName":"Northern line","hasData":false,"valueDb":null},"geometry":{"type":"LineString","coordinates":[[-0.1940244,51.5722012],[-0.1942676,51.5722757],[-0.1945426,51.5723665],[-0.1947323,51.5724319],[-0.1949238,51.5725011],[-0.1951083,51.5725773],[-0.1954007,51.5727229],[-0.1955965,51.5728175],[-0.1957,51.572861],[-0.1959498,51.5729663],[-0.1962482,51.5730857],[-0.1965341,51.5731895],[-0.1967535,51.5732619],[-0.1970314,51.573337],[-0.197272,51.5733932],[-0.1975948,51.573457],[-0.1979093,51.5735136],[-0.1982366,51.5735607],[-0.198564,51.5735895],[-0.1988396,51.5736088],[-0.1990726,51.573614],[-0.1993677,51.5736143],[-0.1995779,51.5736097],[-0.1997454,51.5736039],[-0.1999757,51.5735888],[-0.2002672,51.5735596],[-0.2005409,51.5735274],[-0.2007845,51.5734839],[-0.201169,51.5734151],[-0.2016465,51.573318],[-0.2019383,51.5732642],[-0.2021694,51.5732243],[-0.2024422,51.5731839],[-0.2027458,51.5731431],[-0.2029904,51.5731157],[-0.203392,51.5730912],[-0.20381,51.5730818],[-0.2042213,51.5730952],[-0.2046006,51.5731123],[-0.2051693,51.5731723],[-0.2056263,51.5732513],[-0.2056601,51.5732596],[-0.2059278,51.5733256],[-0.2063092,51.573425],[-0.2066729,51.5735522],[-0.206897,51.5736374],[-0.2072429,51.5737681],[-0.2074938,51.5738789],[-0.2080047,51.5741064],[-0.2084388,51.574304],[-0.2089281,51.5745261],[-0.2094179,51.5747522],[-0.2097319,51.5748894],[-0.2101431,51.5750753],[-0.2104514,51.5752184],[-0.2109593,51.5754455],[-0.2112197,51.5755662],[-0.2115652,51.5757117],[-0.2118801,51.5758541],[-0.2123342,51.5760615],[-0.2127283,51.5762307],[-0.2130273,51.5763649],[-0.2132865,51.5764719],[-0.2135904,51.5765857],[-0.2141238,51.5768127],[-0.2146113,51.5770173],[-0.2150379,51.5772029],[-0.2153946,51.5773596],[-0.2158386,51.5775566],[-0.2158723,51.5775716],[-0.2163587,51.577772],[-0.2167038,51.577914],[-0.2169238,51.5780018],[-0.2177276,51.5783211],[-0.2179222,51.5784009],[-0.2184484,51.578625],[-0.2189314,51.5788372],[-0.2193387,51.5790313],[-0.2197839,51.5792233],[-0.2202273,51.5794348],[-0.2205385,51.5795846],[-0.2209532,51.5797792],[-0.2213727,51.580003],[-0.2217992,51.5802378],[-0.2223029,51.5805163],[-0.2227164,51.5807579],[-0.2230903,51.5809746],[-0.2235248,51.5812306],[-0.2240759,51.5815662],[-0.2244699,51.5818428],[-0.2248545,51.5821019],[-0.2252887,51.5824049],[-0.2256024,51.5826177],[-0.2257597,51.5827233],[-0.2259614,51.5828684],[-0.2261193,51.5829893],[-0.2263741,51.5831834],[-0.2267886,51.5835092],[-0.2269068,51.583607]]}},{"type":"Feature","id":"relation/18529220-0","properties":{"featureId":"relation/18529220-0","lineId":"central","lineName":"Central line","hasData":false,"valueDb":null},"geometry":{"type":"LineString","coordinates":[[0.0934581,51.6033034],[0.0932376,51.6025804],[0.093213,51.6024997],[0.0929878,51.6017522],[0.0928537,51.601315],[0.0927317,51.6009192],[0.0926868,51.6007756],[0.0922491,51.5994688],[0.0917141,51.5977036],[0.0911452,51.5959458],[0.0910181,51.5955155],[0.0909509,51.5952915],[0.0906765,51.5941502],[0.0903132,51.5929504],[0.0897827,51.5912004],[0.0894646,51.5901669],[0.0893362,51.5896507],[0.0892264,51.589083],[0.0889423,51.5873258],[0.0886838,51.5858143],[0.0884614,51.5844005],[0.0882449,51.5831736],[0.0882368,51.5824715],[0.0883165,51.5816759],[0.0884991,51.5808963],[0.0887811,51.5800483],[0.089006,51.5794591],[0.0892944,51.5788178],[0.0897173,51.5776146],[0.0898742,51.576815],[0.0899393,51.5762173],[0.0899853,51.5756087],[0.0899913,51.5754764]]}},{"type":"Feature","id":"relation/18529221-0","properties":{"featureId":"relation/18529221-0","lineId":"central","lineName":"Central line","hasData":false,"valueDb":null},"geometry":{"type":"LineString","coordinates":[[0.0899485,51.5754803],[0.0899473,51.575598],[0.0898871,51.5762207],[0.0898465,51.5764352],[0.0897848,51.5766874],[0.089522,51.5776231],[0.0893252,51.5781383],[0.089069,51.5787859],[0.0888862,51.5794581],[0.0886694,51.580144],[0.0884373,51.5808824],[0.0882617,51.5816786],[0.0881959,51.5824677],[0.0881924,51.5831755],[0.0884126,51.5844021],[0.088647,51.5858142],[0.0888973,51.5873384],[0.0891641,51.589077],[0.0892744,51.5896582],[0.0894031,51.5901804],[0.0897235,51.591208],[0.090259,51.5929616],[0.0906173,51.5941563],[0.0909093,51.5952909],[0.090982,51.5955278],[0.0911132,51.5959492],[0.0916767,51.5977117],[0.0922099,51.599474],[0.0926305,51.600776],[0.0926747,51.6009226],[0.0928029,51.6013201],[0.092938,51.6017594],[0.0929773,51.6018909],[0.0931632,51.6025043],[0.0934109,51.6033077]]}},{"type":"Feature","id":"relation/18529222-0","properties":{"featureId":"relation/18529222-0","lineId":"central","lineName":"Central line","hasData":false,"valueDb":null},"geometry":{"type":"LineString","coordinates":[[0.113805,51.6934076],[0.113223,51.6927695],[0.1130198,51.6925271],[0.112811,51.6922711],[0.1123223,51.6916788],[0.1121432,51.6914065],[0.1119844,51.6911278],[0.1117001,51.6905939],[0.1114654,51.6901394],[0.1111863,51.6894543],[0.1104664,51.6878256],[0.110395,51.6876649],[0.109365,51.6853493],[0.1077064,51.6816126],[0.1068012,51.679702],[0.1054266,51.6765609],[0.1038366,51.6729149],[0.103778,51.672743],[0.1037656,51.6727143],[0.1037303,51.6726377],[0.1037017,51.6725739],[0.103687,51.6725409],[0.1036712,51.6725066],[0.1036474,51.6724543],[0.1036228,51.672398],[0.1036073,51.6723637],[0.1035919,51.6723288],[0.1035788,51.6722994],[0.1035658,51.6722699],[0.1035368,51.6722045],[0.1035214,51.6721697],[0.1035064,51.6721357],[0.1034961,51.6721125],[0.103485,51.6720875],[0.1034523,51.6720137],[0.1034278,51.6719583],[0.1033997,51.6718947],[0.1033649,51.6718163],[0.1033195,51.6717139],[0.1025256,51.6699278],[0.1019505,51.6687402],[0.1017917,51.6683498],[0.1015332,51.6675322],[0.101418,51.6669784],[0.1013249,51.6664005],[0.1011213,51.6652167],[0.1008846,51.6643516],[0.1005565,51.6634672],[0.0999875,51.6623384],[0.0994665,51.6615085],[0.0993343,51.6613351],[0.0988204,51.6606608],[0.0972337,51.6587189],[0.0969167,51.658259],[0.0963917,51.6574975],[0.0953502,51.6556936],[0.094545,51.6542664],[0.0936322,51.652958],[0.0920589,51.6511381],[0.0910572,51.6501517],[0.0899175,51.6491568],[0.0883311,51.6478998],[0.0874987,51.6473353],[0.0869497,51.6470014],[0.0864181,51.6466833],[0.0853153,51.6460838],[0.084383,51.6456193],[0.0835923,51.6452719],[0.082615,51.6448554],[0.0822855,51.6447262],[0.0814321,51.6444256],[0.0802981,51.6440721],[0.0791205,51.643748],[0.0779247,51.6434431],[0.0765385,51.6431322],[0.0742055,51.6426916],[0.0726776,51.6424559],[0.0708079,51.6422442],[0.0695118,51.642135],[0.0692725,51.6421103],[0.0675335,51.642018],[0.0663246,51.641989],[0.0651875,51.6419779],[0.0638851,51.6419988],[0.0627388,51.6420346],[0.0603516,51.6421418],[0.0594896,51.6421724],[0.0592666,51.6421748],[0.0590507,51.6421699],[0.0587547,51.6421548],[0.0585556,51.6421393],[0.0583253,51.6421174],[0.0580756,51.6420882],[0.0579186,51.6420644],[0.0577345,51.6420364],[0.0574358,51.6419827],[0.0573008,51.6419545],[0.0570427,51.6418816],[0.0567704,51.6417917],[0.0566914,51.6417614],[0.0563598,51.6416121],[0.0556238,51.641256],[0.0551638,51.6410315],[0.0549147,51.6408875],[0.0548147,51.6408217],[0.0547877,51.6408018],[0.0545893,51.6406555],[0.0544158,51.640511],[0.0543153,51.6404145],[0.0542183,51.6403112],[0.0540898,51.6401553],[0.0540172,51.6400629],[0.0539391,51.6399399],[0.0538391,51.6397671],[0.0538129,51.6397104],[0.0537448,51.6395388],[0.053581,51.6390515],[0.0534978,51.6387797],[0.0534138,51.6384532],[0.0533589,51.6382823],[0.0532845,51.6380366],[0.0532107,51.6378411],[0.0529026,51.637218],[0.0525659,51.6365414],[0.0520121,51.6356088],[0.0509602,51.6342104],[0.0500011,51.6329503],[0.0493721,51.6320363],[0.0490118,51.6314253],[0.0486694,51.6308333],[0.0483796,51.6301901],[0.0480872,51.6295985],[0.0477692,51.6288992],[0.0475872,51.6283867],[0.0474161,51.6279177],[0.0470704,51.6267595],[0.0469967,51.6265206],[0.046839,51.6259521],[0.0467215,51.6255606],[0.0466595,51.6253196],[0.0466166,51.6251955],[0.0461141,51.6238345],[0.0455213,51.6224473],[0.0449955,51.6215444],[0.0446062,51.6208656],[0.0443518,51.6204254],[0.0439662,51.6198598],[0.0430594,51.6186153],[0.041981,51.6172321],[0.041478,51.6165642],[0.0413036,51.6163356],[0.0410582,51.616037],[0.040864,51.6157905],[0.0397956,51.6144397],[0.036889,51.6107769],[0.0358449,51.6094951],[0.0355383,51.6090863],[0.0352565,51.6087124],[0.0350343,51.6083808],[0.0348646,51.6081208],[0.0346439,51.6077857],[0.0345566,51.6076409],[0.0344366,51.6074508],[0.0339455,51.6066349],[0.0332683,51.6053964],[0.0330607,51.6050148],[0.032961,51.6048293],[0.0326832,51.6043269],[0.0324565,51.6038989],[0.0321971,51.6034363],[0.0318424,51.6027813],[0.031638,51.6023783],[0.0297399,51.5990248],[0.0288922,51.5971955],[0.0285783,51.5963486],[0.0283931,51.5958218],[0.0280254,51.5946536],[0.0275282,51.592157],[0.0275194,51.5921128],[0.0274819,51.5919244],[0.0271618,51.5905931],[0.0270353,51.5901504],[0.0266664,51.5891455],[0.0261328,51.5880273],[0.0255775,51.5869941],[0.0250865,51.5861693],[0.0242199,51.5848095],[0.0241074,51.5846332],[0.022915,51.5828423],[0.0223109,51.5818013],[0.0218861,51.5811796],[0.021722,51.5809552],[0.0206956,51.5795773],[0.0206475,51.5795046],[0.0168652,51.5744248],[0.0162,51.5737004],[0.0157571,51.5733861],[0.0153558,51.5731365],[0.0139859,51.5724463],[0.0135474,51.5722018],[0.0123412,51.5715686],[0.0117343,51.5712374],[0.0111927,51.5709212],[0.0102819,51.5702413],[0.0099947,51.5700124],[0.0094283,51.5695525],[0.008895,51.5690637],[0.0086356,51.5688001],[0.0084455,51.5685732],[0.0081111,51.5682054],[0.0080063,51.5680645],[0.0078706,51.5678576],[0.0076138,51.5675114],[0.0072048,51.5668538],[0.0070915,51.566697],[0.0061217,51.5652947],[0.0054053,51.5644316],[0.0046792,51.5636233],[0.0036025,51.5626355],[0.0032766,51.5623664],[0.0018279,51.5612236],[0.0007546,51.560553],[0.0007155,51.5605254],[0.0004099,51.5603097],[-0.0041811,51.5574081],[-0.005462,51.5565882]]}},{"type":"Feature","id":"relation/18529223-0","properties":{"featureId":"relation/18529223-0","lineId":"central","lineName":"Central line","hasData":false,"valueDb":null},"geometry":{"type":"LineString","coordinates":[[-0.0042132,51.5574277],[0.0006971,51.5605606],[0.0017582,51.5612476],[0.003901,51.562966],[0.0046343,51.5636357],[0.0053472,51.5644468],[0.0060507,51.5653181],[0.0075527,51.5675265],[0.0079447,51.5680347],[0.0083915,51.5685848],[0.0086004,51.5688114],[0.0089103,51.569121],[0.0093919,51.5695716],[0.010224,51.5702578],[0.0111325,51.5709396],[0.0117126,51.5712688],[0.0122911,51.5716026],[0.0125111,51.5717149],[0.0135068,51.5722231],[0.0138932,51.5724475],[0.0153361,51.57318],[0.0157166,51.5734084],[0.0161484,51.5737242],[0.0168249,51.5744419],[0.0206044,51.5795184],[0.0215088,51.5807279],[0.0216826,51.5809708],[0.0218392,51.581193],[0.0222591,51.581815],[0.0228586,51.5828555],[0.0240081,51.5845941],[0.0240461,51.5846516],[0.0241525,51.5848203],[0.0250065,51.5861896],[0.0255063,51.5870048],[0.026066,51.5880345],[0.0266158,51.5891512],[0.0270007,51.5901555],[0.0271282,51.5905956],[0.0274406,51.5919252],[0.0279591,51.5946503],[0.0283283,51.5958325],[0.0285131,51.5963578],[0.0288049,51.5972147],[0.0296675,51.5990371],[0.0314528,51.6021608],[0.0317073,51.6026462],[0.0317873,51.6027879],[0.0321479,51.603445],[0.0324021,51.6039108],[0.0326331,51.604333],[0.0330455,51.6050772],[0.0332265,51.6054076],[0.0333703,51.6056705],[0.0339019,51.6066431],[0.0343863,51.6074582],[0.0345075,51.607651],[0.0347737,51.6080693],[0.0349189,51.6082964],[0.0357947,51.6095087],[0.038396,51.6128188],[0.0397225,51.6144635],[0.0408016,51.615811],[0.0412404,51.6163547],[0.0414141,51.6165767],[0.0418861,51.6172102],[0.0430077,51.6186294],[0.0439033,51.6198692],[0.0442889,51.6204348],[0.0445661,51.6208794],[0.0449326,51.6215538],[0.0454408,51.6224676],[0.0460529,51.6238407],[0.0465598,51.6252034],[0.0466027,51.6253275],[0.0466779,51.6255647],[0.0467946,51.6259566],[0.0469567,51.6265276],[0.04701,51.6267657],[0.0473528,51.6279257],[0.0475166,51.6283929],[0.047716,51.6289072],[0.0480021,51.6296101],[0.0482974,51.6302098],[0.0485945,51.6308458],[0.0489484,51.6314432],[0.0493153,51.6320447],[0.0499379,51.6329645],[0.0508968,51.6342213],[0.0519425,51.6356273],[0.052504,51.636553],[0.0528392,51.6372309],[0.0531574,51.6378444],[0.0532292,51.6380424],[0.0533109,51.6382866],[0.0533603,51.6384525],[0.053446,51.638775],[0.0534956,51.6389558],[0.053641,51.6394171],[0.0537136,51.6396097],[0.0538414,51.6398803],[0.0539352,51.6400839],[0.0540034,51.6402085],[0.0541041,51.6403683],[0.0542094,51.64051],[0.0543272,51.6406359],[0.0545367,51.6408388],[0.0546345,51.6409169],[0.0547777,51.6410239],[0.0549768,51.6411551],[0.0552352,51.6413004],[0.0554135,51.6413934],[0.0557477,51.6415539],[0.0559068,51.6416226],[0.05613,51.6417099],[0.0563806,51.6417896],[0.0565901,51.6418501],[0.0567678,51.6418923],[0.0570113,51.6419417],[0.0573412,51.6420006],[0.0574194,51.6420154],[0.0577272,51.6420762],[0.0578683,51.6420982],[0.0580205,51.6421194],[0.058192,51.6421394],[0.0583771,51.6421588],[0.0586023,51.6421778],[0.0587834,51.6421901],[0.0590434,51.6422023],[0.0592557,51.6422066],[0.0594984,51.642209],[0.06035,51.6421794],[0.0627458,51.6420828],[0.063895,51.6420443],[0.065176,51.6420111],[0.0663144,51.6420328],[0.0675248,51.6420689],[0.0692566,51.6421559],[0.0694967,51.6421738],[0.070794,51.6422811],[0.0726396,51.642504],[0.0741765,51.6427335],[0.0765125,51.6431716],[0.0779108,51.6434907],[0.079095,51.6437828],[0.080268,51.6441109],[0.0813931,51.6444606],[0.0822554,51.6447594],[0.0825886,51.6448886],[0.0835733,51.6452929],[0.0843578,51.645648],[0.0851168,51.6460414],[0.0856397,51.6463562],[0.0861444,51.646694],[0.0866294,51.6470006],[0.088426,51.648129],[0.0898684,51.6491769],[0.0910064,51.6501762],[0.0919938,51.6511547],[0.0935863,51.6529724],[0.0944803,51.6542834],[0.0952929,51.6557031],[0.0963331,51.6575132],[0.0971812,51.658734],[0.0987628,51.6606765],[0.099413,51.6615192],[0.0999359,51.6623528],[0.1004989,51.6634773],[0.1008381,51.6643584],[0.1010633,51.6652209],[0.1012684,51.6664034],[0.1013511,51.6669863],[0.1014766,51.6675348],[0.1017367,51.6683557],[0.101911,51.6687453],[0.1024868,51.669932],[0.1028623,51.6708047],[0.102873,51.6708284],[0.1028833,51.6708533],[0.1029618,51.6710263],[0.1029868,51.671084],[0.10301,51.6711374],[0.1030662,51.6712605],[0.103077,51.6712862],[0.103089,51.6713117],[0.1031076,51.6713536],[0.1031328,51.6714102],[0.1031627,51.6714783],[0.1031945,51.6715489],[0.1032261,51.6716198],[0.1032489,51.6716712],[0.1032708,51.6717195],[0.103289,51.67176],[0.1033084,51.6718049],[0.1033117,51.6718129],[0.1033152,51.6718201],[0.1033209,51.6718347],[0.1033338,51.6718619],[0.103346,51.6718893],[0.1033581,51.6719165],[0.1033714,51.6719465],[0.1033846,51.6719762],[0.1034105,51.6720343],[0.1036017,51.6724641],[0.1036625,51.6726076],[0.1037198,51.672731],[0.1038136,51.6729169],[0.1054036,51.6765629],[0.1067782,51.679704],[0.1076489,51.6816311],[0.1093155,51.6853653],[0.1103523,51.6877061],[0.1104133,51.6878354],[0.1111275,51.6894704],[0.1113899,51.6901423],[0.1116214,51.6905976],[0.1119352,51.691136],[0.112094,51.6914146],[0.1121447,51.6914917],[0.1122732,51.6916869],[0.1127632,51.6922826],[0.112972,51.6925396],[0.1131803,51.6927845],[0.1137324,51.6934085],[0.113781,51.6934607],[0.1139223,51.6936038]]}},{"type":"Feature","id":"relation/18529224-0","properties":{"featureId":"relation/18529224-0","lineId":"central","lineName":"Central line","hasData":false,"valueDb":null},"geometry":{"type":"LineString","coordinates":[[-0.2240487,51.5119444],[-0.2240536,51.5121612],[-0.2241226,51.512503],[-0.2241776,51.5126942],[-0.2243117,51.5130472],[-0.2244178,51.5133452],[-0.2245912,51.5137966],[-0.2248311,51.5143364],[-0.2249364,51.5145194],[-0.2250253,51.5146571],[-0.2251325,51.5147893],[-0.2252784,51.5149007],[-0.2254333,51.5149913],[-0.2256583,51.5151171],[-0.2258283,51.5151881],[-0.2260339,51.5152569],[-0.2263142,51.5153351],[-0.2266338,51.5154586],[-0.2267149,51.5154808],[-0.2270061,51.5155678],[-0.2278587,51.5158075],[-0.2282215,51.5158909],[-0.2286165,51.515963],[-0.2290864,51.516043],[-0.2294989,51.5161013],[-0.2302108,51.5161686],[-0.2308684,51.5162101],[-0.2311353,51.5162162],[-0.2315939,51.516218],[-0.2322243,51.5161986],[-0.2325867,51.5161776],[-0.2330735,51.5161346],[-0.2335933,51.5160756],[-0.2338004,51.5160517],[-0.2340781,51.516015],[-0.2344368,51.5159575],[-0.2347219,51.5159051],[-0.2349446,51.5158566],[-0.2351716,51.5158013],[-0.2354744,51.5157273],[-0.235634,51.5156941],[-0.2358061,51.5156628],[-0.2359389,51.5156418],[-0.2361109,51.5156184],[-0.236365,51.5155933],[-0.2367796,51.5155654],[-0.2378976,51.5154935],[-0.2384262,51.5154547],[-0.2398236,51.5153665],[-0.2405561,51.5153157],[-0.2409481,51.5152888],[-0.2418147,51.5152611],[-0.2418984,51.5152577],[-0.2421643,51.5152469],[-0.2426898,51.5152598],[-0.2429646,51.5152756],[-0.2432094,51.5152976],[-0.2440339,51.5154209],[-0.2447104,51.5155471],[-0.245124,51.5156601],[-0.2455293,51.5157943],[-0.2457739,51.5158861],[-0.2460505,51.515996],[-0.2465576,51.5162329],[-0.2471521,51.5165543],[-0.247316,51.5166648],[-0.2473614,51.5166956],[-0.247731,51.5169738],[-0.2479526,51.5171455],[-0.2481593,51.5173376],[-0.2493399,51.5184872],[-0.2505198,51.5196452],[-0.2506824,51.5198101],[-0.2518358,51.520954],[-0.2521706,51.5212245],[-0.2524874,51.5214411],[-0.2527775,51.5216513],[-0.2531482,51.5218678],[-0.253757,51.5221343],[-0.2544916,51.522408],[-0.2548501,51.5225179],[-0.2554594,51.5226835],[-0.2562609,51.5228475],[-0.2569479,51.5229959],[-0.2572335,51.5230531],[-0.2581048,51.5232278],[-0.2588626,51.5233693],[-0.2593481,51.5234688],[-0.2600785,51.5236305],[-0.2609983,51.5238561],[-0.2613085,51.5239211],[-0.2634783,51.5243541],[-0.2635806,51.5243745],[-0.2638922,51.5244379],[-0.2640225,51.5244628],[-0.2646415,51.5246147],[-0.2655159,51.5248433],[-0.2657539,51.5248981],[-0.2660344,51.5249572],[-0.2662625,51.5249985],[-0.2666236,51.5250668],[-0.2669048,51.5251112],[-0.2671389,51.5251394],[-0.2673807,51.5251643],[-0.2676674,51.5251863],[-0.2678709,51.5251949],[-0.2681775,51.5252018],[-0.2685147,51.5251986],[-0.2687186,51.5251875],[-0.2691019,51.5251553],[-0.269305,51.5251322],[-0.2695647,51.5250948],[-0.2699308,51.5250212],[-0.2705998,51.5248605],[-0.271119,51.5246882],[-0.2716078,51.5244825],[-0.272149,51.5241976],[-0.272655,51.5238755],[-0.2752415,51.5220242],[-0.2794922,51.5189889],[-0.2799722,51.5186447],[-0.2808512,51.5180135],[-0.2817085,51.5173935],[-0.2830055,51.5164653],[-0.2836557,51.5160388],[-0.2842188,51.5157426],[-0.2847597,51.5155158],[-0.2853191,51.5153456],[-0.2858633,51.5152168],[-0.2864079,51.5151223],[-0.2871,51.5150517],[-0.2877195,51.5150278],[-0.2898489,51.5150375],[-0.2917547,51.5150704],[-0.2921641,51.5150804],[-0.2942428,51.5150905],[-0.295078,51.515081],[-0.2958464,51.5150675],[-0.2965704,51.5150466],[-0.2976224,51.5150247],[-0.2977756,51.5150229],[-0.2984312,51.5150027],[-0.2996403,51.5149596],[-0.3008709,51.5149182]]}},{"type":"Feature","id":"relation/18529225-0","properties":{"featureId":"relation/18529225-0","lineId":"central","lineName":"Central line","hasData":false,"valueDb":null},"geometry":{"type":"LineString","coordinates":[[-0.2985599,51.5150377],[-0.2987404,51.51504],[-0.2997233,51.5150486],[-0.3000928,51.5150507],[-0.3006517,51.5150469],[-0.3010518,51.5150298],[-0.2985599,51.5150377],[-0.2967041,51.5150789],[-0.2965288,51.5150851],[-0.2958487,51.5151015],[-0.295073,51.515117],[-0.2942482,51.5151255],[-0.2921469,51.5151176],[-0.2917521,51.5151066],[-0.2898494,51.5150727],[-0.2877241,51.5150696],[-0.2871032,51.5150939],[-0.2864232,51.5151608],[-0.2858799,51.5152538],[-0.2853452,51.5153816],[-0.2847992,51.5155562],[-0.2842646,51.5157763],[-0.2836552,51.5160968],[-0.2831005,51.5164636],[-0.2825258,51.5168689],[-0.2813564,51.5176976],[-0.2800132,51.5186534],[-0.2795184,51.5190072],[-0.2752887,51.5220495],[-0.2727007,51.5239009],[-0.2721892,51.5242276],[-0.2716419,51.5245151],[-0.2711445,51.5247183],[-0.2706177,51.5248925],[-0.2699684,51.5250545],[-0.2696124,51.5251201],[-0.2692844,51.5251686],[-0.2689877,51.5251979],[-0.2687112,51.5252158],[-0.2684998,51.5252262],[-0.2683355,51.5252308],[-0.2681435,51.5252317],[-0.267866,51.5252284],[-0.2675936,51.525216],[-0.2674366,51.525206],[-0.267295,51.5251921],[-0.2670732,51.5251666],[-0.2668275,51.5251368],[-0.2663816,51.5250632],[-0.2662195,51.5250296],[-0.2659852,51.5249785],[-0.2653562,51.5248414],[-0.2617373,51.5241095],[-0.260816,51.5239164],[-0.2599555,51.5237233],[-0.259194,51.5235534],[-0.2586135,51.5234235],[-0.2579811,51.5232771],[-0.2574773,51.5231487],[-0.2564639,51.5229288],[-0.2554829,51.5227343],[-0.2548183,51.5225577],[-0.2544972,51.522459],[-0.2536529,51.5221369],[-0.2531187,51.5219054],[-0.2527995,51.5217168],[-0.2524777,51.5215065],[-0.252239,51.5213438],[-0.2517881,51.5209863],[-0.2506571,51.5198281],[-0.2505083,51.5196732],[-0.2492868,51.5184948],[-0.2481132,51.5173528],[-0.2479052,51.5171623],[-0.2477016,51.5169886],[-0.2473279,51.5167151],[-0.2472836,51.5166832],[-0.2471196,51.5165731],[-0.2465182,51.5162541],[-0.2460237,51.5160222],[-0.2457261,51.5159091],[-0.2453705,51.5157797],[-0.2450945,51.5156928],[-0.2445897,51.5155604],[-0.2439286,51.5154368],[-0.2431974,51.5153289],[-0.2429606,51.5153067],[-0.2426897,51.5152933],[-0.2421703,51.5152795],[-0.2418205,51.5152915],[-0.2410178,51.5153304],[-0.2405945,51.5153638],[-0.2398441,51.5154233],[-0.2383973,51.5155558],[-0.2377791,51.5156134],[-0.2367362,51.5157018],[-0.2361707,51.5157509],[-0.2358787,51.5157693],[-0.2356284,51.5157748],[-0.2349875,51.515785],[-0.2346825,51.5157953],[-0.2344744,51.5158052],[-0.2342131,51.5158293],[-0.2339043,51.5158739],[-0.2333328,51.51596],[-0.2329219,51.5160191],[-0.2325436,51.5160579],[-0.2320723,51.5160923],[-0.2317101,51.5161109],[-0.231318,51.5161177],[-0.2308782,51.5161122],[-0.2302809,51.5160872],[-0.2297889,51.5160467],[-0.2291754,51.5159771],[-0.2286538,51.5158962],[-0.228315,51.5158399],[-0.2279737,51.515778],[-0.2276212,51.5156945],[-0.2272225,51.515594],[-0.2266548,51.5154314],[-0.226291,51.5152887],[-0.2260999,51.5152274],[-0.2259304,51.51516],[-0.225745,51.5150724],[-0.2255375,51.5149822],[-0.2252062,51.5147346],[-0.2251094,51.5146245],[-0.2250412,51.5145196],[-0.2249788,51.5144011],[-0.2246972,51.5136993],[-0.2245179,51.5132313],[-0.2244339,51.5129949],[-0.2243896,51.5127724],[-0.224368,51.5124567],[-0.2243761,51.5121257],[-0.224384,51.5119461]]}},{"type":"Feature","id":"relation/18529226-0","properties":{"featureId":"relation/18529226-0","lineId":"central","lineName":"Central line","hasData":false,"valueDb":null},"geometry":{"type":"LineString","coordinates":[[-0.4370109,51.5694318],[-0.4359326,51.5690589],[-0.4356199,51.5689597],[-0.4347793,51.568689],[-0.4324954,51.5679726],[-0.4317786,51.5677426],[-0.4313435,51.5676014],[-0.4311347,51.5675347],[-0.4301761,51.5672189],[-0.4293114,51.5669354],[-0.4275861,51.5663696],[-0.4267703,51.5660943],[-0.4259683,51.5658332],[-0.4251952,51.5655495],[-0.424407,51.5652704],[-0.4211801,51.5642084],[-0.4200512,51.5638358],[-0.4189128,51.5634606],[-0.417778,51.5630898],[-0.4166466,51.5627436],[-0.4158357,51.5624991],[-0.4150178,51.5622323],[-0.4142737,51.5619872],[-0.4134375,51.5617129],[-0.4129701,51.56156],[-0.4126929,51.5614672],[-0.4120928,51.5612574],[-0.4104344,51.5606927],[-0.4095818,51.5604246],[-0.4073837,51.5597334],[-0.4071368,51.5596523],[-0.406019,51.5592643],[-0.4048907,51.5588792],[-0.4035606,51.558402],[-0.4027819,51.5581469],[-0.4018764,51.5578572],[-0.4005864,51.5574418],[-0.3983645,51.5567088],[-0.3983104,51.5566888],[-0.3980628,51.5566033],[-0.3976496,51.55645],[-0.3972286,51.5562833],[-0.3959033,51.5557372],[-0.3945829,51.5552097],[-0.3915252,51.5539897],[-0.3909396,51.5537581],[-0.3904233,51.5535601],[-0.3900173,51.5534135],[-0.3893241,51.5531888],[-0.388745,51.553024],[-0.3881799,51.5528862],[-0.3875159,51.5527478],[-0.3867124,51.5526189],[-0.3857624,51.5524862],[-0.3856653,51.5524716],[-0.3845241,51.5522762],[-0.3840545,51.5521762],[-0.3835169,51.5520512],[-0.3819982,51.551668],[-0.3796284,51.551066],[-0.3766454,51.5503078],[-0.3737206,51.5495635],[-0.3717896,51.549073],[-0.3704472,51.5487293],[-0.3703661,51.548709],[-0.3684812,51.5482314],[-0.3675595,51.5479972],[-0.3661129,51.5476335],[-0.3656933,51.5475288],[-0.3642511,51.5471644],[-0.3625788,51.5467305],[-0.3594726,51.5459366],[-0.356849,51.5452598],[-0.3561924,51.5450826],[-0.3538769,51.5444743],[-0.3531222,51.5442644],[-0.3525312,51.5440908],[-0.3522296,51.5440066],[-0.3509536,51.5436688],[-0.3493996,51.5432988],[-0.347598,51.542872],[-0.3464948,51.5426012],[-0.3462356,51.5425403],[-0.3460122,51.5424841],[-0.3458968,51.542455],[-0.3458028,51.5424313],[-0.3457662,51.5424221],[-0.3455722,51.5423733],[-0.3447915,51.5421781],[-0.3434869,51.5418472],[-0.3431005,51.5417421],[-0.3429224,51.5416906],[-0.340487,51.541006],[-0.3398582,51.5408455],[-0.339421,51.5407288],[-0.3352112,51.539622],[-0.3346219,51.5394823],[-0.3336333,51.5392796],[-0.3326543,51.5390591],[-0.3295925,51.5383204],[-0.3265467,51.5375555],[-0.3242788,51.5369744],[-0.3240287,51.5369063],[-0.3234176,51.5367531],[-0.3228789,51.536613],[-0.3225593,51.5365308],[-0.3221545,51.5364299],[-0.321634,51.5362972],[-0.3196776,51.5358046],[-0.3194329,51.5357401],[-0.3097419,51.5332773],[-0.3094146,51.5331925],[-0.3081057,51.5328544],[-0.30765,51.5327241],[-0.3074176,51.5326657],[-0.3063849,51.5324064],[-0.3052009,51.5321216],[-0.3041558,51.5319194],[-0.3030912,51.5317276],[-0.3026038,51.5316467],[-0.3015393,51.5314856],[-0.3004686,51.5313355],[-0.2985862,51.5311111],[-0.2985152,51.5311015],[-0.2983777,51.531083],[-0.2954211,51.5306593],[-0.2945731,51.5305298],[-0.2932869,51.5302977],[-0.2914366,51.5299444],[-0.2895809,51.5295669],[-0.2875548,51.5291545],[-0.2862523,51.5288816],[-0.2849259,51.5286475],[-0.2822887,51.528157],[-0.2783149,51.5273881],[-0.2717746,51.5260809],[-0.2713399,51.5259819],[-0.2708929,51.525867],[-0.2705687,51.5257728],[-0.2703592,51.5257079],[-0.2701158,51.5256321],[-0.2698195,51.5255526],[-0.2695339,51.5254836],[-0.2693055,51.5254395],[-0.2690386,51.5253978],[-0.2688528,51.5253728],[-0.2686481,51.5253496],[-0.2683371,51.5253245],[-0.2678508,51.5252888],[-0.2675677,51.5252651],[-0.2673608,51.5252419],[-0.2671905,51.5252167],[-0.2664977,51.525087],[-0.2663816,51.5250632],[-0.2662195,51.5250296],[-0.2659852,51.5249785],[-0.2653562,51.5248414],[-0.2617373,51.5241095],[-0.260816,51.5239164],[-0.2599555,51.5237233],[-0.259194,51.5235534],[-0.2586135,51.5234235],[-0.2579811,51.5232771],[-0.2574773,51.5231487],[-0.2564639,51.5229288],[-0.2554829,51.5227343],[-0.2548183,51.5225577],[-0.2544972,51.522459],[-0.2536529,51.5221369],[-0.2531187,51.5219054],[-0.2527995,51.5217168],[-0.2524777,51.5215065],[-0.252239,51.5213438],[-0.2517881,51.5209863],[-0.2506571,51.5198281],[-0.2505083,51.5196732],[-0.2492868,51.5184948],[-0.2481132,51.5173528],[-0.2479052,51.5171623],[-0.2477016,51.5169886],[-0.2473279,51.5167151],[-0.2472836,51.5166832],[-0.2471196,51.5165731],[-0.2465182,51.5162541],[-0.2460237,51.5160222],[-0.2457261,51.5159091],[-0.2453705,51.5157797],[-0.2450945,51.5156928],[-0.2445897,51.5155604],[-0.2439286,51.5154368],[-0.2431974,51.5153289],[-0.2429606,51.5153067],[-0.2426897,51.5152933],[-0.2421703,51.5152795],[-0.2418205,51.5152915],[-0.2410178,51.5153304],[-0.2405945,51.5153638],[-0.2398441,51.5154233],[-0.2383973,51.5155558],[-0.2377791,51.5156134],[-0.2367362,51.5157018],[-0.2361707,51.5157509],[-0.2358787,51.5157693],[-0.2356284,51.5157748],[-0.2349875,51.515785],[-0.2346825,51.5157953],[-0.2344744,51.5158052],[-0.2342131,51.5158293],[-0.2339043,51.5158739],[-0.2333328,51.51596],[-0.2329219,51.5160191],[-0.2325436,51.5160579],[-0.2320723,51.5160923],[-0.2317101,51.5161109],[-0.231318,51.5161177],[-0.2308782,51.5161122],[-0.2302809,51.5160872],[-0.2297889,51.5160467],[-0.2291754,51.5159771],[-0.2286538,51.5158962],[-0.228315,51.5158399],[-0.2279737,51.515778],[-0.2276212,51.5156945],[-0.2272225,51.515594],[-0.2266548,51.5154314],[-0.226291,51.5152887],[-0.2260999,51.5152274],[-0.2259304,51.51516],[-0.225745,51.5150724],[-0.2255375,51.5149822],[-0.2252062,51.5147346],[-0.2251094,51.5146245],[-0.2250412,51.5145196],[-0.2249788,51.5144011],[-0.2246972,51.5136993],[-0.2245179,51.5132313],[-0.2244339,51.5129949],[-0.2243896,51.5127724],[-0.224368,51.5124567],[-0.2243761,51.5121257],[-0.224384,51.5119461]]}},{"type":"Feature","id":"relation/18529227-0","properties":{"featureId":"relation/18529227-0","lineId":"central","lineName":"Central line","hasData":false,"valueDb":null},"geometry":{"type":"LineString","coordinates":[[-0.2240487,51.5119444],[-0.2240536,51.5121612],[-0.2241226,51.512503],[-0.2241776,51.5126942],[-0.2243117,51.5130472],[-0.2244178,51.5133452],[-0.2245912,51.5137966],[-0.2248311,51.5143364],[-0.2249364,51.5145194],[-0.2250253,51.5146571],[-0.2251325,51.5147893],[-0.2252784,51.5149007],[-0.2254333,51.5149913],[-0.2256583,51.5151171],[-0.2258283,51.5151881],[-0.2260339,51.5152569],[-0.2263142,51.5153351],[-0.2266338,51.5154586],[-0.2267149,51.5154808],[-0.2270061,51.5155678],[-0.2278587,51.5158075],[-0.2282215,51.5158909],[-0.2286165,51.515963],[-0.2290864,51.516043],[-0.2294989,51.5161013],[-0.2302108,51.5161686],[-0.2308684,51.5162101],[-0.2311353,51.5162162],[-0.2315939,51.516218],[-0.2322243,51.5161986],[-0.2325867,51.5161776],[-0.2330735,51.5161346],[-0.2335933,51.5160756],[-0.2338004,51.5160517],[-0.2340781,51.516015],[-0.2344368,51.5159575],[-0.2347219,51.5159051],[-0.2349446,51.5158566],[-0.2351716,51.5158013],[-0.2354744,51.5157273],[-0.235634,51.5156941],[-0.2358061,51.5156628],[-0.2359389,51.5156418],[-0.2361109,51.5156184],[-0.236365,51.5155933],[-0.2367796,51.5155654],[-0.2378976,51.5154935],[-0.2384262,51.5154547],[-0.2398236,51.5153665],[-0.2405561,51.5153157],[-0.2409481,51.5152888],[-0.2418147,51.5152611],[-0.2418984,51.5152577],[-0.2421643,51.5152469],[-0.2426898,51.5152598],[-0.2429646,51.5152756],[-0.2432094,51.5152976],[-0.2440339,51.5154209],[-0.2447104,51.5155471],[-0.245124,51.5156601],[-0.2455293,51.5157943],[-0.2457739,51.5158861],[-0.2460505,51.515996],[-0.2465576,51.5162329],[-0.2471521,51.5165543],[-0.247316,51.5166648],[-0.2473614,51.5166956],[-0.247731,51.5169738],[-0.2479526,51.5171455],[-0.2481593,51.5173376],[-0.2493399,51.5184872],[-0.2505198,51.5196452],[-0.2506824,51.5198101],[-0.2518358,51.520954],[-0.2521706,51.5212245],[-0.2524874,51.5214411],[-0.2527775,51.5216513],[-0.2531482,51.5218678],[-0.253757,51.5221343],[-0.2544916,51.522408],[-0.2548501,51.5225179],[-0.2554594,51.5226835],[-0.2562609,51.5228475],[-0.2569479,51.5229959],[-0.2572335,51.5230531],[-0.2581048,51.5232278],[-0.2588626,51.5233693],[-0.2593481,51.5234688],[-0.2600785,51.5236305],[-0.2609983,51.5238561],[-0.2613085,51.5239211],[-0.2634783,51.5243541],[-0.2635806,51.5243745],[-0.2638922,51.5244379],[-0.2640225,51.5244628],[-0.2646415,51.5246147],[-0.2655159,51.5248433],[-0.2657539,51.5248981],[-0.2660344,51.5249572],[-0.2662625,51.5249985],[-0.2664354,51.5250218],[-0.2665344,51.5250315],[-0.2667214,51.5250411],[-0.2670072,51.5250498],[-0.2673066,51.5250564],[-0.2676202,51.5250637],[-0.2678811,51.5250792],[-0.2681258,51.5250999],[-0.2683668,51.5251278],[-0.2685738,51.5251549],[-0.2689617,51.5252248],[-0.269188,51.5252725],[-0.2695347,51.5253643],[-0.2697276,51.5254226],[-0.2701488,51.525565],[-0.2705666,51.5257084],[-0.2708743,51.5258201],[-0.2711817,51.5259059],[-0.2715696,51.5260027],[-0.2720109,51.526095],[-0.2783249,51.5273434],[-0.2823094,51.5281284],[-0.2849532,51.5285934],[-0.286264,51.5288496],[-0.287569,51.5291209],[-0.2885807,51.529332],[-0.2896125,51.5295355],[-0.290523,51.5297214],[-0.2913616,51.5298934],[-0.2918014,51.529967],[-0.2922062,51.530028],[-0.2928383,51.5301164],[-0.2933143,51.5301886],[-0.2938647,51.5302899],[-0.2946051,51.5304316],[-0.295477,51.5305939],[-0.2960931,51.5307147],[-0.2972531,51.5308899],[-0.2983964,51.5310483],[-0.2986128,51.5310823],[-0.3004804,51.5312979],[-0.3015554,51.5314431],[-0.3026212,51.5316106],[-0.3031187,51.5316918],[-0.3041799,51.5318827],[-0.3052284,51.532089],[-0.3064045,51.5323772],[-0.3076821,51.5326962],[-0.3079502,51.532769],[-0.3081606,51.5328262],[-0.3094972,51.5331619],[-0.3098051,51.5332428],[-0.3194551,51.5357049],[-0.3196904,51.5357674],[-0.3216748,51.5362358],[-0.3218328,51.5362733],[-0.3220577,51.5363245],[-0.3222966,51.5363763],[-0.3224872,51.5364184],[-0.3226564,51.5364568],[-0.3227886,51.5364875],[-0.3229631,51.5365303],[-0.3240105,51.5368052],[-0.3242769,51.5368814],[-0.3260669,51.5373894],[-0.3296153,51.5382812],[-0.3326815,51.5390165],[-0.3336601,51.5392413],[-0.3346467,51.5394517],[-0.3352343,51.5395933],[-0.3387979,51.54051],[-0.3393703,51.5406479],[-0.3397915,51.5407376],[-0.3404979,51.5408841],[-0.3411266,51.5410197],[-0.3417063,51.5411726],[-0.3431866,51.5416109],[-0.3435846,51.5417175],[-0.344706,51.5420154],[-0.3456496,51.5422508],[-0.3458696,51.5423079],[-0.3458782,51.5423101],[-0.3459717,51.5423344],[-0.3460828,51.5423632],[-0.3463023,51.5424202],[-0.3467307,51.5425287],[-0.3481124,51.5428747],[-0.3490087,51.5431086],[-0.3499481,51.5433486],[-0.3509751,51.5436177],[-0.3515146,51.5437631],[-0.3523661,51.5440035],[-0.3527195,51.5441013],[-0.3531447,51.5442269],[-0.3538872,51.5444327],[-0.3562184,51.5450441],[-0.3568771,51.5452181],[-0.3594858,51.5458975],[-0.3625966,51.546698],[-0.3642719,51.5471337],[-0.3657129,51.5474973],[-0.3661324,51.5475967],[-0.367171,51.5478206],[-0.3679047,51.5479891],[-0.3704288,51.548611],[-0.3709694,51.5487476],[-0.3718592,51.5489682],[-0.372342,51.5490897],[-0.3728275,51.5492086],[-0.3733111,51.5493322],[-0.3737937,51.5494626],[-0.3741525,51.5495634],[-0.3745104,51.5496675],[-0.3748658,51.5497742],[-0.3755811,51.5499839],[-0.3759395,51.5500869],[-0.3763039,51.5501841],[-0.376668,51.5502788],[-0.3796451,51.5510367],[-0.382018,51.5516353],[-0.3835375,51.5520206],[-0.3839528,51.5521107],[-0.3841895,51.5521655],[-0.3844411,51.5522175],[-0.3849997,51.552321],[-0.3856754,51.5524358],[-0.3857708,51.5524489],[-0.386722,51.5525764],[-0.3875388,51.5527122],[-0.3881777,51.5528396],[-0.3885378,51.5529257],[-0.3889491,51.5530355],[-0.3895288,51.5532041],[-0.3900512,51.553375],[-0.3907019,51.5536182],[-0.3913626,51.5538741],[-0.3914931,51.5539257],[-0.391576,51.5539591],[-0.3919301,51.554096],[-0.3925119,51.554325],[-0.3930485,51.5545517],[-0.3937019,51.5548179],[-0.39424,51.5550301],[-0.3947792,51.5552447],[-0.395487,51.5555295],[-0.3962993,51.5558464],[-0.3970101,51.5561198],[-0.3975703,51.5563218],[-0.3981981,51.5565389],[-0.3984182,51.5566148],[-0.4003081,51.5572481],[-0.4005149,51.5573198],[-0.4012363,51.5575661],[-0.4019319,51.5577997],[-0.4026315,51.5580333],[-0.4033484,51.5582833],[-0.4041171,51.5585617],[-0.4049436,51.558854],[-0.4056158,51.5590907],[-0.4061223,51.559262],[-0.4071821,51.5596181],[-0.4074385,51.5597],[-0.4076525,51.5597698],[-0.4084116,51.5600004],[-0.4091476,51.5602115],[-0.4097443,51.5603735],[-0.4103701,51.5605732],[-0.4109741,51.5607837],[-0.4110742,51.5608222],[-0.4113931,51.5609512],[-0.411586,51.5610303],[-0.411999,51.5611748],[-0.4127137,51.5614333],[-0.4127434,51.5614427],[-0.4131681,51.5615878],[-0.4138482,51.561811],[-0.4147304,51.5621037],[-0.4150563,51.5622093],[-0.4156585,51.5624031],[-0.4161364,51.5625528],[-0.4166643,51.5627113],[-0.4172036,51.5628765],[-0.4177736,51.563055],[-0.4188923,51.5634187],[-0.420136,51.5638275],[-0.4214922,51.5642734],[-0.4225943,51.5646315],[-0.423347,51.5648799],[-0.4241085,51.5651315],[-0.4246859,51.5653296],[-0.4254376,51.5656024],[-0.4261034,51.565836],[-0.4270061,51.566139],[-0.4283265,51.5665725],[-0.4292913,51.5668844],[-0.4298739,51.567071],[-0.4304209,51.5672531],[-0.4311916,51.5675053],[-0.4314114,51.5675739],[-0.4318153,51.5677068],[-0.4325303,51.5679369],[-0.4326162,51.5679662],[-0.4338586,51.5683568],[-0.4344537,51.568541],[-0.4346064,51.5685912],[-0.4351403,51.5687561],[-0.4359706,51.5690126],[-0.4370662,51.5693551]]}},{"type":"Feature","id":"relation/20664389-0","properties":{"featureId":"relation/20664389-0","lineId":"northern","lineName":"Northern line","hasData":false,"valueDb":null},"geometry":{"type":"LineString","coordinates":[[-0.2101489,51.6082557],[-0.2093448,51.6080622],[-0.2088526,51.607922],[-0.2085955,51.6078299],[-0.2082545,51.6076989],[-0.2078253,51.6075273],[-0.2073693,51.6073358],[-0.2068693,51.6071203],[-0.2066808,51.6070368],[-0.2059616,51.6067305],[-0.2054251,51.6064889],[-0.204937,51.6062807],[-0.2046151,51.6061475],[-0.2042316,51.6059909],[-0.2035968,51.6057341],[-0.2030246,51.6054707],[-0.2012133,51.604699],[-0.1998689,51.6041346],[-0.1991263,51.6038117],[-0.1982514,51.6033944],[-0.1981138,51.603326],[-0.1980746,51.6033069],[-0.1979213,51.6032465],[-0.1977277,51.6031704],[-0.1974135,51.6030609],[-0.1971664,51.6029775],[-0.196957,51.6029017],[-0.196653,51.6027704],[-0.1956375,51.6023242],[-0.194285,51.6017475],[-0.1940791,51.6016616],[-0.1937022,51.6015007],[-0.1932038,51.6012784],[-0.1925518,51.600967],[-0.1919441,51.6006832],[-0.1910632,51.6002797],[-0.1908172,51.6001744],[-0.1903288,51.59997],[-0.1887389,51.5993053],[-0.1876285,51.5988605],[-0.1864697,51.598374],[-0.1851984,51.5978375],[-0.1840799,51.597341],[-0.1818737,51.5964184],[-0.1809766,51.5960147],[-0.1792335,51.5952862],[-0.1769881,51.5943218],[-0.1748477,51.593392],[-0.1730479,51.5925972],[-0.1728285,51.5924899],[-0.1714682,51.5917823],[-0.170701,51.5913291],[-0.1694887,51.5905392],[-0.1688235,51.5900626],[-0.1679868,51.5894445],[-0.1669781,51.5886428],[-0.1664487,51.5882412],[-0.1662191,51.5881045],[-0.1658865,51.5879229],[-0.1652068,51.5875728],[-0.1646125,51.5872342],[-0.1644371,51.5871256],[-0.1642918,51.5870357],[-0.1638677,51.5867828],[-0.1634599,51.5865579],[-0.162821,51.5862428],[-0.1624074,51.5860301],[-0.1622249,51.5859421],[-0.1617651,51.5856941],[-0.1613133,51.5854164],[-0.1609521,51.5851675],[-0.1598402,51.5844575],[-0.1582592,51.5836136],[-0.1519613,51.5802119],[-0.1476489,51.5784179],[-0.1468234,51.5780772],[-0.1464578,51.5779247],[-0.1458277,51.5776619],[-0.1452411,51.5774118],[-0.1446478,51.5770629],[-0.1442158,51.5767051],[-0.1436281,51.5761089],[-0.1407087,51.5731288],[-0.1396898,51.5720882],[-0.137755,51.5699647],[-0.1373499,51.569535],[-0.1369771,51.5691164],[-0.1365045,51.5685576],[-0.1359259,51.5677868],[-0.135591,51.5673064],[-0.1351217,51.5666664],[-0.1349552,51.5663401],[-0.1348603,51.5660598],[-0.1347307,51.5655378],[-0.1347353,51.565286],[-0.1347906,51.5650137],[-0.1349317,51.5646488],[-0.1355405,51.5636147],[-0.1362844,51.5622573],[-0.1369001,51.5611387],[-0.1371898,51.5605494],[-0.1375555,51.5595046],[-0.1377832,51.5585142],[-0.1379893,51.5577641],[-0.1382656,51.5571186],[-0.1383349,51.5569769],[-0.138356,51.5569343],[-0.138371,51.5569079],[-0.1384043,51.5568487],[-0.1387568,51.5562795],[-0.1395186,51.5552335],[-0.1400013,51.5545186],[-0.1405168,51.5538237],[-0.1406528,51.5535761],[-0.1408473,51.5531753],[-0.1409725,51.5527687],[-0.1410941,51.5520954],[-0.1410706,51.5517077],[-0.1410275,51.5514729],[-0.1408173,51.550944],[-0.1407567,51.5506794],[-0.1407436,51.5503331],[-0.1407613,51.5499534],[-0.1409074,51.5494254],[-0.1412016,51.5483599],[-0.1413975,51.5477468],[-0.1417219,51.5466554],[-0.1417618,51.5464347],[-0.1417219,51.5459379],[-0.1416545,51.5456212],[-0.14159,51.5454689],[-0.1415253,51.5452431],[-0.1414514,51.544971],[-0.1414277,51.5448494],[-0.1414107,51.5447271],[-0.1414201,51.5445965],[-0.1413999,51.5441348],[-0.1415562,51.5436098],[-0.1417195,51.5428537],[-0.1418758,51.5423092],[-0.1419974,51.5412744],[-0.1422164,51.5399631],[-0.1423225,51.53946],[-0.1423338,51.5393789],[-0.142376,51.5391387],[-0.142399,51.5385961],[-0.1423646,51.5384904],[-0.14232,51.538403],[-0.1421479,51.5382082],[-0.1419358,51.5379449],[-0.1394743,51.5356524],[-0.1392015,51.5353732],[-0.1390648,51.5351924],[-0.1390092,51.5350537],[-0.1389741,51.5349385],[-0.1389445,51.5347842],[-0.138938,51.534605],[-0.1389688,51.5343195],[-0.1390981,51.5327454],[-0.139077,51.5324966],[-0.1390477,51.5322787],[-0.1388783,51.5316063],[-0.1388048,51.5313316],[-0.1385423,51.5306635],[-0.1376611,51.5291064],[-0.1374358,51.5288147],[-0.1372382,51.528604],[-0.1369531,51.5283956],[-0.1368255,51.5283101],[-0.1364904,51.5281741],[-0.1359684,51.5280857],[-0.1354246,51.528059],[-0.1350349,51.5280875],[-0.1346595,51.5281412],[-0.1343061,51.5282137],[-0.1338819,51.528328],[-0.1335473,51.5284454],[-0.1331854,51.528577],[-0.1324887,51.5287875],[-0.1316731,51.5290462],[-0.1309924,51.5293015],[-0.1307017,51.5294277],[-0.1299914,51.5297452],[-0.1295411,51.5299485],[-0.1291657,51.5300916],[-0.128711,51.5302339],[-0.1281968,51.5303886],[-0.1276028,51.5304927],[-0.1269448,51.5305654],[-0.1251129,51.5306816],[-0.1243858,51.5307096],[-0.1243426,51.5307113],[-0.1234599,51.5307438],[-0.1223668,51.5307851],[-0.1200679,51.5309354],[-0.1190753,51.5310011],[-0.1185949,51.5310371],[-0.1136313,51.5314218],[-0.1092709,51.5318544],[-0.1079066,51.5318921],[-0.1069566,51.5319205],[-0.1065223,51.5319311],[-0.1061581,51.531924],[-0.1057636,51.5318736],[-0.1055169,51.5318287],[-0.1046489,51.5316035],[-0.1018703,51.5308752],[-0.0977626,51.5296972],[-0.0911791,51.5280373],[-0.0887248,51.5273709],[-0.0882125,51.5270192],[-0.0879558,51.5266971],[-0.087543,51.5256367],[-0.087526,51.5254097],[-0.0875194,51.5253214],[-0.0874454,51.5243338],[-0.087005,51.5222149],[-0.087005,51.5216926],[-0.0871686,51.5206624],[-0.087249,51.5197814],[-0.0873255,51.5195144],[-0.0874891,51.5191486],[-0.0878924,51.518512],[-0.0880037,51.5183883],[-0.0881026,51.5182651],[-0.0886248,51.5171794],[-0.0893651,51.5153735],[-0.0896736,51.5145644],[-0.0897388,51.5142996],[-0.0897283,51.514049],[-0.0896889,51.5137359],[-0.0895486,51.5134089],[-0.0892978,51.5129413],[-0.0887225,51.5120862],[-0.0883523,51.5115862],[-0.0878266,51.5108374],[-0.0875235,51.5104672],[-0.0873707,51.5102209],[-0.0872799,51.5100226],[-0.0872691,51.5098431],[-0.0872587,51.5096737],[-0.0873224,51.5094178],[-0.0873143,51.509295],[-0.0872584,51.509174],[-0.0871212,51.508963],[-0.0870075,51.5086936],[-0.0869522,51.5085143],[-0.0869541,51.5082634],[-0.0869595,51.5079016],[-0.0870788,51.507421],[-0.0872852,51.5070036],[-0.0874994,51.5068419],[-0.0877488,51.5067098],[-0.0882424,51.5065381],[-0.088575,51.5063727],[-0.088819,51.5062105],[-0.0889075,51.5061452],[-0.0890899,51.5060106],[-0.0896049,51.5055223],[-0.0902736,51.5048831],[-0.0906743,51.5044394],[-0.0909711,51.5040714],[-0.0912314,51.5037739],[-0.0916453,51.5033],[-0.0920786,51.5027122],[-0.0922779,51.5023623],[-0.0924653,51.5019827],[-0.092634,51.5017623],[-0.0931576,51.5012993],[-0.0934194,51.5010936],[-0.0937887,51.5008538],[-0.0953273,51.5000091],[-0.0957594,51.499769],[-0.0965572,51.4993135],[-0.0968818,51.4990977],[-0.0972653,51.4988304],[-0.0977094,51.498527],[-0.0993663,51.4970547],[-0.0995386,51.4968424],[-0.0997443,51.4965849],[-0.0999393,51.4963259],[-0.1001617,51.4960333],[-0.1003207,51.4958285],[-0.1003951,51.4956943],[-0.1004635,51.4955281],[-0.1005082,51.4953853],[-0.1005278,51.4952545],[-0.1005335,51.4951655],[-0.1005417,51.4950294],[-0.1005484,51.4949204],[-0.1005548,51.4948152],[-0.100569,51.4945816],[-0.1005808,51.4943861],[-0.1006338,51.4939459],[-0.1006828,51.4936357],[-0.1007062,51.4934933],[-0.1007467,51.4933089],[-0.1008081,51.4931794],[-0.1009556,51.4929569],[-0.1011798,51.4926893],[-0.101857,51.4921897],[-0.102514,51.491709],[-0.1026553,51.4915998],[-0.1030738,51.4912491],[-0.1042305,51.4900923],[-0.1044222,51.4899065],[-0.1051981,51.4890919],[-0.1055509,51.4886792],[-0.106554,51.4876575],[-0.1068914,51.4873316],[-0.1071323,51.4870701],[-0.1072479,51.486945],[-0.1073112,51.486853],[-0.107401,51.4866795],[-0.1074862,51.4865687],[-0.1113793,51.4827405],[-0.1120687,51.4821103],[-0.1123223,51.481841],[-0.1130726,51.4810041],[-0.1144397,51.4798212],[-0.1152116,51.4790909],[-0.1168683,51.4775135],[-0.1172716,51.4771295],[-0.1189141,51.4755753],[-0.1193373,51.4751747],[-0.1211381,51.4734706],[-0.1224818,51.4721981],[-0.1232966,51.4714602],[-0.1242936,51.470587],[-0.1247294,51.4702557],[-0.1252326,51.4698731],[-0.1262563,51.4691713],[-0.1265772,51.4689486],[-0.1274393,51.4682196],[-0.1277072,51.467993],[-0.128109,51.4674827],[-0.1281565,51.4674224],[-0.1291559,51.4659426],[-0.1296428,51.4653766],[-0.1298918,51.4651246],[-0.1300635,51.4649704],[-0.1304291,51.4647078],[-0.1308221,51.464483],[-0.1327855,51.4636124],[-0.133148,51.4634787],[-0.1347759,51.4628782],[-0.1364994,51.4623027],[-0.1370172,51.4621485],[-0.1374485,51.4620215],[-0.1374806,51.462012],[-0.1376298,51.4619559],[-0.1377823,51.4618717],[-0.1378481,51.4618258],[-0.1378998,51.4617897],[-0.1379809,51.4617331],[-0.1382813,51.4615303],[-0.1388697,51.4611995],[-0.1393657,51.4609353],[-0.1414932,51.4595184],[-0.14252,51.4583413],[-0.1431273,51.4576321],[-0.1432636,51.457473],[-0.1435462,51.4571492],[-0.1449758,51.4556076],[-0.1460914,51.4544097],[-0.1465439,51.4539375],[-0.1465808,51.453899],[-0.1471973,51.4532556],[-0.1473042,51.4531216],[-0.1473332,51.4530856],[-0.1473927,51.4530117],[-0.147572,51.4527513],[-0.1477012,51.4525117],[-0.14778,51.4522647],[-0.147823,51.4521274],[-0.1478246,51.451129],[-0.1478667,51.4508106],[-0.1479426,51.4502369],[-0.1480051,51.4490408],[-0.1480163,51.4489571],[-0.1480253,51.4488776],[-0.1480397,51.4488249],[-0.1480523,51.4487692],[-0.1487346,51.4475908],[-0.1492133,51.4468922],[-0.1496033,51.4462982],[-0.1500049,51.4459604],[-0.1503941,51.4457207],[-0.1512747,51.445168],[-0.1519954,51.4443705],[-0.152462,51.4437904],[-0.15275,51.443447],[-0.1528186,51.4433718],[-0.15296,51.443199],[-0.1531195,51.4430038],[-0.1533013,51.4427826],[-0.155187,51.4404878],[-0.1559461,51.43928],[-0.1566684,51.4378739],[-0.1572287,51.4372959],[-0.1583335,51.4363843],[-0.1589128,51.4360081],[-0.1590407,51.4359333],[-0.1592987,51.4357824],[-0.1598208,51.4355269],[-0.1604979,51.4352418],[-0.1612097,51.4348656],[-0.1615151,51.4346777],[-0.1621663,51.4342415],[-0.1627351,51.4337909],[-0.1634107,51.4331139],[-0.1635821,51.4328656],[-0.1637225,51.4325488],[-0.1639167,51.4320762],[-0.1640189,51.4318777],[-0.1647738,51.4310947],[-0.1666569,51.4292455],[-0.167733,51.428231],[-0.167951,51.4279696],[-0.1681201,51.4278007],[-0.1682369,51.4276917],[-0.1686018,51.427371],[-0.1686453,51.4273327],[-0.1688352,51.4272054],[-0.169267,51.4267819],[-0.1695516,51.4264251],[-0.1699563,51.4258837],[-0.1705558,51.4251757],[-0.1706979,51.4250323],[-0.1732946,51.4230177],[-0.1735554,51.4227962],[-0.1738595,51.4225175],[-0.1741451,51.4222527],[-0.1748559,51.421495],[-0.1757839,51.4204536],[-0.1766109,51.419587],[-0.1771036,51.4190825],[-0.1776467,51.4184226],[-0.1779011,51.4181291],[-0.1779297,51.4180961],[-0.1781953,51.4178313],[-0.1783738,51.4176668],[-0.1785574,51.4175172],[-0.1788199,51.4173148],[-0.1796201,51.4169036],[-0.1799872,51.4167279],[-0.1802979,51.4166401],[-0.1805478,51.4165802],[-0.1808571,51.4165111],[-0.1820346,51.4162393],[-0.1821673,51.4162268],[-0.1836603,51.416149],[-0.1860716,51.4159848],[-0.1870526,51.4159117],[-0.188166,51.415798],[-0.1895963,51.4156937],[-0.1905944,51.4156062],[-0.1913535,51.4155232],[-0.1916553,51.4154595],[-0.191898,51.4153956],[-0.1922929,51.4152575],[-0.1924922,51.415185],[-0.192745,51.4150873],[-0.1929729,51.414988],[-0.1932934,51.4148483],[-0.1937658,51.4146188],[-0.1940562,51.4144661],[-0.1946426,51.4140087],[-0.1950819,51.4136297],[-0.1955202,51.4132362],[-0.1957482,51.4128544],[-0.1957857,51.4124841],[-0.1957616,51.4120785],[-0.1956462,51.4115495],[-0.1952681,51.4106006],[-0.1948979,51.40965],[-0.1947713,51.4089035],[-0.1946973,51.4080981],[-0.1947051,51.4042498],[-0.1947053,51.404159],[-0.1947092,51.4041324],[-0.1947086,51.4034911],[-0.1947071,51.4033833],[-0.1947049,51.4033083],[-0.1946989,51.4032429],[-0.1946906,51.4031912],[-0.1946699,51.4030814],[-0.1946558,51.4029666],[-0.1946509,51.4028689],[-0.1946534,51.4027484],[-0.194665,51.4025478],[-0.1946872,51.402391]]}},{"type":"Feature","id":"relation/20664642-0","properties":{"featureId":"relation/20664642-0","lineId":"northern","lineName":"Northern line","hasData":false,"valueDb":null},"geometry":{"type":"LineString","coordinates":[[-0.1948903,51.4033272],[-0.1949383,51.4023892],[-0.1948903,51.4033272],[-0.1948064,51.4039475],[-0.1947908,51.4040534],[-0.1947923,51.404155],[-0.1947731,51.4080971],[-0.194847,51.4089006],[-0.194973,51.4096439],[-0.1953423,51.4105921],[-0.1957212,51.4115428],[-0.1958373,51.4120755],[-0.1958616,51.4124845],[-0.1958234,51.4128619],[-0.1955899,51.4132528],[-0.1951473,51.4136502],[-0.1947068,51.4140303],[-0.1941162,51.4144909],[-0.1936162,51.4147813],[-0.1933283,51.4149248],[-0.1928677,51.4151372],[-0.1926019,51.4152376],[-0.1923542,51.4153226],[-0.19195,51.4154454],[-0.1916877,51.4154991],[-0.1913877,51.4155575],[-0.1905696,51.4156549],[-0.1895932,51.4157421],[-0.1881662,51.4158478],[-0.1870577,51.4159747],[-0.1844502,51.4161542],[-0.183474,51.416213],[-0.1821614,51.4162695],[-0.1820437,51.4162848],[-0.181257,51.4164651],[-0.1805763,51.4166274],[-0.180312,51.4166819],[-0.1800252,51.4167594],[-0.179656,51.4169271],[-0.1788843,51.4173365],[-0.1786244,51.4175581],[-0.1784608,51.4177004],[-0.1783308,51.4178376],[-0.1780571,51.4181425],[-0.1778094,51.4184245],[-0.177671,51.4185691],[-0.1766783,51.4196056],[-0.1758522,51.4204713],[-0.1748698,51.4216015],[-0.17421,51.4222663],[-0.1736261,51.4228225],[-0.1733715,51.4230346],[-0.1728216,51.4234032],[-0.1711637,51.4247402],[-0.1707886,51.4250591],[-0.1705752,51.4252681],[-0.1700334,51.4258992],[-0.1696404,51.4264384],[-0.1693501,51.4267952],[-0.1689021,51.4272305],[-0.1687207,51.4274094],[-0.1683348,51.4278007],[-0.168116,51.4280174],[-0.1678506,51.4282803],[-0.1667103,51.429309],[-0.1648741,51.4311089],[-0.1641133,51.4319057],[-0.1639997,51.4320921],[-0.1638259,51.4325588],[-0.163668,51.4328858],[-0.1634983,51.4331298],[-0.1628331,51.4338029],[-0.1622379,51.4342828],[-0.1615896,51.4347251],[-0.1612817,51.434908],[-0.1605412,51.4352905],[-0.1597279,51.4356533],[-0.1593455,51.4358287],[-0.159069,51.4359799],[-0.1583958,51.4364074],[-0.1572948,51.4373159],[-0.1567395,51.4378887],[-0.1560187,51.4392919],[-0.1552579,51.4405025],[-0.153208,51.4430921],[-0.1530038,51.443328],[-0.1528869,51.4434642],[-0.1525898,51.4438246],[-0.1520684,51.4443835],[-0.1513567,51.4451882],[-0.1504217,51.4457539],[-0.1500619,51.4459856],[-0.1496692,51.4463177],[-0.1492888,51.4469089],[-0.1488235,51.4476052],[-0.1481223,51.4487849],[-0.1480183,51.4502397],[-0.1479424,51.4508135],[-0.1479005,51.4511304],[-0.1478846,51.4521304],[-0.1477741,51.452523],[-0.1476376,51.4527761],[-0.1474632,51.4530268],[-0.1473741,51.4531375],[-0.1472662,51.4532727],[-0.1461594,51.4544277],[-0.145044,51.4556254],[-0.1444366,51.4562804],[-0.1436148,51.4571666],[-0.1433326,51.4574899],[-0.142589,51.4583582],[-0.1422229,51.4587779],[-0.1415587,51.4595394],[-0.1394243,51.4609608],[-0.13834,51.4615558],[-0.138042,51.461757],[-0.1378437,51.4618954],[-0.1376593,51.4619873],[-0.1374987,51.462044],[-0.1370773,51.462173],[-0.1370442,51.4621831],[-0.1365286,51.4623392],[-0.1348002,51.4629043],[-0.1328119,51.4636377],[-0.1308527,51.4645065],[-0.1304639,51.4647289],[-0.1301018,51.464989],[-0.1299391,51.4651343],[-0.1292202,51.4659435],[-0.1282006,51.4674349],[-0.1277488,51.4680087],[-0.1266148,51.4689677],[-0.1262923,51.4691915],[-0.1252693,51.4698928],[-0.1247669,51.4702748],[-0.1243321,51.4706053],[-0.1226354,51.4721148],[-0.1225247,51.4722106],[-0.1211786,51.4734872],[-0.119997,51.4746053],[-0.1193778,51.4751913],[-0.1189546,51.4755919],[-0.1173121,51.4771461],[-0.1169089,51.47753],[-0.1152521,51.4791075],[-0.1144797,51.4798382],[-0.1131837,51.4810573],[-0.1130284,51.4812365],[-0.1125416,51.4817981],[-0.1122267,51.482153],[-0.1117746,51.4826622],[-0.1087134,51.4856582],[-0.1073654,51.4870023],[-0.1071102,51.4872271],[-0.1066318,51.4876932],[-0.1056501,51.4887057],[-0.1052639,51.4891335],[-0.1045075,51.4899406],[-0.1031577,51.4912847],[-0.1027231,51.4916481],[-0.1019344,51.4922305],[-0.1012656,51.4927172],[-0.1010434,51.4929824],[-0.1008995,51.4931995],[-0.1008416,51.4933216],[-0.1007545,51.4938824],[-0.1006439,51.4944787],[-0.1006278,51.4945675],[-0.1006184,51.4946463],[-0.1006167,51.4946711],[-0.1005974,51.4949545],[-0.1005647,51.4954364],[-0.1005185,51.4955941],[-0.1004246,51.4957945],[-0.1001939,51.4961134],[-0.0999364,51.4964541],[-0.0996666,51.4967719],[-0.0994,51.4971003],[-0.0979355,51.4984278],[-0.0973078,51.4989254],[-0.0968116,51.4992477],[-0.0961786,51.49961],[-0.0956931,51.4998738],[-0.0934106,51.5010885],[-0.0925979,51.5017739],[-0.0924691,51.5019325],[-0.0924155,51.5020294],[-0.0922871,51.5023084],[-0.0921231,51.5026071],[-0.0914097,51.5035187],[-0.0910721,51.503831],[-0.0907422,51.5040781],[-0.0894011,51.5050181],[-0.0885535,51.5057109],[-0.0883075,51.5059043],[-0.0881214,51.506043],[-0.087714,51.5063053],[-0.0874779,51.5064522],[-0.0871668,51.5066425],[-0.0869254,51.5069263],[-0.0867181,51.5074273],[-0.0866516,51.5078819],[-0.0866365,51.5083587],[-0.0866481,51.5085864],[-0.0867331,51.5087794],[-0.0868838,51.5090333],[-0.0870832,51.5093558],[-0.0870989,51.5094249],[-0.0870748,51.5096394],[-0.0870292,51.5097989],[-0.0868575,51.510259],[-0.0868199,51.510393],[-0.0867985,51.5105372],[-0.0867958,51.5106567],[-0.0867792,51.5108016],[-0.0867902,51.510862],[-0.0868153,51.510907],[-0.0869254,51.5110653],[-0.0872036,51.5114563],[-0.0873714,51.5116749],[-0.0876995,51.5120856],[-0.088063,51.5125407],[-0.0885199,51.5130454],[-0.089508,51.5144517],[-0.089569,51.5145109],[-0.0896667,51.5146354],[-0.0897226,51.5147169],[-0.0897258,51.5148042],[-0.089714,51.5148582],[-0.0891509,51.5163785],[-0.088781,51.5172167],[-0.0886747,51.5174251],[-0.0885888,51.5175753],[-0.0882715,51.5183194],[-0.088233,51.5185136],[-0.0882115,51.5185899],[-0.0878239,51.5193162],[-0.0876603,51.5197309],[-0.0875071,51.5200759],[-0.0870991,51.5218693],[-0.0871213,51.5222245],[-0.0874804,51.5238527],[-0.0875184,51.5241632],[-0.0875581,51.5244787],[-0.0876272,51.52532],[-0.0876725,51.5256365],[-0.0880649,51.5266866],[-0.0882994,51.5269878],[-0.0887608,51.5273266],[-0.0911889,51.5279901],[-0.0977697,51.5296713],[-0.1018847,51.5308225],[-0.1025505,51.5309626],[-0.1037139,51.5311891],[-0.1047485,51.5313868],[-0.1056545,51.5315599],[-0.1061802,51.5316491],[-0.1066898,51.5317386],[-0.1071171,51.5317952],[-0.1075033,51.5318304],[-0.1079169,51.5318417],[-0.109252,51.5318041],[-0.1136127,51.5313617],[-0.1191042,51.5309482],[-0.1223318,51.5306775],[-0.1234513,51.5305833],[-0.1239327,51.5305679],[-0.1243368,51.5305509],[-0.1250912,51.5305182],[-0.1261939,51.530485],[-0.1271316,51.5304161],[-0.1275682,51.5303768],[-0.1280654,51.5303008],[-0.1284111,51.53021],[-0.1287323,51.5300697],[-0.1291232,51.5298841],[-0.1295623,51.5295944],[-0.1302629,51.5291323],[-0.1308044,51.5288225],[-0.1313367,51.52859],[-0.131945,51.5284038],[-0.1326952,51.5281779],[-0.1331245,51.5280303],[-0.1334074,51.5279493],[-0.1336718,51.5278852],[-0.1339631,51.5278236],[-0.1343707,51.5277564],[-0.1346789,51.5277248],[-0.1350359,51.5277197],[-0.1353852,51.5277398],[-0.1357257,51.5277962],[-0.1360561,51.5279016],[-0.1365457,51.5281018],[-0.1369346,51.5282663],[-0.1370464,51.528334],[-0.1373447,51.528541],[-0.1375885,51.5287846],[-0.1378185,51.5290716],[-0.138699,51.5306469],[-0.1389544,51.5313234],[-0.1390271,51.5316064],[-0.1392046,51.5322676],[-0.1392374,51.5324916],[-0.1392449,51.5327455],[-0.13909,51.5343298],[-0.1390584,51.534611],[-0.1390546,51.5347814],[-0.1390678,51.5349254],[-0.1390988,51.5350354],[-0.139159,51.5351738],[-0.1393228,51.5353893],[-0.1395519,51.5356207],[-0.142041,51.5379164],[-0.1425372,51.5386159],[-0.1425611,51.5387592],[-0.1425566,51.5389404],[-0.1425356,51.5391473],[-0.1425014,51.5393143],[-0.1424036,51.5396902],[-0.1423407,51.5399763],[-0.1422254,51.5406844],[-0.1421324,51.5412732],[-0.1419658,51.5423176],[-0.1418092,51.5428567],[-0.141646,51.5436016],[-0.141491,51.5441371],[-0.1414719,51.5443796],[-0.1414799,51.5444525],[-0.1414942,51.5447498],[-0.1415118,51.5448371],[-0.1415775,51.5450107],[-0.1416531,51.5452497],[-0.1417204,51.5454148],[-0.1418264,51.5456071],[-0.1418947,51.5459281],[-0.1419357,51.5464381],[-0.1418935,51.5466712],[-0.1415678,51.5477671],[-0.1413721,51.5483795],[-0.1410783,51.5494436],[-0.1408672,51.5499024],[-0.1406872,51.5501013],[-0.1406006,51.5503317],[-0.1405972,51.5508573],[-0.1407678,51.5510352],[-0.1410547,51.5511971],[-0.1411985,51.5514538],[-0.1412436,51.5516995],[-0.1412679,51.5520994],[-0.1411441,51.5527849],[-0.1410159,51.5532011],[-0.1408179,51.5536091],[-0.140678,51.5538638],[-0.14016,51.5545621],[-0.1396776,51.5552766],[-0.1389168,51.5563211],[-0.1385671,51.5568859],[-0.1385346,51.5569437],[-0.1385207,51.5569681],[-0.1385007,51.5570084],[-0.1384324,51.5571482],[-0.1381589,51.5577871],[-0.1379545,51.5585309],[-0.1377263,51.5595237],[-0.1373577,51.5605767],[-0.1370651,51.5611719],[-0.1364485,51.5622921],[-0.135704,51.5636506],[-0.135098,51.56468],[-0.134967,51.5650326],[-0.1349111,51.5652497],[-0.1349379,51.5655179],[-0.1350666,51.5660364],[-0.1351582,51.5663069],[-0.1353177,51.5666195],[-0.1357826,51.5672535],[-0.1361171,51.5677333],[-0.1366924,51.5684997],[-0.1371616,51.5690545],[-0.1375321,51.5694705],[-0.1379366,51.5698997],[-0.1398706,51.5720222],[-0.1408878,51.5730611],[-0.143807,51.576041],[-0.1443894,51.5766318],[-0.1448048,51.5769759],[-0.1453732,51.5773102],[-0.1459454,51.5775541],[-0.1465746,51.5778165],[-0.1469398,51.5779689],[-0.1477652,51.5783095],[-0.1520889,51.5801082],[-0.1583963,51.583515],[-0.1599768,51.5843587],[-0.1610908,51.5850589],[-0.1621096,51.5855951],[-0.162481,51.5857802],[-0.1628081,51.5859767],[-0.1632161,51.5862113],[-0.1635168,51.5863726],[-0.163775,51.5865067],[-0.1642559,51.5867414],[-0.1646804,51.5869588],[-0.1650691,51.5871633],[-0.1654115,51.5873739],[-0.1657322,51.587587],[-0.1659911,51.587748],[-0.1662271,51.5879346],[-0.1665463,51.5881779],[-0.1667048,51.5883009],[-0.166903,51.5884546],[-0.1677345,51.5890828],[-0.1682549,51.5894911],[-0.1689415,51.590011],[-0.1694268,51.5904227],[-0.1699506,51.5907883],[-0.1702973,51.5910303],[-0.1709517,51.5914302],[-0.1719495,51.5919835],[-0.1728806,51.5924588],[-0.17313,51.5925753],[-0.1735347,51.5927688],[-0.1784435,51.5948963],[-0.1792136,51.5952245],[-0.181923,51.5963903],[-0.184129,51.5973179],[-0.1864754,51.598325],[-0.1876696,51.5988176],[-0.1885597,51.59914],[-0.1889615,51.5992954],[-0.1902919,51.5998535],[-0.1908139,51.6000772],[-0.1910441,51.6001759],[-0.1916046,51.6004046],[-0.1922709,51.6006923],[-0.1926765,51.600867],[-0.193426,51.601237],[-0.1938307,51.6014323],[-0.1939923,51.601512],[-0.1941682,51.6015942],[-0.1945836,51.6017749],[-0.1946351,51.6017948],[-0.1954902,51.602161],[-0.1962221,51.6024814],[-0.1965193,51.6026134],[-0.1972521,51.6029279],[-0.1980746,51.6033069],[-0.1981138,51.603326],[-0.1982514,51.6033944],[-0.1991263,51.6038117],[-0.1998689,51.6041346],[-0.2012133,51.604699],[-0.2030246,51.6054707],[-0.2035968,51.6057341],[-0.2042316,51.6059909],[-0.2046151,51.6061475],[-0.204937,51.6062807],[-0.2054251,51.6064889],[-0.2059616,51.6067305],[-0.2066808,51.6070368],[-0.2068693,51.6071203],[-0.2073693,51.6073358],[-0.2078253,51.6075273],[-0.2082545,51.6076989],[-0.2085955,51.6078299],[-0.2088526,51.607922],[-0.2093448,51.6080622],[-0.2101489,51.6082557]]}},{"type":"Feature","id":"relation/20665090-0","properties":{"featureId":"relation/20665090-0","lineId":"northern","lineName":"Northern line","hasData":false,"valueDb":null},"geometry":{"type":"LineString","coordinates":[[-0.2101489,51.6082557],[-0.2093448,51.6080622],[-0.2088526,51.607922],[-0.2085955,51.6078299],[-0.2082545,51.6076989],[-0.2078253,51.6075273],[-0.2073693,51.6073358],[-0.2068693,51.6071203],[-0.2066808,51.6070368],[-0.2059616,51.6067305],[-0.2054251,51.6064889],[-0.204937,51.6062807],[-0.2046151,51.6061475],[-0.2042316,51.6059909],[-0.2035968,51.6057341],[-0.2030246,51.6054707],[-0.2012133,51.604699],[-0.1998689,51.6041346],[-0.1991263,51.6038117],[-0.1982514,51.6033944],[-0.1981138,51.603326],[-0.1980746,51.6033069],[-0.1979213,51.6032465],[-0.1977277,51.6031704],[-0.1974135,51.6030609],[-0.1971664,51.6029775],[-0.196957,51.6029017],[-0.196653,51.6027704],[-0.1956375,51.6023242],[-0.194285,51.6017475],[-0.1940791,51.6016616],[-0.1937022,51.6015007],[-0.1932038,51.6012784],[-0.1925518,51.600967],[-0.1919441,51.6006832],[-0.1910632,51.6002797],[-0.1908172,51.6001744],[-0.1903288,51.59997],[-0.1887389,51.5993053],[-0.1876285,51.5988605],[-0.1864697,51.598374],[-0.1851984,51.5978375],[-0.1840799,51.597341],[-0.1818737,51.5964184],[-0.1809766,51.5960147],[-0.1792335,51.5952862],[-0.1769881,51.5943218],[-0.1748477,51.593392],[-0.1730479,51.5925972],[-0.1728285,51.5924899],[-0.1714682,51.5917823],[-0.170701,51.5913291],[-0.1694887,51.5905392],[-0.1688235,51.5900626],[-0.1679868,51.5894445],[-0.1669781,51.5886428],[-0.1664487,51.5882412],[-0.1662191,51.5881045],[-0.1658865,51.5879229],[-0.1652068,51.5875728],[-0.1646125,51.5872342],[-0.1644371,51.5871256],[-0.1642918,51.5870357],[-0.1638677,51.5867828],[-0.1634599,51.5865579],[-0.162821,51.5862428],[-0.1624074,51.5860301],[-0.1622249,51.5859421],[-0.1617651,51.5856941],[-0.1613133,51.5854164],[-0.1609521,51.5851675],[-0.1598402,51.5844575],[-0.1582592,51.5836136],[-0.1519613,51.5802119],[-0.1476489,51.5784179],[-0.1468234,51.5780772],[-0.1464578,51.5779247],[-0.1458277,51.5776619],[-0.1452411,51.5774118],[-0.1446478,51.5770629],[-0.1442158,51.5767051],[-0.1436281,51.5761089],[-0.1407087,51.5731288],[-0.1396898,51.5720882],[-0.137755,51.5699647],[-0.1373499,51.569535],[-0.1369771,51.5691164],[-0.1365045,51.5685576],[-0.1359259,51.5677868],[-0.135591,51.5673064],[-0.1351217,51.5666664],[-0.1349552,51.5663401],[-0.1348603,51.5660598],[-0.1347307,51.5655378],[-0.1347353,51.565286],[-0.1347906,51.5650137],[-0.1349317,51.5646488],[-0.1355405,51.5636147],[-0.1362844,51.5622573],[-0.1369001,51.5611387],[-0.1371898,51.5605494],[-0.1375555,51.5595046],[-0.1377832,51.5585142],[-0.1379893,51.5577641],[-0.1382656,51.5571186],[-0.1383349,51.5569769],[-0.138356,51.5569343],[-0.138371,51.5569079],[-0.1384043,51.5568487],[-0.1387568,51.5562795],[-0.1395186,51.5552335],[-0.1400013,51.5545186],[-0.1405168,51.5538237],[-0.1406528,51.5535761],[-0.1408473,51.5531753],[-0.1409725,51.5527687],[-0.1410941,51.5520954],[-0.1410706,51.5517077],[-0.1410275,51.5514729],[-0.1408173,51.550944],[-0.1407567,51.5506794],[-0.1407436,51.5503331],[-0.1407613,51.5499534],[-0.1409074,51.5494254],[-0.1412016,51.5483599],[-0.1413975,51.5477468],[-0.1417219,51.5466554],[-0.1417618,51.5464347],[-0.1417219,51.5459379],[-0.1416545,51.5456212],[-0.14159,51.5454689],[-0.1415253,51.5452431],[-0.1414514,51.544971],[-0.1414277,51.5448494],[-0.1414107,51.5447271],[-0.1414201,51.5445965],[-0.1413999,51.5441348],[-0.1415562,51.5436098],[-0.1417195,51.5428537],[-0.1418758,51.5423092],[-0.1419974,51.5412744],[-0.1422164,51.5399631],[-0.1423225,51.53946],[-0.1423338,51.5393789],[-0.142376,51.5391387],[-0.142371,51.5389405],[-0.1423539,51.5388048],[-0.1423345,51.5387256],[-0.1422972,51.538629],[-0.1421481,51.5383988],[-0.1418988,51.5380439],[-0.1415234,51.5375979],[-0.1411568,51.5372221],[-0.1396692,51.5358747],[-0.1391752,51.5353624],[-0.1383723,51.5344326],[-0.1351626,51.5314036],[-0.1340511,51.5302912],[-0.133816,51.5299611],[-0.1337164,51.5297318],[-0.1336789,51.5294921],[-0.1337084,51.5290409],[-0.1337292,51.528765],[-0.1338263,51.5285354],[-0.1340079,51.5282784],[-0.134245,51.5281005],[-0.1346552,51.5278761],[-0.1351946,51.5276434],[-0.1374375,51.526765],[-0.1377977,51.5266263],[-0.1379517,51.526561],[-0.1380724,51.526495],[-0.1382252,51.5263727],[-0.1383218,51.5262354],[-0.1383644,51.5260668],[-0.1383486,51.5258664],[-0.1382985,51.5256805],[-0.1377493,51.5246057],[-0.1376199,51.5243342],[-0.1372014,51.5237134],[-0.1365076,51.5229396],[-0.1342306,51.5205525],[-0.1322281,51.5186402],[-0.13077,51.5170681],[-0.130257,51.5161311],[-0.1298795,51.5153108],[-0.1298428,51.5152395],[-0.1295624,51.5142286],[-0.1292277,51.5135043],[-0.1291284,51.5133243],[-0.1290075,51.5131293],[-0.1286892,51.5126122],[-0.1284467,51.5122506],[-0.1284053,51.5121391],[-0.1283719,51.5120312],[-0.1283659,51.512005],[-0.1283486,51.5119071],[-0.1283281,51.5117756],[-0.1282939,51.5115114],[-0.1283384,51.5105866],[-0.1283136,51.5104159],[-0.1282658,51.5102705],[-0.1282221,51.5101706],[-0.1280943,51.5099766],[-0.1279306,51.5098083],[-0.1277573,51.5096808],[-0.127528,51.5095608],[-0.1269817,51.5093491],[-0.1261234,51.509086],[-0.1259736,51.5090324],[-0.1254327,51.5087886],[-0.1249331,51.508528],[-0.1246601,51.508383],[-0.1244833,51.508308],[-0.1243005,51.5082517],[-0.1240536,51.5081845],[-0.1236349,51.5080843],[-0.1233373,51.5080115],[-0.1231083,51.5079465],[-0.1226092,51.5077706],[-0.1218816,51.5075217],[-0.1212571,51.5073317],[-0.120513,51.5071146],[-0.1199824,51.5069496],[-0.1191213,51.5066784],[-0.118532,51.5065004],[-0.1179753,51.5062991],[-0.1172844,51.506032],[-0.1169942,51.5059059],[-0.1165286,51.5056799],[-0.1161294,51.5054327],[-0.1156485,51.5050012],[-0.1153813,51.5047519],[-0.1150074,51.5044263],[-0.1147909,51.5041952],[-0.1145803,51.5039515],[-0.1143104,51.5035706],[-0.1131083,51.5017708],[-0.1127095,51.5012239],[-0.1125183,51.5009122],[-0.112315,51.5005531],[-0.1120554,51.5002178],[-0.1118122,51.4998792],[-0.1116998,51.4996706],[-0.1113127,51.4991714],[-0.1108004,51.4985038],[-0.1100045,51.4972788],[-0.1098107,51.4969856],[-0.1094861,51.4965223],[-0.1089243,51.4957203],[-0.1083158,51.4949416],[-0.1080836,51.4946088],[-0.1078972,51.4943958],[-0.1076542,51.4941828],[-0.1072731,51.4938895],[-0.1071554,51.4938272],[-0.1070459,51.4937692],[-0.1063919,51.4933774],[-0.105676,51.4929723],[-0.1048517,51.4925014],[-0.1043721,51.4922128],[-0.1041182,51.4920144],[-0.103981,51.4918822],[-0.1037517,51.4916307],[-0.1036364,51.4914678],[-0.1035415,51.4912532],[-0.1035331,51.490993],[-0.1035342,51.4908172],[-0.1036191,51.4905513],[-0.1037358,51.4903131],[-0.1038425,51.4901433],[-0.1040668,51.4898358],[-0.1042273,51.4896799],[-0.1047197,51.4893079],[-0.1063789,51.487594],[-0.1064414,51.4875283],[-0.1065704,51.4874226],[-0.1069953,51.4871546],[-0.1071323,51.4870701],[-0.1072479,51.486945],[-0.1073112,51.486853],[-0.107401,51.4866795],[-0.1074862,51.4865687],[-0.1113793,51.4827405],[-0.1120687,51.4821103],[-0.1123223,51.481841],[-0.1130726,51.4810041],[-0.1144397,51.4798212],[-0.1152116,51.4790909],[-0.1168683,51.4775135],[-0.1172716,51.4771295],[-0.1189141,51.4755753],[-0.1193373,51.4751747],[-0.1211381,51.4734706],[-0.1224818,51.4721981],[-0.1232966,51.4714602],[-0.1242936,51.470587],[-0.1247294,51.4702557],[-0.1252326,51.4698731],[-0.1262563,51.4691713],[-0.1265772,51.4689486],[-0.1274393,51.4682196],[-0.1277072,51.467993],[-0.128109,51.4674827],[-0.1281565,51.4674224],[-0.1291559,51.4659426],[-0.1296428,51.4653766],[-0.1298918,51.4651246],[-0.1300635,51.4649704],[-0.1304291,51.4647078],[-0.1308221,51.464483],[-0.1327855,51.4636124],[-0.133148,51.4634787],[-0.1347759,51.4628782],[-0.1364994,51.4623027],[-0.1370172,51.4621485],[-0.1374485,51.4620215],[-0.1374806,51.462012],[-0.1376298,51.4619559],[-0.1377823,51.4618717],[-0.1378481,51.4618258],[-0.1378998,51.4617897],[-0.1379809,51.4617331],[-0.1382813,51.4615303],[-0.1388697,51.4611995],[-0.1393657,51.4609353],[-0.1414932,51.4595184],[-0.14252,51.4583413],[-0.1431273,51.4576321],[-0.1432636,51.457473],[-0.1435462,51.4571492],[-0.1449758,51.4556076],[-0.1460914,51.4544097],[-0.1465439,51.4539375],[-0.1465808,51.453899],[-0.1471973,51.4532556],[-0.1473042,51.4531216],[-0.1473332,51.4530856],[-0.1473927,51.4530117],[-0.147572,51.4527513],[-0.1477012,51.4525117],[-0.14778,51.4522647],[-0.147823,51.4521274],[-0.1478246,51.451129],[-0.1478667,51.4508106],[-0.1479426,51.4502369],[-0.1480051,51.4490408],[-0.1480163,51.4489571],[-0.1480253,51.4488776],[-0.1480397,51.4488249],[-0.1480523,51.4487692],[-0.1487346,51.4475908],[-0.1492133,51.4468922],[-0.1496033,51.4462982],[-0.1500049,51.4459604],[-0.1503941,51.4457207],[-0.1512747,51.445168],[-0.1519954,51.4443705],[-0.152462,51.4437904],[-0.15275,51.443447],[-0.1528186,51.4433718],[-0.15296,51.443199],[-0.1531195,51.4430038],[-0.1533013,51.4427826],[-0.155187,51.4404878],[-0.1559461,51.43928],[-0.1566684,51.4378739],[-0.1572287,51.4372959],[-0.1583335,51.4363843],[-0.1589128,51.4360081],[-0.1590407,51.4359333],[-0.1592987,51.4357824],[-0.1598208,51.4355269],[-0.1604979,51.4352418],[-0.1612097,51.4348656],[-0.1615151,51.4346777],[-0.1621663,51.4342415],[-0.1627351,51.4337909],[-0.1634107,51.4331139],[-0.1635821,51.4328656],[-0.1637225,51.4325488],[-0.1639167,51.4320762],[-0.1640189,51.4318777],[-0.1647738,51.4310947],[-0.1666569,51.4292455],[-0.167733,51.428231],[-0.167951,51.4279696],[-0.1681201,51.4278007],[-0.1682369,51.4276917],[-0.1686018,51.427371],[-0.1686453,51.4273327],[-0.1688352,51.4272054],[-0.169267,51.4267819],[-0.1695516,51.4264251],[-0.1699563,51.4258837],[-0.1705558,51.4251757],[-0.1706979,51.4250323],[-0.1732946,51.4230177],[-0.1735554,51.4227962],[-0.1738595,51.4225175],[-0.1741451,51.4222527],[-0.1748559,51.421495],[-0.1757839,51.4204536],[-0.1766109,51.419587],[-0.1771036,51.4190825],[-0.1776467,51.4184226],[-0.1779011,51.4181291],[-0.1779297,51.4180961],[-0.1781953,51.4178313],[-0.1783738,51.4176668],[-0.1785574,51.4175172],[-0.1788199,51.4173148],[-0.1796201,51.4169036],[-0.1799872,51.4167279],[-0.1802979,51.4166401],[-0.1805478,51.4165802],[-0.1808571,51.4165111],[-0.1820346,51.4162393],[-0.1821673,51.4162268],[-0.1836603,51.416149],[-0.1860716,51.4159848],[-0.1870526,51.4159117],[-0.188166,51.415798],[-0.1895963,51.4156937],[-0.1905944,51.4156062],[-0.1913535,51.4155232],[-0.1916553,51.4154595],[-0.191898,51.4153956],[-0.1922929,51.4152575],[-0.1924922,51.415185],[-0.192745,51.4150873],[-0.1929729,51.414988],[-0.1932934,51.4148483],[-0.1937658,51.4146188],[-0.1940562,51.4144661],[-0.1946426,51.4140087],[-0.1950819,51.4136297],[-0.1955202,51.4132362],[-0.1957482,51.4128544],[-0.1957857,51.4124841],[-0.1957616,51.4120785],[-0.1956462,51.4115495],[-0.1952681,51.4106006],[-0.1948979,51.40965],[-0.1947713,51.4089035],[-0.1946973,51.4080981],[-0.1947051,51.4042498],[-0.1947053,51.404159],[-0.1947092,51.4041324],[-0.1947086,51.4034911],[-0.1947071,51.4033833],[-0.1947049,51.4033083],[-0.1946989,51.4032429],[-0.1946906,51.4031912],[-0.1946699,51.4030814],[-0.1946558,51.4029666],[-0.1946509,51.4028689],[-0.1946534,51.4027484],[-0.194665,51.4025478],[-0.1946872,51.402391]]}},{"type":"Feature","id":"relation/20666493-0","properties":{"featureId":"relation/20666493-0","lineId":"northern","lineName":"Northern line","hasData":false,"valueDb":null},"geometry":{"type":"LineString","coordinates":[[-0.1948903,51.4033272],[-0.1949383,51.4023892],[-0.1948903,51.4033272],[-0.1948064,51.4039475],[-0.1947908,51.4040534],[-0.1947923,51.404155],[-0.1947731,51.4080971],[-0.194847,51.4089006],[-0.194973,51.4096439],[-0.1953423,51.4105921],[-0.1957212,51.4115428],[-0.1958373,51.4120755],[-0.1958616,51.4124845],[-0.1958234,51.4128619],[-0.1955899,51.4132528],[-0.1951473,51.4136502],[-0.1947068,51.4140303],[-0.1941162,51.4144909],[-0.1936162,51.4147813],[-0.1933283,51.4149248],[-0.1928677,51.4151372],[-0.1926019,51.4152376],[-0.1923542,51.4153226],[-0.19195,51.4154454],[-0.1916877,51.4154991],[-0.1913877,51.4155575],[-0.1905696,51.4156549],[-0.1895932,51.4157421],[-0.1881662,51.4158478],[-0.1870577,51.4159747],[-0.1844502,51.4161542],[-0.183474,51.416213],[-0.1821614,51.4162695],[-0.1820437,51.4162848],[-0.181257,51.4164651],[-0.1805763,51.4166274],[-0.180312,51.4166819],[-0.1800252,51.4167594],[-0.179656,51.4169271],[-0.1788843,51.4173365],[-0.1786244,51.4175581],[-0.1784608,51.4177004],[-0.1783308,51.4178376],[-0.1780571,51.4181425],[-0.1778094,51.4184245],[-0.177671,51.4185691],[-0.1766783,51.4196056],[-0.1758522,51.4204713],[-0.1748698,51.4216015],[-0.17421,51.4222663],[-0.1736261,51.4228225],[-0.1733715,51.4230346],[-0.1728216,51.4234032],[-0.1711637,51.4247402],[-0.1707886,51.4250591],[-0.1705752,51.4252681],[-0.1700334,51.4258992],[-0.1696404,51.4264384],[-0.1693501,51.4267952],[-0.1689021,51.4272305],[-0.1687207,51.4274094],[-0.1683348,51.4278007],[-0.168116,51.4280174],[-0.1678506,51.4282803],[-0.1667103,51.429309],[-0.1648741,51.4311089],[-0.1641133,51.4319057],[-0.1639997,51.4320921],[-0.1638259,51.4325588],[-0.163668,51.4328858],[-0.1634983,51.4331298],[-0.1628331,51.4338029],[-0.1622379,51.4342828],[-0.1615896,51.4347251],[-0.1612817,51.434908],[-0.1605412,51.4352905],[-0.1597279,51.4356533],[-0.1593455,51.4358287],[-0.159069,51.4359799],[-0.1583958,51.4364074],[-0.1572948,51.4373159],[-0.1567395,51.4378887],[-0.1560187,51.4392919],[-0.1552579,51.4405025],[-0.153208,51.4430921],[-0.1530038,51.443328],[-0.1528869,51.4434642],[-0.1525898,51.4438246],[-0.1520684,51.4443835],[-0.1513567,51.4451882],[-0.1504217,51.4457539],[-0.1500619,51.4459856],[-0.1496692,51.4463177],[-0.1492888,51.4469089],[-0.1488235,51.4476052],[-0.1481223,51.4487849],[-0.1480183,51.4502397],[-0.1479424,51.4508135],[-0.1479005,51.4511304],[-0.1478846,51.4521304],[-0.1477741,51.452523],[-0.1476376,51.4527761],[-0.1474632,51.4530268],[-0.1473741,51.4531375],[-0.1472662,51.4532727],[-0.1461594,51.4544277],[-0.145044,51.4556254],[-0.1444366,51.4562804],[-0.1436148,51.4571666],[-0.1433326,51.4574899],[-0.142589,51.4583582],[-0.1422229,51.4587779],[-0.1415587,51.4595394],[-0.1394243,51.4609608],[-0.13834,51.4615558],[-0.138042,51.461757],[-0.1378437,51.4618954],[-0.1376593,51.4619873],[-0.1374987,51.462044],[-0.1370773,51.462173],[-0.1370442,51.4621831],[-0.1365286,51.4623392],[-0.1348002,51.4629043],[-0.1328119,51.4636377],[-0.1308527,51.4645065],[-0.1304639,51.4647289],[-0.1301018,51.464989],[-0.1299391,51.4651343],[-0.1292202,51.4659435],[-0.1282006,51.4674349],[-0.1277488,51.4680087],[-0.1266148,51.4689677],[-0.1262923,51.4691915],[-0.1252693,51.4698928],[-0.1247669,51.4702748],[-0.1243321,51.4706053],[-0.1226354,51.4721148],[-0.1225247,51.4722106],[-0.1211786,51.4734872],[-0.119997,51.4746053],[-0.1193778,51.4751913],[-0.1189546,51.4755919],[-0.1173121,51.4771461],[-0.1169089,51.47753],[-0.1152521,51.4791075],[-0.1144797,51.4798382],[-0.1131837,51.4810573],[-0.1130284,51.4812365],[-0.1125416,51.4817981],[-0.1122267,51.482153],[-0.1117746,51.4826622],[-0.1087134,51.4856582],[-0.1073654,51.4870023],[-0.1068417,51.4876687],[-0.1067444,51.4877537],[-0.1064265,51.4880785],[-0.1057708,51.4887485],[-0.1056579,51.4888661],[-0.1056206,51.488905],[-0.1055447,51.4889988],[-0.1055079,51.4890443],[-0.1054472,51.4891727],[-0.1052972,51.489403],[-0.1052184,51.4896087],[-0.1051733,51.4898712],[-0.1051753,51.4901004],[-0.1052605,51.4903572],[-0.1053524,51.4906177],[-0.1054517,51.4907252],[-0.1056522,51.491009],[-0.1061327,51.4916694],[-0.1064562,51.4921404],[-0.1068951,51.4927722],[-0.1074809,51.4935865],[-0.1078298,51.4940658],[-0.1080406,51.4943656],[-0.1082056,51.4946453],[-0.108416,51.4949609],[-0.1089651,51.4956802],[-0.1095656,51.4965194],[-0.1098895,51.4969648],[-0.110008,51.4971434],[-0.1109312,51.4985498],[-0.111681,51.4995214],[-0.1117534,51.4996152],[-0.1119076,51.4999004],[-0.112116,51.5001764],[-0.1123887,51.5005269],[-0.1126544,51.5008708],[-0.1128607,51.5010988],[-0.1133096,51.5017264],[-0.1145223,51.5035244],[-0.1147799,51.5038951],[-0.115006,51.5041518],[-0.1152007,51.5043738],[-0.1154623,51.5046551],[-0.1157239,51.5049219],[-0.1158839,51.5050501],[-0.1162416,51.5053785],[-0.1166345,51.5056214],[-0.1170923,51.5058477],[-0.1174082,51.5059817],[-0.1180508,51.5062203],[-0.1185249,51.5063983],[-0.1190472,51.506567],[-0.1196735,51.5067262],[-0.1203169,51.5068794],[-0.1206399,51.5069466],[-0.1209649,51.5070038],[-0.1211646,51.5070353],[-0.1215826,51.5071034],[-0.1217064,51.5071251],[-0.1219211,51.5071745],[-0.1221357,51.5072381],[-0.1224029,51.5073256],[-0.1225508,51.5073906],[-0.1226906,51.5074574],[-0.1229333,51.5075874],[-0.1232448,51.5077585],[-0.1234084,51.5078326],[-0.1235663,51.5078884],[-0.1240778,51.5080188],[-0.1243824,51.5081166],[-0.1246049,51.5081928],[-0.1248354,51.5082951],[-0.1250146,51.5083831],[-0.1255408,51.5086659],[-0.1260127,51.5088889],[-0.1262713,51.5089935],[-0.1267081,51.5091443],[-0.127136,51.509292],[-0.1276055,51.5094715],[-0.1278486,51.5095884],[-0.1281112,51.5097636],[-0.1282866,51.5099373],[-0.1284162,51.5101485],[-0.1284626,51.5102741],[-0.1284851,51.5103807],[-0.1284835,51.5108256],[-0.1284718,51.5115062],[-0.1284842,51.5116581],[-0.1285118,51.5118987],[-0.1285274,51.5119869],[-0.1285331,51.5120137],[-0.1285625,51.5121199],[-0.1286053,51.5122221],[-0.128653,51.5123143],[-0.1288023,51.5125841],[-0.1291296,51.5131345],[-0.1291909,51.5132419],[-0.12938,51.5135933],[-0.1294773,51.5138276],[-0.1299979,51.515153],[-0.1302009,51.5155774],[-0.1303793,51.5160063],[-0.1303988,51.5160538],[-0.1307839,51.5169443],[-0.1309526,51.5171398],[-0.1324922,51.5187324],[-0.1343582,51.520515],[-0.1366273,51.5228698],[-0.1373356,51.5236732],[-0.1380159,51.5245174],[-0.138304,51.5250264],[-0.1384299,51.5253418],[-0.138513,51.5257874],[-0.1384925,51.5260638],[-0.1384237,51.526255],[-0.1383245,51.5263982],[-0.1381804,51.5265107],[-0.1380141,51.526604],[-0.1378183,51.5266832],[-0.1374833,51.5267976],[-0.1352413,51.5276987],[-0.1348313,51.5279423],[-0.1346152,51.5281114],[-0.1344617,51.5282527],[-0.1342045,51.5285152],[-0.1340017,51.5288297],[-0.1338665,51.5291214],[-0.1337992,51.5295171],[-0.1338223,51.529729],[-0.1339146,51.5299207],[-0.1341352,51.5302295],[-0.1343383,51.5304611],[-0.1371762,51.5330935],[-0.1385393,51.5343579],[-0.13881,51.5346716],[-0.1393283,51.5353716],[-0.1397863,51.5358371],[-0.1412747,51.5371833],[-0.1416842,51.5375986],[-0.1420298,51.5380154],[-0.1423569,51.5383903],[-0.1424867,51.5386083],[-0.1425338,51.5387581],[-0.1425566,51.5389404],[-0.1425356,51.5391473],[-0.1425014,51.5393143],[-0.1424036,51.5396902],[-0.1423407,51.5399763],[-0.1422254,51.5406844],[-0.1421324,51.5412732],[-0.1419658,51.5423176],[-0.1418092,51.5428567],[-0.141646,51.5436016],[-0.141491,51.5441371],[-0.1414719,51.5443796],[-0.1414799,51.5444525],[-0.1414942,51.5447498],[-0.1415118,51.5448371],[-0.1415775,51.5450107],[-0.1416531,51.5452497],[-0.1417204,51.5454148],[-0.1418264,51.5456071],[-0.1418947,51.5459281],[-0.1419357,51.5464381],[-0.1418935,51.5466712],[-0.1415678,51.5477671],[-0.1413721,51.5483795],[-0.1410783,51.5494436],[-0.1408672,51.5499024],[-0.1406872,51.5501013],[-0.1406006,51.5503317],[-0.1405972,51.5508573],[-0.1407678,51.5510352],[-0.1410547,51.5511971],[-0.1411985,51.5514538],[-0.1412436,51.5516995],[-0.1412679,51.5520994],[-0.1411441,51.5527849],[-0.1410159,51.5532011],[-0.1408179,51.5536091],[-0.140678,51.5538638],[-0.14016,51.5545621],[-0.1396776,51.5552766],[-0.1389168,51.5563211],[-0.1385671,51.5568859],[-0.1385346,51.5569437],[-0.1385207,51.5569681],[-0.1385007,51.5570084],[-0.1384324,51.5571482],[-0.1381589,51.5577871],[-0.1379545,51.5585309],[-0.1377263,51.5595237],[-0.1373577,51.5605767],[-0.1370651,51.5611719],[-0.1364485,51.5622921],[-0.135704,51.5636506],[-0.135098,51.56468],[-0.134967,51.5650326],[-0.1349111,51.5652497],[-0.1349379,51.5655179],[-0.1350666,51.5660364],[-0.1351582,51.5663069],[-0.1353177,51.5666195],[-0.1357826,51.5672535],[-0.1361171,51.5677333],[-0.1366924,51.5684997],[-0.1371616,51.5690545],[-0.1375321,51.5694705],[-0.1379366,51.5698997],[-0.1398706,51.5720222],[-0.1408878,51.5730611],[-0.143807,51.576041],[-0.1443894,51.5766318],[-0.1448048,51.5769759],[-0.1453732,51.5773102],[-0.1459454,51.5775541],[-0.1465746,51.5778165],[-0.1469398,51.5779689],[-0.1477652,51.5783095],[-0.1520889,51.5801082],[-0.1583963,51.583515],[-0.1599768,51.5843587],[-0.1610908,51.5850589],[-0.1621096,51.5855951],[-0.162481,51.5857802],[-0.1628081,51.5859767],[-0.1632161,51.5862113],[-0.1635168,51.5863726],[-0.163775,51.5865067],[-0.1642559,51.5867414],[-0.1646804,51.5869588],[-0.1650691,51.5871633],[-0.1654115,51.5873739],[-0.1657322,51.587587],[-0.1659911,51.587748],[-0.1662271,51.5879346],[-0.1665463,51.5881779],[-0.1667048,51.5883009],[-0.166903,51.5884546],[-0.1677345,51.5890828],[-0.1682549,51.5894911],[-0.1689415,51.590011],[-0.1694268,51.5904227],[-0.1699506,51.5907883],[-0.1702973,51.5910303],[-0.1709517,51.5914302],[-0.1719495,51.5919835],[-0.1728806,51.5924588],[-0.17313,51.5925753],[-0.1735347,51.5927688],[-0.1784435,51.5948963],[-0.1792136,51.5952245],[-0.181923,51.5963903],[-0.184129,51.5973179],[-0.1864754,51.598325],[-0.1876696,51.5988176],[-0.1885597,51.59914],[-0.1889615,51.5992954],[-0.1902919,51.5998535],[-0.1908139,51.6000772],[-0.1910441,51.6001759],[-0.1916046,51.6004046],[-0.1922709,51.6006923],[-0.1926765,51.600867],[-0.193426,51.601237],[-0.1938307,51.6014323],[-0.1939923,51.601512],[-0.1941682,51.6015942],[-0.1945836,51.6017749],[-0.1946351,51.6017948],[-0.1954902,51.602161],[-0.1962221,51.6024814],[-0.1965193,51.6026134],[-0.1972521,51.6029279],[-0.1980746,51.6033069],[-0.1981138,51.603326],[-0.1982514,51.6033944],[-0.1991263,51.6038117],[-0.1998689,51.6041346],[-0.2012133,51.604699],[-0.2030246,51.6054707],[-0.2035968,51.6057341],[-0.2042316,51.6059909],[-0.2046151,51.6061475],[-0.204937,51.6062807],[-0.2054251,51.6064889],[-0.2059616,51.6067305],[-0.2066808,51.6070368],[-0.2068693,51.6071203],[-0.2073693,51.6073358],[-0.2078253,51.6075273],[-0.2082545,51.6076989],[-0.2085955,51.6078299],[-0.2088526,51.607922],[-0.2093448,51.6080622],[-0.2101489,51.6082557]]}},{"type":"Feature","id":"relation/20673048-0","properties":{"featureId":"relation/20673048-0","lineId":"northern","lineName":"Northern line","hasData":false,"valueDb":null},"geometry":{"type":"LineString","coordinates":[[-0.2101489,51.6082557],[-0.2093448,51.6080622],[-0.2088526,51.607922],[-0.2085955,51.6078299],[-0.2082545,51.6076989],[-0.2078253,51.6075273],[-0.2073693,51.6073358],[-0.2068693,51.6071203],[-0.2066808,51.6070368],[-0.2059616,51.6067305],[-0.2054251,51.6064889],[-0.204937,51.6062807],[-0.2046151,51.6061475],[-0.2042316,51.6059909],[-0.2035968,51.6057341],[-0.2030246,51.6054707],[-0.2012133,51.604699],[-0.1998689,51.6041346],[-0.1991263,51.6038117],[-0.1982514,51.6033944],[-0.1981138,51.603326],[-0.1980746,51.6033069],[-0.1979213,51.6032465],[-0.1977277,51.6031704],[-0.1974135,51.6030609],[-0.1971664,51.6029775],[-0.196957,51.6029017],[-0.196653,51.6027704],[-0.1956375,51.6023242],[-0.194285,51.6017475],[-0.1940791,51.6016616],[-0.1937022,51.6015007],[-0.1932038,51.6012784],[-0.1925518,51.600967],[-0.1919441,51.6006832],[-0.1910632,51.6002797],[-0.1908172,51.6001744],[-0.1903288,51.59997],[-0.1887389,51.5993053],[-0.1876285,51.5988605],[-0.1864697,51.598374],[-0.1851984,51.5978375],[-0.1840799,51.597341],[-0.1818737,51.5964184],[-0.1809766,51.5960147],[-0.1792335,51.5952862],[-0.1769881,51.5943218],[-0.1748477,51.593392],[-0.1730479,51.5925972],[-0.1728285,51.5924899],[-0.1714682,51.5917823],[-0.170701,51.5913291],[-0.1694887,51.5905392],[-0.1688235,51.5900626],[-0.1679868,51.5894445],[-0.1669781,51.5886428],[-0.1664487,51.5882412],[-0.1662191,51.5881045],[-0.1658865,51.5879229],[-0.1652068,51.5875728],[-0.1646125,51.5872342],[-0.1644371,51.5871256],[-0.1642918,51.5870357],[-0.1638677,51.5867828],[-0.1634599,51.5865579],[-0.162821,51.5862428],[-0.1624074,51.5860301],[-0.1622249,51.5859421],[-0.1617651,51.5856941],[-0.1613133,51.5854164],[-0.1609521,51.5851675],[-0.1598402,51.5844575],[-0.1582592,51.5836136],[-0.1519613,51.5802119],[-0.1476489,51.5784179],[-0.1468234,51.5780772],[-0.1464578,51.5779247],[-0.1458277,51.5776619],[-0.1452411,51.5774118],[-0.1446478,51.5770629],[-0.1442158,51.5767051],[-0.1436281,51.5761089],[-0.1407087,51.5731288],[-0.1396898,51.5720882],[-0.137755,51.5699647],[-0.1373499,51.569535],[-0.1369771,51.5691164],[-0.1365045,51.5685576],[-0.1359259,51.5677868],[-0.135591,51.5673064],[-0.1351217,51.5666664],[-0.1349552,51.5663401],[-0.1348603,51.5660598],[-0.1347307,51.5655378],[-0.1347353,51.565286],[-0.1347906,51.5650137],[-0.1349317,51.5646488],[-0.1355405,51.5636147],[-0.1362844,51.5622573],[-0.1369001,51.5611387],[-0.1371898,51.5605494],[-0.1375555,51.5595046],[-0.1377832,51.5585142],[-0.1379893,51.5577641],[-0.1382656,51.5571186],[-0.1383349,51.5569769],[-0.138356,51.5569343],[-0.138371,51.5569079],[-0.1384043,51.5568487],[-0.1387568,51.5562795],[-0.1395186,51.5552335],[-0.1400013,51.5545186],[-0.1405168,51.5538237],[-0.1406528,51.5535761],[-0.1408473,51.5531753],[-0.1409725,51.5527687],[-0.1410941,51.5520954],[-0.1410706,51.5517077],[-0.1410275,51.5514729],[-0.1408173,51.550944],[-0.1407567,51.5506794],[-0.1407436,51.5503331],[-0.1407613,51.5499534],[-0.1409074,51.5494254],[-0.1412016,51.5483599],[-0.1413975,51.5477468],[-0.1417219,51.5466554],[-0.1417618,51.5464347],[-0.1417219,51.5459379],[-0.1416545,51.5456212],[-0.14159,51.5454689],[-0.1415253,51.5452431],[-0.1414514,51.544971],[-0.1414277,51.5448494],[-0.1414107,51.5447271],[-0.1414201,51.5445965],[-0.1413999,51.5441348],[-0.1415562,51.5436098],[-0.1417195,51.5428537],[-0.1418758,51.5423092],[-0.1419974,51.5412744],[-0.1422164,51.5399631],[-0.1423225,51.53946],[-0.1423338,51.5393789],[-0.142376,51.5391387],[-0.142371,51.5389405],[-0.1423539,51.5388048],[-0.1423345,51.5387256],[-0.1422972,51.538629],[-0.1421481,51.5383988],[-0.1418988,51.5380439],[-0.1415234,51.5375979],[-0.1411568,51.5372221],[-0.1396692,51.5358747],[-0.1391752,51.5353624],[-0.1383723,51.5344326],[-0.1351626,51.5314036],[-0.1340511,51.5302912],[-0.133816,51.5299611],[-0.1337164,51.5297318],[-0.1336789,51.5294921],[-0.1337084,51.5290409],[-0.1337292,51.528765],[-0.1338263,51.5285354],[-0.1340079,51.5282784],[-0.134245,51.5281005],[-0.1346552,51.5278761],[-0.1351946,51.5276434],[-0.1374375,51.526765],[-0.1377977,51.5266263],[-0.1379517,51.526561],[-0.1380724,51.526495],[-0.1382252,51.5263727],[-0.1383218,51.5262354],[-0.1383644,51.5260668],[-0.1383486,51.5258664],[-0.1382985,51.5256805],[-0.1377493,51.5246057],[-0.1376199,51.5243342],[-0.1372014,51.5237134],[-0.1365076,51.5229396],[-0.1342306,51.5205525],[-0.1322281,51.5186402],[-0.13077,51.5170681],[-0.130257,51.5161311],[-0.1298795,51.5153108],[-0.1298428,51.5152395],[-0.1295624,51.5142286],[-0.1292277,51.5135043],[-0.1291284,51.5133243],[-0.1290075,51.5131293],[-0.1286892,51.5126122],[-0.1284467,51.5122506],[-0.1284053,51.5121391],[-0.1283719,51.5120312],[-0.1283659,51.512005],[-0.1283486,51.5119071],[-0.1283281,51.5117756],[-0.1282939,51.5115114],[-0.1283384,51.5105866],[-0.1283136,51.5104159],[-0.1282658,51.5102705],[-0.1282221,51.5101706],[-0.1280943,51.5099766],[-0.1279306,51.5098083],[-0.1277573,51.5096808],[-0.127528,51.5095608],[-0.1269817,51.5093491],[-0.1261234,51.509086],[-0.1259736,51.5090324],[-0.1254327,51.5087886],[-0.1249331,51.508528],[-0.1246601,51.508383],[-0.1244833,51.508308],[-0.1243005,51.5082517],[-0.1240536,51.5081845],[-0.1236349,51.5080843],[-0.1233373,51.5080115],[-0.1231083,51.5079465],[-0.1226092,51.5077706],[-0.1218816,51.5075217],[-0.1212571,51.5073317],[-0.120513,51.5071146],[-0.1199824,51.5069496],[-0.1191213,51.5066784],[-0.118532,51.5065004],[-0.1179753,51.5062991],[-0.1172844,51.506032],[-0.1169942,51.5059059],[-0.1165286,51.5056799],[-0.1161294,51.5054327],[-0.1156485,51.5050012],[-0.1153813,51.5047519],[-0.1150074,51.5044263],[-0.1147909,51.5041952],[-0.1145803,51.5039515],[-0.1143104,51.5035706],[-0.1131083,51.5017708],[-0.1127095,51.5012239],[-0.1125183,51.5009122],[-0.112315,51.5005531],[-0.1120554,51.5002178],[-0.1118122,51.4998792],[-0.1116998,51.4996706],[-0.1113127,51.4991714],[-0.1108004,51.4985038],[-0.1100045,51.4972788],[-0.1098107,51.4969856],[-0.1094861,51.4965223],[-0.1089243,51.4957203],[-0.1083158,51.4949416],[-0.1080836,51.4946088],[-0.1078972,51.4943958],[-0.1076542,51.4941828],[-0.1072731,51.4938895],[-0.1071554,51.4938272],[-0.1070459,51.4937692],[-0.1063919,51.4933774],[-0.105676,51.4929723],[-0.1048517,51.4925014],[-0.1043721,51.4922128],[-0.1041182,51.4920144],[-0.103981,51.4918822],[-0.1037517,51.4916307],[-0.1036364,51.4914678],[-0.1035415,51.4912532],[-0.1035331,51.490993],[-0.1035342,51.4908172],[-0.1036191,51.4905513],[-0.1037358,51.4903131],[-0.1038425,51.4901433],[-0.1040668,51.4898358],[-0.1042273,51.4896799],[-0.1047197,51.4893079],[-0.1063789,51.487594],[-0.1064414,51.4875283],[-0.1066219,51.4872779],[-0.1066988,51.4871647],[-0.1067937,51.4869276],[-0.1068521,51.4866532],[-0.1069082,51.4860502],[-0.1068851,51.4858756],[-0.1068828,51.4856555],[-0.106897,51.4854737],[-0.1069332,51.4852642],[-0.1069838,51.4850639],[-0.1071171,51.4847411],[-0.1073985,51.4842568],[-0.1076509,51.4839253],[-0.1081129,51.4834575],[-0.1084231,51.4832198],[-0.1090111,51.4828367],[-0.1095988,51.4825342],[-0.1101179,51.482312],[-0.1107649,51.482111],[-0.1111699,51.4820031],[-0.1115785,51.4819106],[-0.1122758,51.4817731],[-0.1125206,51.4817255],[-0.113659,51.4815318],[-0.1138694,51.481496],[-0.1146899,51.4813536],[-0.1161192,51.4810998],[-0.1161682,51.4810913],[-0.1174423,51.4808698],[-0.1212467,51.4802039],[-0.1218202,51.4800992],[-0.1227499,51.479933],[-0.1237348,51.479772],[-0.1237846,51.4797639],[-0.1241818,51.4796939],[-0.1245303,51.4796372],[-0.1250993,51.4795698],[-0.1258002,51.4795397],[-0.1264872,51.4795649],[-0.1271105,51.4796125],[-0.1278692,51.4797356],[-0.1282145,51.4797958],[-0.1304351,51.4802358],[-0.1321309,51.4805616],[-0.1327529,51.4806916],[-0.1334825,51.4808434],[-0.1345389,51.4810239],[-0.1357736,51.4811482],[-0.1367445,51.4811794],[-0.1377171,51.4811588],[-0.138629,51.4810986],[-0.1390352,51.4810589],[-0.1394619,51.4809903],[-0.1397937,51.4809166],[-0.140371,51.4807353],[-0.1411037,51.4804531],[-0.1412414,51.4803933],[-0.1415276,51.480252],[-0.1421134,51.4799719],[-0.1438791,51.4790947]]}},{"type":"Feature","id":"relation/20673104-0","properties":{"featureId":"relation/20673104-0","lineId":"northern","lineName":"Northern line","hasData":false,"valueDb":null},"geometry":{"type":"LineString","coordinates":[[-0.1423914,51.4799625],[-0.1423141,51.4799973],[-0.1422006,51.4800561],[-0.1416081,51.4803279],[-0.1412106,51.4805255],[-0.1411132,51.4805693],[-0.1404689,51.4808318],[-0.1399662,51.4810029],[-0.1395649,51.4811213],[-0.139204,51.4812078],[-0.1387474,51.4812888],[-0.1382726,51.4813553],[-0.1378615,51.4813905],[-0.1372368,51.4814306],[-0.1367359,51.4814388],[-0.135727,51.4813991],[-0.1350637,51.4813231],[-0.1338417,51.4811018],[-0.1328324,51.4808966],[-0.1311348,51.4805644],[-0.130543,51.4804457],[-0.1285787,51.4800567],[-0.1283125,51.480004],[-0.1275076,51.479853],[-0.1268078,51.4797536],[-0.1264165,51.4797137],[-0.1259505,51.4796913],[-0.1251772,51.4797249],[-0.1245066,51.4798017],[-0.1241288,51.4798658],[-0.1229256,51.4800977],[-0.1218836,51.4803109],[-0.1211055,51.4804631],[-0.1196128,51.4807533],[-0.118114,51.4810492],[-0.116203,51.4814391],[-0.115616,51.4816046],[-0.1149668,51.4818596],[-0.1143241,51.4822032],[-0.113809,51.4825542],[-0.1135051,51.4828173],[-0.1130851,51.4832998],[-0.1128575,51.4836813],[-0.1124967,51.4844752],[-0.1122621,51.4848844],[-0.1121206,51.4850951],[-0.1118577,51.485364],[-0.1112792,51.4858368],[-0.1108103,51.4861153],[-0.1103376,51.4863519],[-0.1101861,51.4864093],[-0.1099105,51.4865175],[-0.1094359,51.4866664],[-0.1086723,51.4868693],[-0.1082665,51.4870026],[-0.1080736,51.487082],[-0.1078815,51.4871536],[-0.1076874,51.4872164],[-0.1075398,51.487286],[-0.1073097,51.487413],[-0.1070866,51.4875318],[-0.1068417,51.4876687],[-0.1067444,51.4877537],[-0.1064265,51.4880785],[-0.1057708,51.4887485],[-0.1056579,51.4888661],[-0.1056206,51.488905],[-0.1055447,51.4889988],[-0.1055079,51.4890443],[-0.1054472,51.4891727],[-0.1052972,51.489403],[-0.1052184,51.4896087],[-0.1051733,51.4898712],[-0.1051753,51.4901004],[-0.1052605,51.4903572],[-0.1053524,51.4906177],[-0.1054517,51.4907252],[-0.1056522,51.491009],[-0.1061327,51.4916694],[-0.1064562,51.4921404],[-0.1068951,51.4927722],[-0.1074809,51.4935865],[-0.1078298,51.4940658],[-0.1080406,51.4943656],[-0.1082056,51.4946453],[-0.108416,51.4949609],[-0.1089651,51.4956802],[-0.1095656,51.4965194],[-0.1098895,51.4969648],[-0.110008,51.4971434],[-0.1109312,51.4985498],[-0.111681,51.4995214],[-0.1117534,51.4996152],[-0.1119076,51.4999004],[-0.112116,51.5001764],[-0.1123887,51.5005269],[-0.1126544,51.5008708],[-0.1128607,51.5010988],[-0.1133096,51.5017264],[-0.1145223,51.5035244],[-0.1147799,51.5038951],[-0.115006,51.5041518],[-0.1152007,51.5043738],[-0.1154623,51.5046551],[-0.1157239,51.5049219],[-0.1158839,51.5050501],[-0.1162416,51.5053785],[-0.1166345,51.5056214],[-0.1170923,51.5058477],[-0.1174082,51.5059817],[-0.1180508,51.5062203],[-0.1185249,51.5063983],[-0.1190472,51.506567],[-0.1196735,51.5067262],[-0.1203169,51.5068794],[-0.1206399,51.5069466],[-0.1209649,51.5070038],[-0.1211646,51.5070353],[-0.1215826,51.5071034],[-0.1217064,51.5071251],[-0.1219211,51.5071745],[-0.1221357,51.5072381],[-0.1224029,51.5073256],[-0.1225508,51.5073906],[-0.1226906,51.5074574],[-0.1229333,51.5075874],[-0.1232448,51.5077585],[-0.1234084,51.5078326],[-0.1235663,51.5078884],[-0.1240778,51.5080188],[-0.1243824,51.5081166],[-0.1246049,51.5081928],[-0.1248354,51.5082951],[-0.1250146,51.5083831],[-0.1255408,51.5086659],[-0.1260127,51.5088889],[-0.1262713,51.5089935],[-0.1267081,51.5091443],[-0.127136,51.509292],[-0.1276055,51.5094715],[-0.1278486,51.5095884],[-0.1281112,51.5097636],[-0.1282866,51.5099373],[-0.1284162,51.5101485],[-0.1284626,51.5102741],[-0.1284851,51.5103807],[-0.1284835,51.5108256],[-0.1284718,51.5115062],[-0.1284842,51.5116581],[-0.1285118,51.5118987],[-0.1285274,51.5119869],[-0.1285331,51.5120137],[-0.1285625,51.5121199],[-0.1286053,51.5122221],[-0.128653,51.5123143],[-0.1288023,51.5125841],[-0.1291296,51.5131345],[-0.1291909,51.5132419],[-0.12938,51.5135933],[-0.1294773,51.5138276],[-0.1299979,51.515153],[-0.1302009,51.5155774],[-0.1303793,51.5160063],[-0.1303988,51.5160538],[-0.1307839,51.5169443],[-0.1309526,51.5171398],[-0.1324922,51.5187324],[-0.1343582,51.520515],[-0.1366273,51.5228698],[-0.1373356,51.5236732],[-0.1380159,51.5245174],[-0.138304,51.5250264],[-0.1384299,51.5253418],[-0.138513,51.5257874],[-0.1384925,51.5260638],[-0.1384237,51.526255],[-0.1383245,51.5263982],[-0.1381804,51.5265107],[-0.1380141,51.526604],[-0.1378183,51.5266832],[-0.1374833,51.5267976],[-0.1352413,51.5276987],[-0.1348313,51.5279423],[-0.1346152,51.5281114],[-0.1344617,51.5282527],[-0.1342045,51.5285152],[-0.1340017,51.5288297],[-0.1338665,51.5291214],[-0.1337992,51.5295171],[-0.1338223,51.529729],[-0.1339146,51.5299207],[-0.1341352,51.5302295],[-0.1343383,51.5304611],[-0.1371762,51.5330935],[-0.1385393,51.5343579],[-0.13881,51.5346716],[-0.1393283,51.5353716],[-0.1397863,51.5358371],[-0.1412747,51.5371833],[-0.1416842,51.5375986],[-0.1420298,51.5380154],[-0.1423569,51.5383903],[-0.1424867,51.5386083],[-0.1425338,51.5387581],[-0.1425566,51.5389404],[-0.1425356,51.5391473],[-0.1425014,51.5393143],[-0.1424036,51.5396902],[-0.1423407,51.5399763],[-0.1422254,51.5406844],[-0.1421324,51.5412732],[-0.1419658,51.5423176],[-0.1418092,51.5428567],[-0.141646,51.5436016],[-0.141491,51.5441371],[-0.1414719,51.5443796],[-0.1414799,51.5444525],[-0.1414942,51.5447498],[-0.1415118,51.5448371],[-0.1415775,51.5450107],[-0.1416531,51.5452497],[-0.1417204,51.5454148],[-0.1418264,51.5456071],[-0.1418947,51.5459281],[-0.1419357,51.5464381],[-0.1418935,51.5466712],[-0.1415678,51.5477671],[-0.1413721,51.5483795],[-0.1410783,51.5494436],[-0.1408672,51.5499024],[-0.1406872,51.5501013],[-0.1406006,51.5503317],[-0.1405972,51.5508573],[-0.1407678,51.5510352],[-0.1410547,51.5511971],[-0.1411985,51.5514538],[-0.1412436,51.5516995],[-0.1412679,51.5520994],[-0.1411441,51.5527849],[-0.1410159,51.5532011],[-0.1408179,51.5536091],[-0.140678,51.5538638],[-0.14016,51.5545621],[-0.1396776,51.5552766],[-0.1389168,51.5563211],[-0.1385671,51.5568859],[-0.1385346,51.5569437],[-0.1385207,51.5569681],[-0.1385007,51.5570084],[-0.1384324,51.5571482],[-0.1381589,51.5577871],[-0.1379545,51.5585309],[-0.1377263,51.5595237],[-0.1373577,51.5605767],[-0.1370651,51.5611719],[-0.1364485,51.5622921],[-0.135704,51.5636506],[-0.135098,51.56468],[-0.134967,51.5650326],[-0.1349111,51.5652497],[-0.1349379,51.5655179],[-0.1350666,51.5660364],[-0.1351582,51.5663069],[-0.1353177,51.5666195],[-0.1357826,51.5672535],[-0.1361171,51.5677333],[-0.1366924,51.5684997],[-0.1371616,51.5690545],[-0.1375321,51.5694705],[-0.1379366,51.5698997],[-0.1398706,51.5720222],[-0.1408878,51.5730611],[-0.143807,51.576041],[-0.1443894,51.5766318],[-0.1448048,51.5769759],[-0.1453732,51.5773102],[-0.1459454,51.5775541],[-0.1465746,51.5778165],[-0.1469398,51.5779689],[-0.1477652,51.5783095],[-0.1520889,51.5801082],[-0.1583963,51.583515],[-0.1599768,51.5843587],[-0.1610908,51.5850589],[-0.1621096,51.5855951],[-0.162481,51.5857802],[-0.1628081,51.5859767],[-0.1632161,51.5862113],[-0.1635168,51.5863726],[-0.163775,51.5865067],[-0.1642559,51.5867414],[-0.1646804,51.5869588],[-0.1650691,51.5871633],[-0.1654115,51.5873739],[-0.1657322,51.587587],[-0.1659911,51.587748],[-0.1662271,51.5879346],[-0.1665463,51.5881779],[-0.1667048,51.5883009],[-0.166903,51.5884546],[-0.1677345,51.5890828],[-0.1682549,51.5894911],[-0.1689415,51.590011],[-0.1694268,51.5904227],[-0.1699506,51.5907883],[-0.1702973,51.5910303],[-0.1709517,51.5914302],[-0.1719495,51.5919835],[-0.1728806,51.5924588],[-0.17313,51.5925753],[-0.1735347,51.5927688],[-0.1784435,51.5948963],[-0.1792136,51.5952245],[-0.181923,51.5963903],[-0.184129,51.5973179],[-0.1864754,51.598325],[-0.1876696,51.5988176],[-0.1885597,51.59914],[-0.1889615,51.5992954],[-0.1902919,51.5998535],[-0.1908139,51.6000772],[-0.1910441,51.6001759],[-0.1916046,51.6004046],[-0.1922709,51.6006923],[-0.1926765,51.600867],[-0.193426,51.601237],[-0.1938307,51.6014323],[-0.1939923,51.601512],[-0.1941682,51.6015942],[-0.1945836,51.6017749],[-0.1946351,51.6017948],[-0.1954902,51.602161],[-0.1962221,51.6024814],[-0.1965193,51.6026134],[-0.1972521,51.6029279],[-0.1980746,51.6033069],[-0.1981138,51.603326],[-0.1982514,51.6033944],[-0.1991263,51.6038117],[-0.1998689,51.6041346],[-0.2012133,51.604699],[-0.2030246,51.6054707],[-0.2035968,51.6057341],[-0.2042316,51.6059909],[-0.2046151,51.6061475],[-0.204937,51.6062807],[-0.2054251,51.6064889],[-0.2059616,51.6067305],[-0.2066808,51.6070368],[-0.2068693,51.6071203],[-0.2073693,51.6073358],[-0.2078253,51.6075273],[-0.2082545,51.6076989],[-0.2085955,51.6078299],[-0.2088526,51.607922],[-0.2093448,51.6080622],[-0.2101489,51.6082557]]}}],"meta":{"source":"osm-tube-geometry","coveredLines":["central","bakerloo","northern"],"featureCount":47,"retrievedAt":"2026-07-16T11:15:18.927Z","note":"Full line tracks for lines with public-noise observations; grey = no measured section"}}