{"type":"FeatureCollection","features":[{"type":"Feature","id":"central:ruislipgardensundergroundstation__southruislip","properties":{"segmentId":"central:ruislipgardensundergroundstation__southruislip","lineId":"central","lineName":"Central","fromStation":"Ruislip Gardens Underground Station","toStation":"South Ruislip","fromStationId":"940GZZLURSG","toStationId":"HUBSRU","valueDb":75.5,"passengerValueDb":75.5,"cabValueDb":74,"metric":"LAeq","unit":"dBA","observationCount":2,"dateMin":"2023-07-08","dateMax":"2023-07-08","positions":["standing"],"sourceIds":["central-r3291"],"rights":"unknown","confidenceTier":"A","geometryFallback":false,"hasPassenger":true,"hasCab":true},"geometry":{"type":"LineString","coordinates":[[-0.4104344,51.5606927],[-0.4095818,51.5604246],[-0.4073837,51.5597334],[-0.4071368,51.5596523],[-0.406019,51.5592643],[-0.4048907,51.5588792],[-0.4035606,51.558402],[-0.4027819,51.5581469],[-0.4018764,51.5578572],[-0.4005864,51.5574418],[-0.3983645,51.5567088]]}},{"type":"Feature","id":"central:northoltundergroundstation__southruislip","properties":{"segmentId":"central:northoltundergroundstation__southruislip","lineId":"central","lineName":"Central","fromStation":"South Ruislip","toStation":"Northolt Underground Station","fromStationId":"HUBSRU","toStationId":"940GZZLUNHT","valueDb":77,"passengerValueDb":77,"cabValueDb":77,"metric":"LAeq","unit":"dBA","observationCount":2,"dateMin":"2023-07-08","dateMax":"2023-07-08","positions":["standing"],"sourceIds":["central-r3291"],"rights":"unknown","confidenceTier":"A","geometryFallback":false,"hasPassenger":true,"hasCab":true},"geometry":{"type":"LineString","coordinates":[[-0.3983645,51.5567088],[-0.3983104,51.5566888],[-0.3980628,51.5566033],[-0.3976496,51.55645],[-0.3972286,51.5562833],[-0.3959033,51.5557372],[-0.3945829,51.5552097],[-0.3915252,51.5539897],[-0.3909396,51.5537581],[-0.3904233,51.5535601],[-0.3900173,51.5534135],[-0.3893241,51.5531888],[-0.388745,51.553024],[-0.3881799,51.5528862],[-0.3875159,51.5527478],[-0.3867124,51.5526189],[-0.3857624,51.5524862],[-0.3856653,51.5524716],[-0.3845241,51.5522762],[-0.3840545,51.5521762],[-0.3835169,51.5520512],[-0.3819982,51.551668],[-0.3796284,51.551066],[-0.3766454,51.5503078],[-0.3737206,51.5495635],[-0.3717896,51.549073],[-0.3704472,51.5487293],[-0.3703661,51.548709]]}},{"type":"Feature","id":"central:greenford__northoltundergroundstation","properties":{"segmentId":"central:greenford__northoltundergroundstation","lineId":"central","lineName":"Central","fromStation":"Northolt Underground Station","toStation":"Greenford","fromStationId":"940GZZLUNHT","toStationId":"HUBGFD","valueDb":79,"passengerValueDb":79,"cabValueDb":72.5,"metric":"LAeq","unit":"dBA","observationCount":2,"dateMin":"2023-07-08","dateMax":"2023-07-08","positions":["standing"],"sourceIds":["central-r3291"],"rights":"unknown","confidenceTier":"A","geometryFallback":false,"hasPassenger":true,"hasCab":true},"geometry":{"type":"LineString","coordinates":[[-0.3703661,51.548709],[-0.3684812,51.5482314],[-0.3675595,51.5479972],[-0.3661129,51.5476335],[-0.3656933,51.5475288],[-0.3642511,51.5471644],[-0.3625788,51.5467305],[-0.3594726,51.5459366],[-0.356849,51.5452598],[-0.3561924,51.5450826],[-0.3538769,51.5444743],[-0.3531222,51.5442644],[-0.3525312,51.5440908],[-0.3522296,51.5440066],[-0.3509536,51.5436688],[-0.3493996,51.5432988],[-0.347598,51.542872],[-0.3464948,51.5426012],[-0.3462356,51.5425403],[-0.3460122,51.5424841],[-0.3458968,51.542455]]}},{"type":"Feature","id":"central:greenford__perivaleundergroundstation","properties":{"segmentId":"central:greenford__perivaleundergroundstation","lineId":"central","lineName":"Central","fromStation":"Greenford","toStation":"Perivale Underground Station","fromStationId":"HUBGFD","toStationId":"940GZZLUPVL","valueDb":77.5,"passengerValueDb":77.5,"cabValueDb":77.5,"metric":"LAeq","unit":"dBA","observationCount":2,"dateMin":"2023-07-08","dateMax":"2023-07-08","positions":["standing"],"sourceIds":["central-r3291"],"rights":"unknown","confidenceTier":"A","geometryFallback":false,"hasPassenger":true,"hasCab":true},"geometry":{"type":"LineString","coordinates":[[-0.3458968,51.542455],[-0.3458028,51.5424313],[-0.3457662,51.5424221],[-0.3455722,51.5423733],[-0.3447915,51.5421781],[-0.3434869,51.5418472],[-0.3431005,51.5417421],[-0.3429224,51.5416906],[-0.340487,51.541006],[-0.3398582,51.5408455],[-0.339421,51.5407288],[-0.3352112,51.539622],[-0.3346219,51.5394823],[-0.3336333,51.5392796],[-0.3326543,51.5390591],[-0.3295925,51.5383204],[-0.3265467,51.5375555],[-0.3242788,51.5369744],[-0.3240287,51.5369063],[-0.3234176,51.5367531],[-0.3228789,51.536613],[-0.3225593,51.5365308]]}},{"type":"Feature","id":"central:hangerlaneundergroundstation__perivaleundergroundstation","properties":{"segmentId":"central:hangerlaneundergroundstation__perivaleundergroundstation","lineId":"central","lineName":"Central","fromStation":"Perivale Underground Station","toStation":"Hanger Lane Underground Station","fromStationId":"940GZZLUPVL","toStationId":"940GZZLUHGR","valueDb":78.5,"passengerValueDb":78.5,"cabValueDb":78,"metric":"LAeq","unit":"dBA","observationCount":2,"dateMin":"2023-07-08","dateMax":"2023-07-08","positions":["standing"],"sourceIds":["central-r3291"],"rights":"unknown","confidenceTier":"A","geometryFallback":false,"hasPassenger":true,"hasCab":true},"geometry":{"type":"LineString","coordinates":[[-0.2938647,51.5302899],[-0.2946051,51.5304316],[-0.295477,51.5305939],[-0.2960931,51.5307147],[-0.2972531,51.5308899],[-0.2983964,51.5310483],[-0.2986128,51.5310823],[-0.3004804,51.5312979],[-0.3015554,51.5314431],[-0.3026212,51.5316106],[-0.3031187,51.5316918],[-0.3041799,51.5318827],[-0.3052284,51.532089],[-0.3064045,51.5323772],[-0.3076821,51.5326962],[-0.3079502,51.532769],[-0.3081606,51.5328262],[-0.3094972,51.5331619],[-0.3098051,51.5332428],[-0.3194551,51.5357049],[-0.3196904,51.5357674],[-0.3216748,51.5362358],[-0.3218328,51.5362733],[-0.3220577,51.5363245],[-0.3222966,51.5363763],[-0.3224872,51.5364184],[-0.3226564,51.5364568]]}},{"type":"Feature","id":"central:hangerlaneundergroundstation__northactonundergroundstation","properties":{"segmentId":"central:hangerlaneundergroundstation__northactonundergroundstation","lineId":"central","lineName":"Central","fromStation":"Hanger Lane Underground Station","toStation":"North Acton Underground Station","fromStationId":"940GZZLUHGR","toStationId":"940GZZLUNAN","valueDb":77.5,"passengerValueDb":77.5,"cabValueDb":77.5,"metric":"LAeq","unit":"dBA","observationCount":2,"dateMin":"2023-07-08","dateMax":"2023-07-08","positions":["standing"],"sourceIds":["central-r3291"],"rights":"unknown","confidenceTier":"A","geometryFallback":false,"hasPassenger":true,"hasCab":true},"geometry":{"type":"LineString","coordinates":[[-0.2600785,51.5236305],[-0.2609983,51.5238561],[-0.2613085,51.5239211],[-0.2634783,51.5243541],[-0.2635806,51.5243745],[-0.2638922,51.5244379],[-0.2640225,51.5244628],[-0.2646415,51.5246147],[-0.2655159,51.5248433],[-0.2657539,51.5248981],[-0.2660344,51.5249572],[-0.2662625,51.5249985],[-0.2664354,51.5250218],[-0.2665344,51.5250315],[-0.2667214,51.5250411],[-0.2670072,51.5250498],[-0.2673066,51.5250564],[-0.2676202,51.5250637],[-0.2678811,51.5250792],[-0.2681258,51.5250999],[-0.2683668,51.5251278],[-0.2685738,51.5251549],[-0.2689617,51.5252248],[-0.269188,51.5252725],[-0.2695347,51.5253643],[-0.2697276,51.5254226],[-0.2701488,51.525565],[-0.2705666,51.5257084],[-0.2708743,51.5258201],[-0.2711817,51.5259059],[-0.2715696,51.5260027],[-0.2720109,51.526095],[-0.2783249,51.5273434],[-0.2823094,51.5281284],[-0.2849532,51.5285934],[-0.286264,51.5288496],[-0.287569,51.5291209],[-0.2885807,51.529332],[-0.2896125,51.5295355],[-0.290523,51.5297214],[-0.2913616,51.5298934],[-0.2918014,51.529967],[-0.2922062,51.530028],[-0.2928383,51.5301164],[-0.2933143,51.5301886],[-0.2938647,51.5302899]]}},{"type":"Feature","id":"central:eastactonundergroundstation__northactonundergroundstation","properties":{"segmentId":"central:eastactonundergroundstation__northactonundergroundstation","lineId":"central","lineName":"Central","fromStation":"North Acton Underground Station","toStation":"East Acton Underground Station","fromStationId":"940GZZLUNAN","toStationId":"940GZZLUEAN","valueDb":76,"passengerValueDb":76,"cabValueDb":73.5,"metric":"LAeq","unit":"dBA","observationCount":2,"dateMin":"2023-07-08","dateMax":"2023-07-08","positions":["standing"],"sourceIds":["central-r3291"],"rights":"unknown","confidenceTier":"A","geometryFallback":false,"hasPassenger":true,"hasCab":true},"geometry":{"type":"LineString","coordinates":[[-0.2599555,51.5237233],[-0.259194,51.5235534],[-0.2586135,51.5234235],[-0.2579811,51.5232771],[-0.2574773,51.5231487],[-0.2564639,51.5229288],[-0.2554829,51.5227343],[-0.2548183,51.5225577],[-0.2544972,51.522459],[-0.2536529,51.5221369],[-0.2531187,51.5219054],[-0.2527995,51.5217168],[-0.2524777,51.5215065],[-0.252239,51.5213438],[-0.2517881,51.5209863],[-0.2506571,51.5198281],[-0.2505083,51.5196732],[-0.2492868,51.5184948],[-0.2481132,51.5173528]]}},{"type":"Feature","id":"central:eastactonundergroundstation__whitecityundergroundstation","properties":{"segmentId":"central:eastactonundergroundstation__whitecityundergroundstation","lineId":"central","lineName":"Central","fromStation":"East Acton Underground Station","toStation":"White City Underground Station","fromStationId":"940GZZLUEAN","toStationId":"940GZZLUWCY","valueDb":76,"passengerValueDb":76,"cabValueDb":77,"metric":"LAeq","unit":"dBA","observationCount":2,"dateMin":"2023-07-08","dateMax":"2023-07-08","positions":["standing"],"sourceIds":["central-r3291"],"rights":"unknown","confidenceTier":"A","geometryFallback":false,"hasPassenger":true,"hasCab":true},"geometry":{"type":"LineString","coordinates":[[-0.2481132,51.5173528],[-0.2479052,51.5171623],[-0.2477016,51.5169886],[-0.2473279,51.5167151],[-0.2472836,51.5166832],[-0.2471196,51.5165731],[-0.2465182,51.5162541],[-0.2460237,51.5160222],[-0.2457261,51.5159091],[-0.2453705,51.5157797],[-0.2450945,51.5156928],[-0.2445897,51.5155604],[-0.2439286,51.5154368],[-0.2431974,51.5153289],[-0.2429606,51.5153067],[-0.2426897,51.5152933],[-0.2421703,51.5152795],[-0.2418205,51.5152915],[-0.2410178,51.5153304],[-0.2405945,51.5153638],[-0.2398441,51.5154233],[-0.2383973,51.5155558],[-0.2377791,51.5156134],[-0.2367362,51.5157018],[-0.2361707,51.5157509],[-0.2358787,51.5157693],[-0.2356284,51.5157748],[-0.2349875,51.515785],[-0.2346825,51.5157953],[-0.2344744,51.5158052],[-0.2342131,51.5158293],[-0.2339043,51.5158739],[-0.2333328,51.51596],[-0.2329219,51.5160191],[-0.2325436,51.5160579],[-0.2320723,51.5160923],[-0.2317101,51.5161109],[-0.231318,51.5161177],[-0.2308782,51.5161122],[-0.2302809,51.5160872],[-0.2297889,51.5160467],[-0.2291754,51.5159771],[-0.2286538,51.5158962],[-0.228315,51.5158399],[-0.2279737,51.515778],[-0.2276212,51.5156945],[-0.2272225,51.515594],[-0.2266548,51.5154314],[-0.226291,51.5152887],[-0.2260999,51.5152274],[-0.2259304,51.51516],[-0.225745,51.5150724],[-0.2255375,51.5149822],[-0.2252062,51.5147346],[-0.2251094,51.5146245],[-0.2250412,51.5145196],[-0.2249788,51.5144011],[-0.2246972,51.5136993],[-0.2245179,51.5132313],[-0.2244339,51.5129949],[-0.2243896,51.5127724],[-0.224368,51.5124567],[-0.2243761,51.5121257],[-0.224384,51.5119461]]}},{"type":"Feature","id":"central:shepherdsbush__whitecityundergroundstation","properties":{"segmentId":"central:shepherdsbush__whitecityundergroundstation","lineId":"central","lineName":"Central","fromStation":"White City Underground Station","toStation":"Shepherd's Bush","fromStationId":"940GZZLUWCY","toStationId":"HUBSPB","valueDb":88,"passengerValueDb":88,"cabValueDb":85.1,"metric":"LAeq","unit":"dBA","observationCount":2,"dateMin":"2023-07-08","dateMax":"2023-07-08","positions":["standing"],"sourceIds":["central-r3291"],"rights":"unknown","confidenceTier":"A","geometryFallback":false,"hasPassenger":true,"hasCab":true},"geometry":{"type":"LineString","coordinates":[[-0.224384,51.5119461],[-0.2243816,51.5117729],[-0.2243694,51.511154],[-0.2243574,51.510859],[-0.2243533,51.5106788],[-0.2243638,51.5105393],[-0.2243646,51.5104503],[-0.2243611,51.5103979],[-0.2243623,51.5102449],[-0.2243601,51.5101962],[-0.2243607,51.510152],[-0.2243546,51.5098265],[-0.2243536,51.5097789],[-0.2244286,51.5063051],[-0.2243355,51.5059616],[-0.2241649,51.5056752],[-0.2239102,51.505407],[-0.2236305,51.5051963],[-0.2232926,51.505014],[-0.2230719,51.5049391],[-0.2228371,51.5048818],[-0.2212821,51.5046532],[-0.2210392,51.5046199],[-0.2200915,51.5044851],[-0.220003,51.5044739],[-0.2199011,51.5044678],[-0.2194031,51.5044104],[-0.2191669,51.5043902],[-0.2189362,51.5043801],[-0.2186952,51.5043846],[-0.2184666,51.5043956],[-0.2182378,51.5044115]]}},{"type":"Feature","id":"central:hollandparkundergroundstation__shepherdsbush","properties":{"segmentId":"central:hollandparkundergroundstation__shepherdsbush","lineId":"central","lineName":"Central","fromStation":"Shepherd's Bush","toStation":"Holland Park Underground Station","fromStationId":"HUBSPB","toStationId":"940GZZLUHPK","valueDb":85.5,"passengerValueDb":85.5,"cabValueDb":81.3,"metric":"LAeq","unit":"dBA","observationCount":2,"dateMin":"2023-07-08","dateMax":"2023-07-08","positions":["standing"],"sourceIds":["central-r3291"],"rights":"unknown","confidenceTier":"A","geometryFallback":false,"hasPassenger":true,"hasCab":true},"geometry":{"type":"LineString","coordinates":[[-0.2054505,51.5071336],[-0.20552,51.5071135],[-0.2056449,51.507078],[-0.2057039,51.5070613],[-0.2057979,51.5070334],[-0.2059619,51.506985],[-0.2061104,51.5069408],[-0.2066079,51.5068043],[-0.2091134,51.5062345],[-0.2168437,51.5045616],[-0.2172782,51.5044537],[-0.217498,51.5044046],[-0.2177295,51.5043663],[-0.2179626,51.5043369],[-0.2181984,51.5043151]]}},{"type":"Feature","id":"central:hollandparkundergroundstation__nottinghillgateundergroundstation","properties":{"segmentId":"central:hollandparkundergroundstation__nottinghillgateundergroundstation","lineId":"central","lineName":"Central","fromStation":"Holland Park Underground Station","toStation":"Notting Hill Gate Underground Station","fromStationId":"940GZZLUHPK","toStationId":"940GZZLUNHG","valueDb":94,"passengerValueDb":94,"cabValueDb":86.3,"metric":"LAeq","unit":"dBA","observationCount":2,"dateMin":"2023-07-08","dateMax":"2023-07-08","positions":["standing"],"sourceIds":["central-r3291"],"rights":"unknown","confidenceTier":"A","geometryFallback":false,"hasPassenger":true,"hasCab":true},"geometry":{"type":"LineString","coordinates":[[-0.1962866,51.5090862],[-0.196381,51.50906],[-0.1965091,51.5090217],[-0.1966542,51.5089765],[-0.196849,51.5089146],[-0.1970352,51.5088493],[-0.1971487,51.5088162],[-0.1972697,51.5087823],[-0.1973573,51.5087588],[-0.1974763,51.508728],[-0.1975766,51.5087054],[-0.1976528,51.5086881],[-0.1979842,51.5086159],[-0.1983374,51.5085617],[-0.1992944,51.5085058],[-0.2005454,51.5084358],[-0.2012355,51.5083761],[-0.2020168,51.5082268],[-0.2041236,51.5075519],[-0.2044528,51.5074347],[-0.2047134,51.5073506],[-0.2049412,51.5072812],[-0.2050173,51.507258],[-0.2052475,51.5071921],[-0.2054505,51.5071336]]}},{"type":"Feature","id":"central:nottinghillgateundergroundstation__queenswayundergroundstation","properties":{"segmentId":"central:nottinghillgateundergroundstation__queenswayundergroundstation","lineId":"central","lineName":"Central","fromStation":"Notting Hill Gate Underground Station","toStation":"Queensway Underground Station","fromStationId":"940GZZLUNHG","toStationId":"940GZZLUQWY","valueDb":83.5,"passengerValueDb":83.5,"cabValueDb":80.7,"metric":"LAeq","unit":"dBA","observationCount":2,"dateMin":"2023-07-08","dateMax":"2023-07-08","positions":["standing"],"sourceIds":["central-r3291"],"rights":"unknown","confidenceTier":"A","geometryFallback":false,"hasPassenger":true,"hasCab":true},"geometry":{"type":"LineString","coordinates":[[-0.1964514,51.5090944],[-0.1960617,51.5091865],[-0.1957442,51.509265],[-0.1954381,51.50933],[-0.1944374,51.5094934],[-0.1928388,51.5097999],[-0.1923263,51.5098969],[-0.1918505,51.5099767],[-0.1913878,51.5100218],[-0.1909204,51.5100554],[-0.1894032,51.510156],[-0.1883414,51.5102128],[-0.1872612,51.5102982]]}},{"type":"Feature","id":"central:lancastergateundergroundstation__queenswayundergroundstation","properties":{"segmentId":"central:lancastergateundergroundstation__queenswayundergroundstation","lineId":"central","lineName":"Central","fromStation":"Queensway Underground Station","toStation":"Lancaster Gate Underground Station","fromStationId":"940GZZLUQWY","toStationId":"940GZZLULGT","valueDb":85,"passengerValueDb":85,"cabValueDb":83.3,"metric":"LAeq","unit":"dBA","observationCount":2,"dateMin":"2023-07-08","dateMax":"2023-07-08","positions":["standing"],"sourceIds":["central-r3291"],"rights":"unknown","confidenceTier":"A","geometryFallback":false,"hasPassenger":true,"hasCab":true},"geometry":{"type":"LineString","coordinates":[[-0.1872612,51.5102982],[-0.1862178,51.5103736],[-0.1851883,51.5104661],[-0.1836099,51.5105634],[-0.1827631,51.5106225],[-0.1820723,51.5107047],[-0.1807526,51.5109047],[-0.1758979,51.5116893],[-0.1751089,51.511798]]}},{"type":"Feature","id":"central:lancastergateundergroundstation__marblearchundergroundstation","properties":{"segmentId":"central:lancastergateundergroundstation__marblearchundergroundstation","lineId":"central","lineName":"Central","fromStation":"Lancaster Gate Underground Station","toStation":"Marble Arch Underground Station","fromStationId":"940GZZLULGT","toStationId":"940GZZLUMBA","valueDb":85.5,"passengerValueDb":85.5,"cabValueDb":82.6,"metric":"LAeq","unit":"dBA","observationCount":2,"dateMin":"2023-07-08","dateMax":"2023-07-08","positions":["standing"],"sourceIds":["central-r3291"],"rights":"unknown","confidenceTier":"A","geometryFallback":false,"hasPassenger":true,"hasCab":true},"geometry":{"type":"LineString","coordinates":[[-0.1751089,51.511798],[-0.1744145,51.5118857],[-0.1648508,51.5127931],[-0.1635054,51.5129515],[-0.1599518,51.5133203],[-0.1591481,51.5134186],[-0.1583892,51.5135178]]}},{"type":"Feature","id":"central:bondstreet__marblearchundergroundstation","properties":{"segmentId":"central:bondstreet__marblearchundergroundstation","lineId":"central","lineName":"Central","fromStation":"Marble Arch Underground Station","toStation":"Bond Street","fromStationId":"940GZZLUMBA","toStationId":"HUBBDS","valueDb":81.5,"passengerValueDb":81.5,"cabValueDb":80.5,"metric":"LAeq","unit":"dBA","observationCount":2,"dateMin":"2023-07-08","dateMax":"2023-07-08","positions":["standing"],"sourceIds":["central-r3291"],"rights":"unknown","confidenceTier":"A","geometryFallback":false,"hasPassenger":true,"hasCab":true},"geometry":{"type":"LineString","coordinates":[[-0.1498819,51.5142531],[-0.1537469,51.5138425],[-0.156062,51.5136251],[-0.1581495,51.5133982]]}},{"type":"Feature","id":"central:bondstreet__oxfordcircusundergroundstation","properties":{"segmentId":"central:bondstreet__oxfordcircusundergroundstation","lineId":"central","lineName":"Central","fromStation":"Bond Street","toStation":"Oxford Circus Underground Station","fromStationId":"HUBBDS","toStationId":"940GZZLUOXC","valueDb":83,"passengerValueDb":83,"cabValueDb":81.6,"metric":"LAeq","unit":"dBA","observationCount":2,"dateMin":"2023-07-08","dateMax":"2023-07-08","positions":["standing"],"sourceIds":["central-r3291"],"rights":"unknown","confidenceTier":"A","geometryFallback":false,"hasPassenger":true,"hasCab":true},"geometry":{"type":"LineString","coordinates":[[-0.1422192,51.5152213],[-0.1459202,51.5147706],[-0.1498819,51.5142531]]}},{"type":"Feature","id":"central:oxfordcircusundergroundstation__tottenhamcourtroad","properties":{"segmentId":"central:oxfordcircusundergroundstation__tottenhamcourtroad","lineId":"central","lineName":"Central","fromStation":"Oxford Circus Underground Station","toStation":"Tottenham Court Road","fromStationId":"940GZZLUOXC","toStationId":"HUBTCR","valueDb":82,"passengerValueDb":82,"cabValueDb":83.3,"metric":"LAeq","unit":"dBA","observationCount":2,"dateMin":"2023-07-08","dateMax":"2023-07-08","positions":["standing"],"sourceIds":["central-r3291"],"rights":"unknown","confidenceTier":"A","geometryFallback":false,"hasPassenger":true,"hasCab":true},"geometry":{"type":"LineString","coordinates":[[-0.131045,51.5162723],[-0.1327997,51.5161338],[-0.1328803,51.5161252],[-0.1343306,51.5160236],[-0.1379109,51.5156639],[-0.1396658,51.5154888],[-0.1402341,51.5154251],[-0.1407785,51.5153611],[-0.1413645,51.5152942],[-0.1422192,51.5152213]]}},{"type":"Feature","id":"central:holbornundergroundstation__tottenhamcourtroad","properties":{"segmentId":"central:holbornundergroundstation__tottenhamcourtroad","lineId":"central","lineName":"Central","fromStation":"Tottenham Court Road","toStation":"Holborn Underground Station","fromStationId":"HUBTCR","toStationId":"940GZZLUHBN","valueDb":91,"passengerValueDb":91,"cabValueDb":85.3,"metric":"LAeq","unit":"dBA","observationCount":2,"dateMin":"2023-07-08","dateMax":"2023-07-08","positions":["standing"],"sourceIds":["central-r3291"],"rights":"unknown","confidenceTier":"A","geometryFallback":false,"hasPassenger":true,"hasCab":true},"geometry":{"type":"LineString","coordinates":[[-0.1201847,51.5175468],[-0.1209828,51.5174713],[-0.1215656,51.5174079],[-0.1222488,51.5173288],[-0.1241127,51.5171581],[-0.1245946,51.5171212],[-0.1252455,51.5170703],[-0.1258624,51.5170038],[-0.1261504,51.5169728],[-0.1264042,51.5169454],[-0.1278768,51.5167235],[-0.1289919,51.5165483],[-0.1299375,51.5163842],[-0.131045,51.5162723]]}},{"type":"Feature","id":"central:chancerylaneundergroundstation__holbornundergroundstation","properties":{"segmentId":"central:chancerylaneundergroundstation__holbornundergroundstation","lineId":"central","lineName":"Central","fromStation":"Holborn Underground Station","toStation":"Chancery Lane Underground Station","fromStationId":"940GZZLUHBN","toStationId":"940GZZLUCHL","valueDb":79,"passengerValueDb":79,"cabValueDb":81,"metric":"LAeq","unit":"dBA","observationCount":2,"dateMin":"2023-07-08","dateMax":"2023-07-08","positions":["standing"],"sourceIds":["central-r3291"],"rights":"unknown","confidenceTier":"A","geometryFallback":false,"hasPassenger":true,"hasCab":true},"geometry":{"type":"LineString","coordinates":[[-0.1117089,51.5182138],[-0.112146,51.5182445],[-0.1135547,51.5182724],[-0.1139742,51.518255],[-0.1143379,51.5182256],[-0.1146694,51.5181928],[-0.1162871,51.517979],[-0.1179083,51.5177992],[-0.1183754,51.517752],[-0.1193216,51.5176447],[-0.1201847,51.5175468]]}},{"type":"Feature","id":"central:chancerylaneundergroundstation__stpaulsundergroundstation","properties":{"segmentId":"central:chancerylaneundergroundstation__stpaulsundergroundstation","lineId":"central","lineName":"Central","fromStation":"Chancery Lane Underground Station","toStation":"St. Paul's Underground Station","fromStationId":"940GZZLUCHL","toStationId":"940GZZLUSPU","valueDb":85,"passengerValueDb":85,"cabValueDb":86.6,"metric":"LAeq","unit":"dBA","observationCount":2,"dateMin":"2023-07-08","dateMax":"2023-07-08","positions":["standing"],"sourceIds":["central-r3291"],"rights":"unknown","confidenceTier":"A","geometryFallback":false,"hasPassenger":true,"hasCab":true},"geometry":{"type":"LineString","coordinates":[[-0.0976983,51.5150108],[-0.0983057,51.5152303],[-0.0983719,51.5152497],[-0.0991571,51.5154842],[-0.0999325,51.5157157],[-0.1017732,51.5161902],[-0.1020518,51.5162787],[-0.1030763,51.5166219],[-0.1051558,51.5173149],[-0.1056791,51.5174574],[-0.1065415,51.5175994],[-0.1098743,51.5179651],[-0.1102603,51.5180211],[-0.1107621,51.5181007],[-0.1112664,51.5181697],[-0.1117089,51.5182138]]}},{"type":"Feature","id":"central:bank__stpaulsundergroundstation","properties":{"segmentId":"central:bank__stpaulsundergroundstation","lineId":"central","lineName":"Central","fromStation":"St. Paul's Underground Station","toStation":"Bank","fromStationId":"940GZZLUSPU","toStationId":"HUBBAN","valueDb":87.5,"passengerValueDb":87.5,"cabValueDb":85.2,"metric":"LAeq","unit":"dBA","observationCount":2,"dateMin":"2023-07-08","dateMax":"2023-07-08","positions":["standing"],"sourceIds":["central-r3291"],"rights":"unknown","confidenceTier":"A","geometryFallback":false,"hasPassenger":true,"hasCab":true},"geometry":{"type":"LineString","coordinates":[[-0.0890506,51.5132387],[-0.0890902,51.5132343],[-0.0891208,51.5132315],[-0.089151,51.5132293],[-0.0892009,51.5132272],[-0.0892559,51.5132261],[-0.0892914,51.5132264],[-0.08933,51.5132277],[-0.0893799,51.5132306],[-0.089414,51.5132332],[-0.0894659,51.5132378],[-0.0895211,51.5132439],[-0.0895488,51.513247],[-0.0895775,51.5132505],[-0.0896261,51.5132571],[-0.0896538,51.5132612],[-0.0896844,51.513266],[-0.0897218,51.5132722],[-0.0897564,51.5132785],[-0.0897961,51.5132864],[-0.089963,51.5133321],[-0.0903335,51.5134283],[-0.0918266,51.5137173],[-0.0934651,51.514002],[-0.0953238,51.5142941],[-0.0956432,51.5143627],[-0.0959233,51.5144238],[-0.0963522,51.5145224],[-0.0976983,51.5150108]]}},{"type":"Feature","id":"central:bank__liverpoolstreet","properties":{"segmentId":"central:bank__liverpoolstreet","lineId":"central","lineName":"Central","fromStation":"Bank","toStation":"Liverpool Street","fromStationId":"HUBBAN","toStationId":"HUBLST","valueDb":88,"passengerValueDb":88,"cabValueDb":87.4,"metric":"LAeq","unit":"dBA","observationCount":2,"dateMin":"2023-07-08","dateMax":"2023-07-08","positions":["standing"],"sourceIds":["central-r3291"],"rights":"unknown","confidenceTier":"A","geometryFallback":false,"hasPassenger":true,"hasCab":true},"geometry":{"type":"LineString","coordinates":[[-0.0890928,51.5134021],[-0.0890314,51.5134183],[-0.0884532,51.5135923],[-0.0879804,51.5137313],[-0.0878429,51.5137675],[-0.0865177,51.5140532],[-0.0863616,51.5141041],[-0.0861943,51.5141729],[-0.0855875,51.5147061],[-0.085448,51.514796],[-0.0853075,51.5148573],[-0.0851449,51.5149115],[-0.0849597,51.5149876],[-0.0847602,51.5151022],[-0.0845563,51.5152455],[-0.0844386,51.5153465],[-0.0842592,51.5155065],[-0.0842308,51.5155352],[-0.0838276,51.5160212],[-0.0836788,51.5162131],[-0.0835422,51.5164613],[-0.0833782,51.5168889],[-0.0830984,51.5175518],[-0.0830271,51.5176643],[-0.0829514,51.5177483]]}},{"type":"Feature","id":"central:bethnalgreenundergroundstation__liverpoolstreet","properties":{"segmentId":"central:bethnalgreenundergroundstation__liverpoolstreet","lineId":"central","lineName":"Central","fromStation":"Liverpool Street","toStation":"Bethnal Green Underground Station","fromStationId":"HUBLST","toStationId":"940GZZLUBLG","valueDb":92,"passengerValueDb":92,"cabValueDb":90.4,"metric":"LAeq","unit":"dBA","observationCount":2,"dateMin":"2023-07-08","dateMax":"2023-07-08","positions":["standing"],"sourceIds":["central-r3291"],"rights":"unknown","confidenceTier":"A","geometryFallback":false,"hasPassenger":true,"hasCab":true},"geometry":{"type":"LineString","coordinates":[[-0.0544557,51.5271395],[-0.0553435,51.5271831],[-0.0568366,51.5272338],[-0.0576133,51.5271785],[-0.0580886,51.5271332],[-0.0664179,51.526209],[-0.0679138,51.5259672],[-0.0690157,51.5257682],[-0.0698155,51.5255843],[-0.0703855,51.5253831],[-0.0708626,51.5251909],[-0.0718451,51.5247345],[-0.0754595,51.5230903],[-0.0760624,51.5227635],[-0.0767972,51.5222982],[-0.0775474,51.5217938],[-0.0817144,51.5187664],[-0.0818681,51.5186419],[-0.0820041,51.5185186],[-0.0821607,51.5183579],[-0.0824665,51.5180439],[-0.0825668,51.5179588],[-0.0827158,51.517837]]}},{"type":"Feature","id":"central:bethnalgreenundergroundstation__mileendundergroundstation","properties":{"segmentId":"central:bethnalgreenundergroundstation__mileendundergroundstation","lineId":"central","lineName":"Central","fromStation":"Bethnal Green Underground Station","toStation":"Mile End Underground Station","fromStationId":"940GZZLUBLG","toStationId":"940GZZLUMED","valueDb":90.5,"passengerValueDb":90.5,"cabValueDb":85.2,"metric":"LAeq","unit":"dBA","observationCount":2,"dateMin":"2023-07-08","dateMax":"2023-07-08","positions":["standing"],"sourceIds":["central-r3291"],"rights":"unknown","confidenceTier":"A","geometryFallback":false,"hasPassenger":true,"hasCab":true},"geometry":{"type":"LineString","coordinates":[[-0.0544895,51.527328],[-0.0536005,51.5272844],[-0.0527019,51.5272332],[-0.0519664,51.5271276],[-0.0508555,51.5267743],[-0.049824,51.5263047],[-0.0475162,51.5249723],[-0.0467267,51.5246088],[-0.0461343,51.5243987],[-0.0454628,51.5242417],[-0.044725,51.524138],[-0.0441255,51.5240845],[-0.043435,51.524023],[-0.042103,51.5239567],[-0.0406266,51.5239398],[-0.0392571,51.5239967],[-0.0387437,51.5240529],[-0.0382518,51.5241334],[-0.0378381,51.524222],[-0.0372098,51.5243797],[-0.0355682,51.5249331],[-0.0344893,51.5252219],[-0.0335219,51.5254588]]}},{"type":"Feature","id":"central:mileendundergroundstation__stratford","properties":{"segmentId":"central:mileendundergroundstation__stratford","lineId":"central","lineName":"Central","fromStation":"Mile End Underground Station","toStation":"Stratford","fromStationId":"940GZZLUMED","toStationId":"HUBSRA","valueDb":93,"passengerValueDb":93,"cabValueDb":85.7,"metric":"LAeq","unit":"dBA","observationCount":2,"dateMin":"2023-07-08","dateMax":"2023-07-08","positions":["standing"],"sourceIds":["central-r3291"],"rights":"unknown","confidenceTier":"A","geometryFallback":false,"hasPassenger":true,"hasCab":true},"geometry":{"type":"LineString","coordinates":[[-0.0028307,51.5420165],[-0.0036065,51.5414704],[-0.0037561,51.5413676],[-0.0039011,51.5412626],[-0.004052,51.5411529],[-0.0042757,51.5409798],[-0.0044812,51.540822],[-0.0046177,51.540715],[-0.0047724,51.5405949],[-0.0049118,51.5404888],[-0.0051007,51.5403498],[-0.0053184,51.5401965],[-0.0062728,51.5395549],[-0.007147,51.5387474],[-0.0087029,51.5372052],[-0.0114465,51.5355895],[-0.0120531,51.5352549],[-0.0148648,51.533704],[-0.0165789,51.5327131],[-0.0171621,51.5323176],[-0.0180857,51.5316914],[-0.0217992,51.5288102],[-0.0232058,51.5281192],[-0.0246765,51.5273737],[-0.0254063,51.5271195],[-0.0265765,51.526757],[-0.0279743,51.5263796],[-0.0324542,51.5254409],[-0.033369,51.5252369]]}},{"type":"Feature","id":"central:leytonundergroundstation__stratford","properties":{"segmentId":"central:leytonundergroundstation__stratford","lineId":"central","lineName":"Central","fromStation":"Stratford","toStation":"Leyton Underground Station","fromStationId":"HUBSRA","toStationId":"940GZZLULYN","valueDb":96.5,"passengerValueDb":96.5,"cabValueDb":93.4,"metric":"LAeq","unit":"dBA","observationCount":2,"dateMin":"2023-07-08","dateMax":"2023-07-08","positions":["standing"],"sourceIds":["central-r3291"],"rights":"unknown","confidenceTier":"A","geometryFallback":false,"hasPassenger":true,"hasCab":true},"geometry":{"type":"LineString","coordinates":[[-0.005462,51.5565882],[-0.0059544,51.5562611],[-0.0062876,51.5560365],[-0.0066075,51.5557729],[-0.0069121,51.555485],[-0.0070971,51.5553018],[-0.0072662,51.5551144],[-0.0074793,51.554832],[-0.0076185,51.5546148],[-0.0077099,51.5544413],[-0.0077835,51.5542384],[-0.007838,51.554034],[-0.0078871,51.5537788],[-0.0079072,51.5535272],[-0.0078989,51.5533281],[-0.0078761,51.5531544],[-0.0078369,51.5529757],[-0.0077861,51.5528045],[-0.0077034,51.5525943],[-0.007588,51.5523692],[-0.0074879,51.5522088],[-0.0073705,51.552047],[-0.0071595,51.5517525],[-0.0069771,51.5515199],[-0.0066555,51.551206],[-0.0059811,51.5507461],[-0.0054445,51.5504373],[-0.0049188,51.5501677],[-0.004319,51.5499317],[-0.0029299,51.5494402],[-0.0020827,51.5491095],[-0.0015468,51.5488514],[-0.0009317,51.5485412],[-0.000439,51.548198],[-0.0000813,51.5478922],[0.0002106,51.5475829],[0.0005316,51.5471485],[0.0007486,51.5467732],[0.0008921,51.5464146],[0.0009917,51.5460751],[0.001026,51.5457792],[0.0010296,51.5454201],[0.0009268,51.5451133],[0.0006707,51.5447354],[0.0003879,51.5443962],[0.0000496,51.5440903],[-0.000262,51.5438559],[-0.0004514,51.543707],[-0.0006232,51.5435897],[-0.0009431,51.5433472],[-0.0015157,51.5429315],[-0.0019534,51.5426283],[-0.0021705,51.5424763],[-0.0023917,51.5423254],[-0.0027127,51.5420994],[-0.0028307,51.5420165]]}},{"type":"Feature","id":"central:leytonstoneundergroundstation__leytonundergroundstation","properties":{"segmentId":"central:leytonstoneundergroundstation__leytonundergroundstation","lineId":"central","lineName":"Central","fromStation":"Leyton Underground Station","toStation":"Leytonstone Underground Station","fromStationId":"940GZZLULYN","toStationId":"940GZZLULYS","valueDb":72.5,"passengerValueDb":72.5,"cabValueDb":74.2,"metric":"LAeq","unit":"dBA","observationCount":2,"dateMin":"2023-07-08","dateMax":"2023-07-08","positions":["standing"],"sourceIds":["central-r3291"],"rights":"unknown","confidenceTier":"A","geometryFallback":false,"hasPassenger":true,"hasCab":true},"geometry":{"type":"LineString","coordinates":[[0.0086356,51.5688001],[0.0084455,51.5685732],[0.0081111,51.5682054],[0.0080063,51.5680645],[0.0078706,51.5678576],[0.0076138,51.5675114],[0.0072048,51.5668538],[0.0070915,51.566697],[0.0061217,51.5652947],[0.0054053,51.5644316],[0.0046792,51.5636233],[0.0036025,51.5626355],[0.0032766,51.5623664],[0.0018279,51.5612236],[0.0007546,51.560553],[0.0007155,51.5605254],[0.0004099,51.5603097],[-0.0041811,51.5574081],[-0.005462,51.5565882]]}},{"type":"Feature","id":"central:leytonstoneundergroundstation__wansteadundergroundstation","properties":{"segmentId":"central:leytonstoneundergroundstation__wansteadundergroundstation","lineId":"central","lineName":"Central","fromStation":"Leytonstone Underground Station","toStation":"Wanstead Underground Station","fromStationId":"940GZZLULYS","toStationId":"940GZZLUWSD","valueDb":89,"passengerValueDb":89,"cabValueDb":90.4,"metric":"LAeq","unit":"dBA","observationCount":2,"dateMin":"2023-07-08","dateMax":"2023-07-08","positions":["standing"],"sourceIds":["central-r3291"],"rights":"unknown","confidenceTier":"A","geometryFallback":false,"hasPassenger":true,"hasCab":true},"geometry":{"type":"LineString","coordinates":[[0.0086004,51.5688114],[0.0089103,51.569121],[0.0093919,51.5695716],[0.0099665,51.5701294],[0.0101362,51.5702837],[0.0111194,51.5710113],[0.0115199,51.5712604],[0.0118588,51.5714543],[0.0125111,51.5717149],[0.0129906,51.571814],[0.0137235,51.5719423],[0.0153503,51.5720573],[0.0165862,51.5721964],[0.018197,51.5724714],[0.0189832,51.5726367],[0.0199703,51.5729322],[0.0211483,51.5733237],[0.0286655,51.5756764]]}},{"type":"Feature","id":"central:redbridgeundergroundstation__wansteadundergroundstation","properties":{"segmentId":"central:redbridgeundergroundstation__wansteadundergroundstation","lineId":"central","lineName":"Central","fromStation":"Wanstead Underground Station","toStation":"Redbridge Underground Station","fromStationId":"940GZZLUWSD","toStationId":"940GZZLURBG","valueDb":91.5,"passengerValueDb":91.5,"cabValueDb":85.4,"metric":"LAeq","unit":"dBA","observationCount":2,"dateMin":"2023-07-08","dateMax":"2023-07-08","positions":["standing"],"sourceIds":["central-r3291"],"rights":"unknown","confidenceTier":"A","geometryFallback":false,"hasPassenger":true,"hasCab":true},"geometry":{"type":"LineString","coordinates":[[0.0286655,51.5756764],[0.0305185,51.5761129],[0.0311837,51.5762191],[0.0321507,51.5763736],[0.0340974,51.5765737],[0.0351548,51.5766506],[0.0361163,51.5766941],[0.0371315,51.576718],[0.0382414,51.5766941],[0.0394316,51.5766363],[0.0413945,51.5765251],[0.0435979,51.5764259],[0.045411,51.5763628]]}},{"type":"Feature","id":"central:gantshillundergroundstation__redbridgeundergroundstation","properties":{"segmentId":"central:gantshillundergroundstation__redbridgeundergroundstation","lineId":"central","lineName":"Central","fromStation":"Redbridge Underground Station","toStation":"Gants Hill Underground Station","fromStationId":"940GZZLURBG","toStationId":"940GZZLUGTH","valueDb":86.5,"passengerValueDb":86.5,"cabValueDb":83.7,"metric":"LAeq","unit":"dBA","observationCount":2,"dateMin":"2023-07-08","dateMax":"2023-07-08","positions":["standing"],"sourceIds":["central-r3291"],"rights":"unknown","confidenceTier":"A","geometryFallback":false,"hasPassenger":true,"hasCab":true},"geometry":{"type":"LineString","coordinates":[[0.045411,51.5763628],[0.047247,51.5763379],[0.0555933,51.5763965],[0.0599355,51.5765489],[0.0620868,51.5766375],[0.0638626,51.576655],[0.0648672,51.5766417]]}},{"type":"Feature","id":"central:gantshillundergroundstation__newburyparkundergroundstation","properties":{"segmentId":"central:gantshillundergroundstation__newburyparkundergroundstation","lineId":"central","lineName":"Central","fromStation":"Gants Hill Underground Station","toStation":"Newbury Park Underground Station","fromStationId":"940GZZLUGTH","toStationId":"940GZZLUNBP","valueDb":91.5,"passengerValueDb":91.5,"cabValueDb":89,"metric":"LAeq","unit":"dBA","observationCount":2,"dateMin":"2023-07-08","dateMax":"2023-07-08","positions":["standing"],"sourceIds":["central-r3291"],"rights":"unknown","confidenceTier":"A","geometryFallback":false,"hasPassenger":true,"hasCab":true},"geometry":{"type":"LineString","coordinates":[[0.0648672,51.5766417],[0.0658707,51.5766284],[0.0667714,51.5765954],[0.0674201,51.5765395],[0.0681886,51.5764152],[0.0689899,51.5762194],[0.0696875,51.5759901],[0.0706528,51.5756518],[0.0755807,51.5732115],[0.0774219,51.5723013],[0.0775909,51.5722163],[0.0791053,51.571455],[0.080804,51.5706235],[0.0814104,51.5703856],[0.0818465,51.5702452],[0.0823244,51.5701224],[0.0827543,51.5700477],[0.0834475,51.5699373],[0.0840554,51.5698845],[0.0847747,51.5698421],[0.0854401,51.56985],[0.0859406,51.5698747],[0.0863197,51.5699145],[0.0867323,51.5699762],[0.0870802,51.5700588],[0.0873683,51.5701498],[0.0876439,51.5702592],[0.0878683,51.5703671],[0.088151,51.5705352],[0.0883377,51.5706713],[0.0884665,51.5707905],[0.0887927,51.5711305],[0.0891289,51.5717113],[0.0894214,51.5724209],[0.0896507,51.573133],[0.0897251,51.5734644],[0.0897911,51.5738613],[0.0899123,51.5745317],[0.0899598,51.575123],[0.0899485,51.5754803]]}},{"type":"Feature","id":"central:barkingsideundergroundstation__newburyparkundergroundstation","properties":{"segmentId":"central:barkingsideundergroundstation__newburyparkundergroundstation","lineId":"central","lineName":"Central","fromStation":"Newbury Park Underground Station","toStation":"Barkingside Underground Station","fromStationId":"940GZZLUNBP","toStationId":"940GZZLUBKE","valueDb":75,"passengerValueDb":75,"cabValueDb":77.5,"metric":"LAeq","unit":"dBA","observationCount":2,"dateMin":"2023-07-08","dateMax":"2023-07-08","positions":["standing"],"sourceIds":["central-r3291"],"rights":"unknown","confidenceTier":"A","geometryFallback":false,"hasPassenger":true,"hasCab":true},"geometry":{"type":"LineString","coordinates":[[0.0899485,51.5754803],[0.0899473,51.575598],[0.0898871,51.5762207],[0.0898465,51.5764352],[0.0897848,51.5766874],[0.089522,51.5776231],[0.0893252,51.5781383],[0.089069,51.5787859],[0.0888862,51.5794581],[0.0886694,51.580144],[0.0884373,51.5808824],[0.0882617,51.5816786],[0.0881959,51.5824677],[0.0881924,51.5831755],[0.0884126,51.5844021],[0.088647,51.5858142]]}},{"type":"Feature","id":"central:barkingsideundergroundstation__fairlopundergroundstation","properties":{"segmentId":"central:barkingsideundergroundstation__fairlopundergroundstation","lineId":"central","lineName":"Central","fromStation":"Barkingside Underground Station","toStation":"Fairlop Underground Station","fromStationId":"940GZZLUBKE","toStationId":"940GZZLUFLP","valueDb":76,"passengerValueDb":76,"cabValueDb":76,"metric":"LAeq","unit":"dBA","observationCount":2,"dateMin":"2023-07-08","dateMax":"2023-07-08","positions":["standing"],"sourceIds":["central-r3291"],"rights":"unknown","confidenceTier":"A","geometryFallback":false,"hasPassenger":true,"hasCab":true},"geometry":{"type":"LineString","coordinates":[[0.088647,51.5858142],[0.0888973,51.5873384],[0.0891641,51.589077],[0.0892744,51.5896582],[0.0894031,51.5901804],[0.0897235,51.591208],[0.090259,51.5929616],[0.0906173,51.5941563],[0.0909093,51.5952909],[0.090982,51.5955278],[0.0911132,51.5959492]]}},{"type":"Feature","id":"central:fairlopundergroundstation__hainaultundergroundstation","properties":{"segmentId":"central:fairlopundergroundstation__hainaultundergroundstation","lineId":"central","lineName":"Central","fromStation":"Fairlop Underground Station","toStation":"Hainault Underground Station","fromStationId":"940GZZLUFLP","toStationId":"940GZZLUHLT","valueDb":73,"passengerValueDb":73,"cabValueDb":75.5,"metric":"LAeq","unit":"dBA","observationCount":2,"dateMin":"2023-07-08","dateMax":"2023-07-08","positions":["standing"],"sourceIds":["central-r3291"],"rights":"unknown","confidenceTier":"A","geometryFallback":false,"hasPassenger":true,"hasCab":true},"geometry":{"type":"LineString","coordinates":[[0.0911132,51.5959492],[0.0916767,51.5977117],[0.0922099,51.599474],[0.0926305,51.600776],[0.0926747,51.6009226],[0.0928029,51.6013201],[0.092938,51.6017594],[0.0929773,51.6018909],[0.0931632,51.6025043],[0.0934109,51.6033077]]}},{"type":"Feature","id":"bakerloo:kilburnparkundergroundstation__queenspark","properties":{"segmentId":"bakerloo:kilburnparkundergroundstation__queenspark","lineId":"bakerloo","lineName":"Bakerloo","fromStation":"Queen's Park","toStation":"Kilburn Park Underground Station","fromStationId":"HUBQPW","toStationId":"940GZZLUKPK","valueDb":82,"passengerValueDb":82,"cabValueDb":null,"metric":"LAeq","unit":"dBA","observationCount":2,"dateMin":"2023-07-16","dateMax":"2023-07-16","positions":["standing"],"sourceIds":["bakerloo-r3292"],"rights":"unknown","confidenceTier":"A","geometryFallback":false,"hasPassenger":true,"hasCab":false},"geometry":{"type":"LineString","coordinates":[[-0.2048001,51.5341642],[-0.2042768,51.5342557],[-0.2041004,51.5342839],[-0.2039727,51.5343007],[-0.2038549,51.5343162],[-0.2035603,51.5343531],[-0.2032695,51.5343923],[-0.202723,51.5344861],[-0.2020387,51.5346109],[-0.2015153,51.5347052],[-0.2008834,51.5348153],[-0.1999102,51.5349745],[-0.1994627,51.5350302],[-0.1990678,51.5350841],[-0.198193,51.5352221],[-0.1972955,51.5353675],[-0.196964,51.5354049],[-0.1966562,51.5354343],[-0.1962827,51.5354516],[-0.1958748,51.5354647],[-0.1956363,51.5354566],[-0.19546,51.5354371],[-0.1953225,51.5354166],[-0.1951783,51.5353902],[-0.1949594,51.5353354],[-0.1943046,51.5351509]]}},{"type":"Feature","id":"bakerloo:kilburnparkundergroundstation__maidavaleundergroundstation","properties":{"segmentId":"bakerloo:kilburnparkundergroundstation__maidavaleundergroundstation","lineId":"bakerloo","lineName":"Bakerloo","fromStation":"Kilburn Park Underground Station","toStation":"Maida Vale Underground Station","fromStationId":"940GZZLUKPK","toStationId":"940GZZLUMVL","valueDb":81.5,"passengerValueDb":81.5,"cabValueDb":null,"metric":"LAeq","unit":"dBA","observationCount":2,"dateMin":"2023-07-16","dateMax":"2023-07-16","positions":["standing"],"sourceIds":["bakerloo-r3292"],"rights":"unknown","confidenceTier":"A","geometryFallback":false,"hasPassenger":true,"hasCab":false},"geometry":{"type":"LineString","coordinates":[[-0.1943046,51.5351509],[-0.1942359,51.5351308],[-0.1941674,51.5351104],[-0.1937947,51.534985],[-0.1933547,51.5348192],[-0.1920827,51.5344061],[-0.1916082,51.5342526],[-0.1912073,51.5340991],[-0.1908848,51.5339408],[-0.1905137,51.5337316],[-0.1902457,51.5335442],[-0.189965,51.5333249],[-0.1894934,51.5329357],[-0.1889194,51.5324521],[-0.1866313,51.5304955],[-0.1858544,51.529847]]}},{"type":"Feature","id":"bakerloo:maidavaleundergroundstation__warwickavenueundergroundstation","properties":{"segmentId":"bakerloo:maidavaleundergroundstation__warwickavenueundergroundstation","lineId":"bakerloo","lineName":"Bakerloo","fromStation":"Maida Vale Underground Station","toStation":"Warwick Avenue Underground Station","fromStationId":"940GZZLUMVL","toStationId":"940GZZLUWKA","valueDb":86.5,"passengerValueDb":86.5,"cabValueDb":null,"metric":"LAeq","unit":"dBA","observationCount":2,"dateMin":"2023-07-16","dateMax":"2023-07-16","positions":["standing"],"sourceIds":["bakerloo-r3292"],"rights":"unknown","confidenceTier":"A","geometryFallback":false,"hasPassenger":true,"hasCab":false},"geometry":{"type":"LineString","coordinates":[[-0.1858544,51.529847],[-0.1852906,51.5293646],[-0.1836814,51.528057],[-0.1835375,51.5279093],[-0.183401,51.5277086],[-0.1833452,51.5275694],[-0.1833055,51.52745],[-0.1832719,51.5273343],[-0.1832908,51.5272363],[-0.1833227,51.5270795],[-0.183331,51.5270355],[-0.183335,51.5270204],[-0.1833854,51.5269178],[-0.1834472,51.5268022],[-0.1834981,51.5266964],[-0.1835401,51.5266189],[-0.1836058,51.5264952],[-0.183718,51.5262675],[-0.1837695,51.5261547],[-0.1838109,51.5260662],[-0.1838307,51.5260084],[-0.1838806,51.5258734],[-0.1839412,51.5257169],[-0.1839735,51.5256031],[-0.1840041,51.5254952],[-0.1840267,51.5254036],[-0.1840431,51.5253412],[-0.1840709,51.5252608],[-0.1840777,51.5251942],[-0.1840868,51.5250384],[-0.1840902,51.5249002],[-0.1840981,51.5247634],[-0.1841066,51.5245971],[-0.1841043,51.5245389],[-0.1841021,51.5244356],[-0.1840987,51.5242869],[-0.1840862,51.5241452],[-0.1840794,51.5240574],[-0.1840658,51.5240105],[-0.1840426,51.5239365],[-0.1840233,51.5238558],[-0.1840114,51.5238075],[-0.1839538,51.5237134],[-0.1837311,51.5234496],[-0.1835405,51.523292],[-0.1833309,51.5231385],[-0.1832366,51.5230715]]}},{"type":"Feature","id":"bakerloo:paddington__warwickavenueundergroundstation","properties":{"segmentId":"bakerloo:paddington__warwickavenueundergroundstation","lineId":"bakerloo","lineName":"Bakerloo","fromStation":"Warwick Avenue Underground Station","toStation":"Paddington","fromStationId":"940GZZLUWKA","toStationId":"HUBPAD","valueDb":84.5,"passengerValueDb":84.5,"cabValueDb":null,"metric":"LAeq","unit":"dBA","observationCount":2,"dateMin":"2023-07-16","dateMax":"2023-07-16","positions":["standing"],"sourceIds":["bakerloo-r3292"],"rights":"unknown","confidenceTier":"A","geometryFallback":false,"hasPassenger":true,"hasCab":false},"geometry":{"type":"LineString","coordinates":[[-0.1750657,51.5159749],[-0.1752277,51.5160131],[-0.1753726,51.5160675],[-0.1755319,51.5161505],[-0.1758811,51.5163808],[-0.1761134,51.5165938],[-0.1766735,51.5170476],[-0.1773396,51.5178313],[-0.177743,51.5182931],[-0.1779188,51.5185295],[-0.178141,51.5190141],[-0.1782722,51.5192862],[-0.1783859,51.5194497],[-0.1785085,51.5196035],[-0.1786596,51.5197706],[-0.1787811,51.5198762],[-0.1789422,51.5199925],[-0.1792776,51.5202245],[-0.1807158,51.5211746],[-0.182207,51.5222023],[-0.182428,51.5223374],[-0.1825952,51.5224167],[-0.1828007,51.5225008],[-0.1829056,51.5225552],[-0.1832017,51.5227466],[-0.1834674,51.5229412]]}},{"type":"Feature","id":"bakerloo:edgwareroadbakerlooundergroundstation__paddington","properties":{"segmentId":"bakerloo:edgwareroadbakerlooundergroundstation__paddington","lineId":"bakerloo","lineName":"Bakerloo","fromStation":"Paddington","toStation":"Edgware Road (Bakerloo) Underground Station","fromStationId":"HUBPAD","toStationId":"940GZZLUERB","valueDb":86,"passengerValueDb":86,"cabValueDb":null,"metric":"LAeq","unit":"dBA","observationCount":2,"dateMin":"2023-07-16","dateMax":"2023-07-16","positions":["standing"],"sourceIds":["bakerloo-r3292"],"rights":"unknown","confidenceTier":"A","geometryFallback":false,"hasPassenger":true,"hasCab":false},"geometry":{"type":"LineString","coordinates":[[-0.1702657,51.5204413],[-0.1704563,51.5203266],[-0.1706828,51.5201785],[-0.1708017,51.5200787],[-0.1708996,51.5199652],[-0.1709707,51.5198442],[-0.1710211,51.5197102],[-0.171135,51.5193395],[-0.1713828,51.5185754],[-0.1715715,51.5182201],[-0.1716244,51.5181362],[-0.1720172,51.5175731],[-0.1726338,51.5168863],[-0.1730226,51.5165851],[-0.1732475,51.5163962],[-0.1735037,51.5162622],[-0.1736247,51.516222],[-0.1737519,51.5161797],[-0.1739921,51.5160937],[-0.1742675,51.5159857],[-0.1745926,51.5159543],[-0.1748941,51.515957],[-0.1750657,51.5159749]]}},{"type":"Feature","id":"bakerloo:edgwareroadbakerlooundergroundstation__marylebone","properties":{"segmentId":"bakerloo:edgwareroadbakerlooundergroundstation__marylebone","lineId":"bakerloo","lineName":"Bakerloo","fromStation":"Edgware Road (Bakerloo) Underground Station","toStation":"Marylebone","fromStationId":"940GZZLUERB","toStationId":"HUBMYB","valueDb":80.5,"passengerValueDb":80.5,"cabValueDb":null,"metric":"LAeq","unit":"dBA","observationCount":2,"dateMin":"2023-07-16","dateMax":"2023-07-16","positions":["standing"],"sourceIds":["bakerloo-r3292"],"rights":"unknown","confidenceTier":"A","geometryFallback":false,"hasPassenger":true,"hasCab":false},"geometry":{"type":"LineString","coordinates":[[-0.1635969,51.5222403],[-0.1638262,51.5222253],[-0.164229,51.5222208],[-0.1645876,51.5222295],[-0.1648717,51.5222166],[-0.1652279,51.5221602],[-0.1679369,51.5213355],[-0.1681969,51.5212546],[-0.1683908,51.5211943],[-0.1692393,51.5209072],[-0.1695545,51.5207839],[-0.16981,51.5206729],[-0.1700213,51.5205708],[-0.1702657,51.5204413]]}},{"type":"Feature","id":"bakerloo:bakerstreetundergroundstation__marylebone","properties":{"segmentId":"bakerloo:bakerstreetundergroundstation__marylebone","lineId":"bakerloo","lineName":"Bakerloo","fromStation":"Marylebone","toStation":"Baker Street Underground Station","fromStationId":"HUBMYB","toStationId":"940GZZLUBST","valueDb":76,"passengerValueDb":76,"cabValueDb":null,"metric":"LAeq","unit":"dBA","observationCount":2,"dateMin":"2023-07-16","dateMax":"2023-07-16","positions":["standing"],"sourceIds":["bakerloo-r3292"],"rights":"unknown","confidenceTier":"A","geometryFallback":false,"hasPassenger":true,"hasCab":false},"geometry":{"type":"LineString","coordinates":[[-0.1635799,51.5222736],[-0.1632968,51.5223019],[-0.1631074,51.522315],[-0.1628427,51.5223374],[-0.1625464,51.5223603],[-0.162315,51.5223777],[-0.1621642,51.5223886],[-0.1619337,51.5224148],[-0.1616304,51.5224492],[-0.1614236,51.5224835],[-0.1611308,51.5225326],[-0.1608626,51.5225768],[-0.1605444,51.5226308],[-0.1602481,51.5226799],[-0.1600298,51.522717],[-0.1598966,51.5227388],[-0.15951,51.5228004],[-0.1588211,51.5229106],[-0.1583881,51.5229798],[-0.158154,51.5230191],[-0.1578665,51.5230829],[-0.1575518,51.5231568],[-0.15716,51.5232487]]}},{"type":"Feature","id":"bakerloo:bakerstreetundergroundstation__regentsparkundergroundstation","properties":{"segmentId":"bakerloo:bakerstreetundergroundstation__regentsparkundergroundstation","lineId":"bakerloo","lineName":"Bakerloo","fromStation":"Baker Street Underground Station","toStation":"Regent's Park Underground Station","fromStationId":"940GZZLUBST","toStationId":"940GZZLURGP","valueDb":85.5,"passengerValueDb":85.5,"cabValueDb":null,"metric":"LAeq","unit":"dBA","observationCount":2,"dateMin":"2023-07-16","dateMax":"2023-07-16","positions":["standing"],"sourceIds":["bakerloo-r3292"],"rights":"unknown","confidenceTier":"A","geometryFallback":false,"hasPassenger":true,"hasCab":false},"geometry":{"type":"LineString","coordinates":[[-0.1466069,51.5236375],[-0.1467715,51.5239551],[-0.1469105,51.5241661],[-0.1470376,51.5243157],[-0.1471897,51.5244449],[-0.1474496,51.5246063],[-0.1476505,51.5246987],[-0.1478991,51.5247625],[-0.1481684,51.5247887],[-0.148494,51.524786],[-0.1488339,51.5247635],[-0.1491681,51.5247194],[-0.1541691,51.5238926],[-0.1546423,51.5237991],[-0.1551884,51.5236794],[-0.1557059,51.5235477],[-0.1562111,51.5234358],[-0.1566644,51.5233314],[-0.1575496,51.5231217]]}},{"type":"Feature","id":"bakerloo:oxfordcircusundergroundstation__regentsparkundergroundstation","properties":{"segmentId":"bakerloo:oxfordcircusundergroundstation__regentsparkundergroundstation","lineId":"bakerloo","lineName":"Bakerloo","fromStation":"Regent's Park Underground Station","toStation":"Oxford Circus Underground Station","fromStationId":"940GZZLURGP","toStationId":"940GZZLUOXC","valueDb":82,"passengerValueDb":82,"cabValueDb":null,"metric":"LAeq","unit":"dBA","observationCount":2,"dateMin":"2023-07-16","dateMax":"2023-07-16","positions":["standing"],"sourceIds":["bakerloo-r3292"],"rights":"unknown","confidenceTier":"A","geometryFallback":false,"hasPassenger":true,"hasCab":false},"geometry":{"type":"LineString","coordinates":[[-0.1419591,51.5154638],[-0.1420167,51.5156556],[-0.142061,51.5157851],[-0.1421469,51.5160177],[-0.1422483,51.5162613],[-0.1427238,51.5172811],[-0.1428717,51.5175098],[-0.1429848,51.5176713],[-0.1431501,51.5178077],[-0.1433423,51.5179057],[-0.1437335,51.5180917],[-0.1439281,51.5181875],[-0.1440783,51.5182741],[-0.1441839,51.5183804],[-0.1461377,51.5227729],[-0.1462254,51.5229585],[-0.1466069,51.5236375]]}},{"type":"Feature","id":"bakerloo:oxfordcircusundergroundstation__piccadillycircusundergroundstation","properties":{"segmentId":"bakerloo:oxfordcircusundergroundstation__piccadillycircusundergroundstation","lineId":"bakerloo","lineName":"Bakerloo","fromStation":"Oxford Circus Underground Station","toStation":"Piccadilly Circus Underground Station","fromStationId":"940GZZLUOXC","toStationId":"940GZZLUPCC","valueDb":83,"passengerValueDb":83,"cabValueDb":null,"metric":"LAeq","unit":"dBA","observationCount":2,"dateMin":"2023-07-16","dateMax":"2023-07-16","positions":["standing"],"sourceIds":["bakerloo-r3292"],"rights":"unknown","confidenceTier":"A","geometryFallback":false,"hasPassenger":true,"hasCab":false},"geometry":{"type":"LineString","coordinates":[[-0.1344256,51.5100143],[-0.1350177,51.5099987],[-0.1352847,51.5099768],[-0.1357011,51.5099163],[-0.1360288,51.5098789],[-0.1363426,51.509859],[-0.1365106,51.5098538],[-0.1367628,51.5098587],[-0.1369627,51.5098762],[-0.1371313,51.5098993],[-0.1372662,51.5099219],[-0.1374186,51.5099543],[-0.1375423,51.5099891],[-0.1376316,51.5100206],[-0.1377613,51.5100748],[-0.1379091,51.5101468],[-0.1379523,51.5101723],[-0.1379899,51.5101965],[-0.1380213,51.5102213],[-0.1380983,51.5102848],[-0.1381428,51.510322],[-0.1381779,51.5103571],[-0.1383597,51.5105624],[-0.141065,51.5136367],[-0.141648,51.5144875],[-0.1417703,51.5148018],[-0.1418813,51.5151861],[-0.1419591,51.5154638]]}},{"type":"Feature","id":"bakerloo:charingcross__piccadillycircusundergroundstation","properties":{"segmentId":"bakerloo:charingcross__piccadillycircusundergroundstation","lineId":"bakerloo","lineName":"Bakerloo","fromStation":"Piccadilly Circus Underground Station","toStation":"Charing Cross","fromStationId":"940GZZLUPCC","toStationId":"HUBCHX","valueDb":85.5,"passengerValueDb":85.5,"cabValueDb":null,"metric":"LAeq","unit":"dBA","observationCount":2,"dateMin":"2023-07-16","dateMax":"2023-07-16","positions":["standing"],"sourceIds":["bakerloo-r3292"],"rights":"unknown","confidenceTier":"A","geometryFallback":false,"hasPassenger":true,"hasCab":false},"geometry":{"type":"LineString","coordinates":[[-0.1344313,51.5100502],[-0.1336725,51.5100696],[-0.1334669,51.5100696],[-0.133271,51.5100403],[-0.1331144,51.5099711],[-0.1329534,51.5098676],[-0.1327256,51.5096864],[-0.1325528,51.50952],[-0.1323159,51.5092316],[-0.1317462,51.5084826],[-0.1314463,51.5080904],[-0.1312184,51.5078967],[-0.1309756,51.5077636],[-0.1308182,51.5077069],[-0.1306331,51.5076816],[-0.1296846,51.5075914],[-0.129134,51.5075446],[-0.1283355,51.5075319],[-0.1279827,51.5075215],[-0.1277331,51.5075028],[-0.127518,51.5074743],[-0.1269759,51.5073975],[-0.1265255,51.507319]]}},{"type":"Feature","id":"bakerloo:charingcross__embankmentundergroundstation","properties":{"segmentId":"bakerloo:charingcross__embankmentundergroundstation","lineId":"bakerloo","lineName":"Bakerloo","fromStation":"Charing Cross","toStation":"Embankment Underground Station","fromStationId":"HUBCHX","toStationId":"940GZZLUEMB","valueDb":77.5,"passengerValueDb":77.5,"cabValueDb":null,"metric":"LAeq","unit":"dBA","observationCount":2,"dateMin":"2023-07-16","dateMax":"2023-07-16","positions":["standing"],"sourceIds":["bakerloo-r3292"],"rights":"unknown","confidenceTier":"A","geometryFallback":false,"hasPassenger":true,"hasCab":false},"geometry":{"type":"LineString","coordinates":[[-0.1265255,51.507319],[-0.1259385,51.5072077],[-0.1229841,51.5066338],[-0.1226003,51.5065336]]}},{"type":"Feature","id":"bakerloo:embankmentundergroundstation__waterloo","properties":{"segmentId":"bakerloo:embankmentundergroundstation__waterloo","lineId":"bakerloo","lineName":"Bakerloo","fromStation":"Embankment Underground Station","toStation":"Waterloo","fromStationId":"940GZZLUEMB","toStationId":"HUBWAT","valueDb":81.5,"passengerValueDb":81.5,"cabValueDb":null,"metric":"LAeq","unit":"dBA","observationCount":2,"dateMin":"2023-07-16","dateMax":"2023-07-16","positions":["standing"],"sourceIds":["bakerloo-r3292"],"rights":"unknown","confidenceTier":"A","geometryFallback":false,"hasPassenger":true,"hasCab":false},"geometry":{"type":"LineString","coordinates":[[-0.1226003,51.5065336],[-0.1224109,51.5064767],[-0.1221757,51.5063903],[-0.1217938,51.5062175],[-0.1214632,51.5060685],[-0.1211796,51.5059291],[-0.1192655,51.5049047],[-0.1190892,51.5048265],[-0.118924,51.5047638],[-0.118751,51.5047042],[-0.1184989,51.5046365],[-0.1157949,51.5039998],[-0.115446,51.5038842],[-0.11521,51.5037589],[-0.1149739,51.503542],[-0.1148666,51.5033423],[-0.114813,51.5031525],[-0.1148184,51.5029231]]}},{"type":"Feature","id":"bakerloo:lambethnorthundergroundstation__waterloo","properties":{"segmentId":"bakerloo:lambethnorthundergroundstation__waterloo","lineId":"bakerloo","lineName":"Bakerloo","fromStation":"Waterloo","toStation":"Lambeth North Underground Station","fromStationId":"HUBWAT","toStationId":"940GZZLULBN","valueDb":83.5,"passengerValueDb":83.5,"cabValueDb":null,"metric":"LAeq","unit":"dBA","observationCount":2,"dateMin":"2023-07-16","dateMax":"2023-07-16","positions":["standing"],"sourceIds":["bakerloo-r3292"],"rights":"unknown","confidenceTier":"A","geometryFallback":false,"hasPassenger":true,"hasCab":false},"geometry":{"type":"LineString","coordinates":[[-0.1148184,51.5029231],[-0.1148452,51.5026457],[-0.1151215,51.5008993],[-0.1151349,51.5006794],[-0.1151188,51.5005264],[-0.1150919,51.5003748],[-0.1150437,51.5002409],[-0.1149042,51.5000621],[-0.1145654,51.499908],[-0.1143601,51.4998147],[-0.113363,51.4993587],[-0.1129515,51.4991705],[-0.1128887,51.4991418],[-0.1124045,51.4989361],[-0.1124003,51.4989343],[-0.1123924,51.498931],[-0.1123879,51.4989291],[-0.1122419,51.4988685]]}},{"type":"Feature","id":"bakerloo:elephantandcastle__lambethnorthundergroundstation","properties":{"segmentId":"bakerloo:elephantandcastle__lambethnorthundergroundstation","lineId":"bakerloo","lineName":"Bakerloo","fromStation":"Lambeth North Underground Station","toStation":"Elephant & Castle","fromStationId":"940GZZLULBN","toStationId":"HUBEPH","valueDb":78,"passengerValueDb":78,"cabValueDb":null,"metric":"LAeq","unit":"dBA","observationCount":2,"dateMin":"2023-07-16","dateMax":"2023-07-16","positions":["standing"],"sourceIds":["bakerloo-r3292"],"rights":"unknown","confidenceTier":"A","geometryFallback":false,"hasPassenger":true,"hasCab":false},"geometry":{"type":"LineString","coordinates":[[-0.1122419,51.4988685],[-0.1115801,51.4986087],[-0.1111368,51.498467],[-0.1109346,51.4984249],[-0.110884,51.4984143],[-0.1106117,51.4983716],[-0.1103705,51.4983571],[-0.1098775,51.4983435],[-0.1094204,51.4983664],[-0.1059791,51.4985939],[-0.1055285,51.4986039],[-0.105035,51.4985585],[-0.1045656,51.4984428],[-0.1040635,51.4981651],[-0.1021568,51.4966742],[-0.1019108,51.4964819],[-0.101666,51.4962905],[-0.1014461,51.4961385],[-0.1013565,51.496072],[-0.1011026,51.495876]]}},{"type":"Feature","id":"bakerloo:queenspark__queenspark","properties":{"segmentId":"bakerloo:queenspark__queenspark","lineId":"bakerloo","lineName":"Bakerloo","fromStation":"Queen's Park","toStation":"Queen's Park","fromStationId":"HUBQPW","toStationId":"HUBQPW","valueDb":66,"passengerValueDb":66,"cabValueDb":null,"metric":"LAeq","unit":"dBA","observationCount":1,"dateMin":"2023-07-16","dateMax":"2023-07-16","positions":["standing"],"sourceIds":["bakerloo-r3292"],"rights":"unknown","confidenceTier":"A","geometryFallback":true,"hasPassenger":true,"hasCab":false},"geometry":{"type":"LineString","coordinates":[[-0.204882,51.534443],[-0.204882,51.534443]]}},{"type":"Feature","id":"bakerloo:kensalgreen__queenspark","properties":{"segmentId":"bakerloo:kensalgreen__queenspark","lineId":"bakerloo","lineName":"Bakerloo","fromStation":"Queen's Park","toStation":"Kensal Green","fromStationId":"HUBQPW","toStationId":"HUBKNL","valueDb":73,"passengerValueDb":73,"cabValueDb":null,"metric":"LAeq","unit":"dBA","observationCount":1,"dateMin":"2023-07-16","dateMax":"2023-07-16","positions":["standing"],"sourceIds":["bakerloo-r3292"],"rights":"unknown","confidenceTier":"A","geometryFallback":false,"hasPassenger":true,"hasCab":false},"geometry":{"type":"LineString","coordinates":[[-0.2047811,51.5341355],[-0.205582,51.5339844],[-0.20619,51.5338735],[-0.2063126,51.5338499],[-0.2063519,51.5338431],[-0.2064687,51.5338185],[-0.2067895,51.5337368],[-0.2069929,51.5336888],[-0.2072776,51.5336326],[-0.2087854,51.533371],[-0.2091051,51.5333143],[-0.2092264,51.5332845],[-0.2094845,51.5332456],[-0.2096435,51.533218],[-0.2098562,51.533183],[-0.2100681,51.5331529],[-0.2103239,51.5331214],[-0.2108212,51.5330575],[-0.211249,51.532997],[-0.2115268,51.5329537],[-0.2118428,51.5328973],[-0.2121947,51.5328279],[-0.2155184,51.532117],[-0.2170896,51.5317727],[-0.2183433,51.5314807],[-0.2190463,51.5313188],[-0.2194085,51.5312391],[-0.2197735,51.5311636],[-0.2201478,51.5310921],[-0.2205239,51.5310241],[-0.2209144,51.5309575],[-0.2213065,51.5308967],[-0.2216898,51.5308404],[-0.2220748,51.5307885],[-0.2223978,51.5307517],[-0.2227207,51.5307214],[-0.2231369,51.5306858],[-0.2240007,51.5306165],[-0.2247412,51.5305581],[-0.2248077,51.5305528],[-0.2250489,51.5305349]]}},{"type":"Feature","id":"bakerloo:kensalgreen__willesdenjunction","properties":{"segmentId":"bakerloo:kensalgreen__willesdenjunction","lineId":"bakerloo","lineName":"Bakerloo","fromStation":"Kensal Green","toStation":"Willesden Junction","fromStationId":"HUBKNL","toStationId":"HUBWIJ","valueDb":76,"passengerValueDb":76,"cabValueDb":null,"metric":"LAeq","unit":"dBA","observationCount":1,"dateMin":"2023-07-16","dateMax":"2023-07-16","positions":["standing"],"sourceIds":["bakerloo-r3292"],"rights":"unknown","confidenceTier":"A","geometryFallback":false,"hasPassenger":true,"hasCab":false},"geometry":{"type":"LineString","coordinates":[[-0.2431073,51.5322791],[-0.2429404,51.5322525],[-0.2427514,51.5322267],[-0.2424354,51.532192],[-0.2418344,51.5321344],[-0.2413625,51.5320889],[-0.2405692,51.5320117],[-0.2403085,51.5319843],[-0.2400127,51.5319446],[-0.2397721,51.5319006],[-0.2395356,51.5318467],[-0.2392755,51.5317713],[-0.2390613,51.5316986],[-0.2388402,51.5316166],[-0.2386133,51.531514],[-0.2384305,51.5314172],[-0.2382196,51.5313048],[-0.2380123,51.5311773],[-0.2376484,51.5309573],[-0.2373497,51.5308037],[-0.2371193,51.5306989],[-0.2368757,51.5306074],[-0.2367103,51.5305562],[-0.2365185,51.5305036],[-0.23627,51.5304439],[-0.2359812,51.5303951],[-0.2355872,51.5303504],[-0.2350631,51.5303054],[-0.2346508,51.5302813],[-0.2341334,51.5302475],[-0.2336533,51.5302203],[-0.2331231,51.5302022],[-0.2325192,51.530203],[-0.2316729,51.5302157],[-0.2306035,51.5302618],[-0.2295353,51.5303248],[-0.2292309,51.5303426],[-0.2273862,51.5304561],[-0.2268789,51.5304873],[-0.2250586,51.5305992]]}},{"type":"Feature","id":"bakerloo:harlesden__willesdenjunction","properties":{"segmentId":"bakerloo:harlesden__willesdenjunction","lineId":"bakerloo","lineName":"Bakerloo","fromStation":"Willesden Junction","toStation":"Harlesden","fromStationId":"HUBWIJ","toStationId":"HUBHDN","valueDb":74,"passengerValueDb":74,"cabValueDb":null,"metric":"LAeq","unit":"dBA","observationCount":1,"dateMin":"2023-07-16","dateMax":"2023-07-16","positions":["standing"],"sourceIds":["bakerloo-r3292"],"rights":"unknown","confidenceTier":"A","geometryFallback":false,"hasPassenger":true,"hasCab":false},"geometry":{"type":"LineString","coordinates":[[-0.2578016,51.5363618],[-0.2574201,51.5361968],[-0.2572878,51.5361449],[-0.257253,51.5361286],[-0.2568208,51.535954],[-0.2561902,51.5357083],[-0.255906,51.5355964],[-0.2531207,51.5345154],[-0.2528103,51.5343741],[-0.2520163,51.5340561],[-0.2515013,51.533849],[-0.250784,51.5336112],[-0.2501419,51.5334099],[-0.2492757,51.5331522],[-0.2483243,51.5328996],[-0.2478016,51.5327847],[-0.2477779,51.5327804],[-0.2473842,51.5327085],[-0.2473116,51.5326952],[-0.246435,51.5325929],[-0.2462771,51.5325784],[-0.2460724,51.5325635],[-0.2458562,51.5325517],[-0.2456122,51.5325448],[-0.2450671,51.5325451],[-0.2448529,51.5325404],[-0.2446233,51.5325295],[-0.24446,51.532517],[-0.2442964,51.5325002],[-0.2441429,51.5324822],[-0.2439803,51.5324581],[-0.2439253,51.532448],[-0.2438159,51.5324278],[-0.2432935,51.5323157],[-0.2431073,51.5322791]]}},{"type":"Feature","id":"bakerloo:harlesden__stonebridgepark","properties":{"segmentId":"bakerloo:harlesden__stonebridgepark","lineId":"bakerloo","lineName":"Bakerloo","fromStation":"Harlesden","toStation":"Stonebridge Park","fromStationId":"HUBHDN","toStationId":"HUBSBP","valueDb":66,"passengerValueDb":66,"cabValueDb":null,"metric":"LAeq","unit":"dBA","observationCount":1,"dateMin":"2023-07-16","dateMax":"2023-07-16","positions":["standing"],"sourceIds":["bakerloo-r3292"],"rights":"unknown","confidenceTier":"A","geometryFallback":false,"hasPassenger":true,"hasCab":false},"geometry":{"type":"LineString","coordinates":[[-0.2757082,51.5439389],[-0.2751256,51.5437221],[-0.2746764,51.5435575],[-0.2740247,51.5433123],[-0.2724269,51.5427025],[-0.2711311,51.5422206],[-0.2704686,51.5419764],[-0.2695089,51.5415825],[-0.2683655,51.541103],[-0.2673077,51.5406477],[-0.266712,51.5403836],[-0.2664588,51.5402759],[-0.2662043,51.540168],[-0.265834,51.5400033],[-0.2650939,51.5396857],[-0.2635816,51.5390204],[-0.2631597,51.5388318],[-0.262794,51.5386668],[-0.2620375,51.5383301],[-0.2606584,51.5376625],[-0.2599028,51.5373417],[-0.2588607,51.5368489],[-0.2581777,51.5365311],[-0.2578016,51.5363618]]}},{"type":"Feature","id":"northern:mordenundergroundstation__southwimbledonundergroundstation","properties":{"segmentId":"northern:mordenundergroundstation__southwimbledonundergroundstation","lineId":"northern","lineName":"Northern","fromStation":"Morden Underground Station","toStation":"South Wimbledon Underground Station","fromStationId":"940GZZLUMDN","toStationId":"940GZZLUSWN","valueDb":82.7,"passengerValueDb":null,"cabValueDb":82.7,"metric":"LAeq","unit":"dBA","observationCount":2,"dateMin":"2020-11-25","dateMax":"2020-11-25","positions":["cab"],"sourceIds":["northern-r2900"],"rights":"unknown","confidenceTier":"B","geometryFallback":false,"hasPassenger":false,"hasCab":true},"geometry":{"type":"LineString","coordinates":[[-0.1924922,51.415185],[-0.192745,51.4150873],[-0.1929729,51.414988],[-0.1932934,51.4148483],[-0.1937658,51.4146188],[-0.1940562,51.4144661],[-0.1946426,51.4140087],[-0.1950819,51.4136297],[-0.1955202,51.4132362],[-0.1957482,51.4128544],[-0.1957857,51.4124841],[-0.1957616,51.4120785],[-0.1956462,51.4115495],[-0.1952681,51.4106006],[-0.1948979,51.40965],[-0.1947713,51.4089035],[-0.1946973,51.4080981],[-0.1947051,51.4042498],[-0.1947053,51.404159],[-0.1947092,51.4041324],[-0.1947086,51.4034911],[-0.1947071,51.4033833],[-0.1947049,51.4033083],[-0.1946989,51.4032429],[-0.1946906,51.4031912],[-0.1946699,51.4030814],[-0.1946558,51.4029666],[-0.1946509,51.4028689],[-0.1946534,51.4027484]]}},{"type":"Feature","id":"northern:collierswoodundergroundstation__southwimbledonundergroundstation","properties":{"segmentId":"northern:collierswoodundergroundstation__southwimbledonundergroundstation","lineId":"northern","lineName":"Northern","fromStation":"South Wimbledon Underground Station","toStation":"Colliers Wood Underground Station","fromStationId":"940GZZLUSWN","toStationId":"940GZZLUCSD","valueDb":78.2,"passengerValueDb":null,"cabValueDb":78.2,"metric":"LAeq","unit":"dBA","observationCount":2,"dateMin":"2020-11-25","dateMax":"2020-11-25","positions":["cab"],"sourceIds":["northern-r2900"],"rights":"unknown","confidenceTier":"B","geometryFallback":false,"hasPassenger":false,"hasCab":true},"geometry":{"type":"LineString","coordinates":[[-0.1926019,51.4152376],[-0.1923542,51.4153226],[-0.19195,51.4154454],[-0.1916877,51.4154991],[-0.1913877,51.4155575],[-0.1905696,51.4156549],[-0.1895932,51.4157421],[-0.1881662,51.4158478],[-0.1870577,51.4159747],[-0.1844502,51.4161542],[-0.183474,51.416213],[-0.1821614,51.4162695],[-0.1820437,51.4162848],[-0.181257,51.4164651],[-0.1805763,51.4166274],[-0.180312,51.4166819],[-0.1800252,51.4167594],[-0.179656,51.4169271],[-0.1788843,51.4173365],[-0.1786244,51.4175581],[-0.1784608,51.4177004],[-0.1783308,51.4178376],[-0.1780571,51.4181425],[-0.1778094,51.4184245]]}},{"type":"Feature","id":"northern:collierswoodundergroundstation__tootingbroadwayundergroundstation","properties":{"segmentId":"northern:collierswoodundergroundstation__tootingbroadwayundergroundstation","lineId":"northern","lineName":"Northern","fromStation":"Colliers Wood Underground Station","toStation":"Tooting Broadway Underground Station","fromStationId":"940GZZLUCSD","toStationId":"940GZZLUTBY","valueDb":78.1,"passengerValueDb":null,"cabValueDb":78.1,"metric":"LAeq","unit":"dBA","observationCount":2,"dateMin":"2020-11-25","dateMax":"2020-11-25","positions":["cab"],"sourceIds":["northern-r2900"],"rights":"unknown","confidenceTier":"B","geometryFallback":false,"hasPassenger":false,"hasCab":true},"geometry":{"type":"LineString","coordinates":[[-0.1682369,51.4276917],[-0.1686018,51.427371],[-0.1686453,51.4273327],[-0.1688352,51.4272054],[-0.169267,51.4267819],[-0.1695516,51.4264251],[-0.1699563,51.4258837],[-0.1705558,51.4251757],[-0.1706979,51.4250323],[-0.1732946,51.4230177],[-0.1735554,51.4227962],[-0.1738595,51.4225175],[-0.1741451,51.4222527],[-0.1748559,51.421495],[-0.1757839,51.4204536],[-0.1766109,51.419587],[-0.1771036,51.4190825],[-0.1776467,51.4184226],[-0.1779011,51.4181291]]}},{"type":"Feature","id":"northern:balham__claphamsouthundergroundstation","properties":{"segmentId":"northern:balham__claphamsouthundergroundstation","lineId":"northern","lineName":"Northern","fromStation":"Balham","toStation":"Clapham South Underground Station","fromStationId":"HUBBAL","toStationId":"940GZZLUCPS","valueDb":78.7,"passengerValueDb":null,"cabValueDb":78.7,"metric":"LAeq","unit":"dBA","observationCount":2,"dateMin":"2020-11-25","dateMax":"2020-11-25","positions":["cab"],"sourceIds":["northern-r2900"],"rights":"unknown","confidenceTier":"B","geometryFallback":false,"hasPassenger":false,"hasCab":true},"geometry":{"type":"LineString","coordinates":[[-0.147572,51.4527513],[-0.1477012,51.4525117],[-0.14778,51.4522647],[-0.147823,51.4521274],[-0.1478246,51.451129],[-0.1478667,51.4508106],[-0.1479426,51.4502369],[-0.1480051,51.4490408],[-0.1480163,51.4489571],[-0.1480253,51.4488776],[-0.1480397,51.4488249],[-0.1480523,51.4487692],[-0.1487346,51.4475908],[-0.1492133,51.4468922],[-0.1496033,51.4462982],[-0.1500049,51.4459604],[-0.1503941,51.4457207],[-0.1512747,51.445168],[-0.1519954,51.4443705],[-0.152462,51.4437904],[-0.15275,51.443447],[-0.1528186,51.4433718]]}},{"type":"Feature","id":"northern:claphamcommonundergroundstation__claphamsouthundergroundstation","properties":{"segmentId":"northern:claphamcommonundergroundstation__claphamsouthundergroundstation","lineId":"northern","lineName":"Northern","fromStation":"Clapham South Underground Station","toStation":"Clapham Common Underground Station","fromStationId":"940GZZLUCPS","toStationId":"940GZZLUCPC","valueDb":75.3,"passengerValueDb":null,"cabValueDb":75.3,"metric":"LAeq","unit":"dBA","observationCount":2,"dateMin":"2020-11-25","dateMax":"2020-11-25","positions":["cab"],"sourceIds":["northern-r2900"],"rights":"unknown","confidenceTier":"B","geometryFallback":false,"hasPassenger":false,"hasCab":true},"geometry":{"type":"LineString","coordinates":[[-0.1374485,51.4620215],[-0.1374806,51.462012],[-0.1376298,51.4619559],[-0.1377823,51.4618717],[-0.1378481,51.4618258],[-0.1378998,51.4617897],[-0.1379809,51.4617331],[-0.1382813,51.4615303],[-0.1388697,51.4611995],[-0.1393657,51.4609353],[-0.1414932,51.4595184],[-0.14252,51.4583413],[-0.1431273,51.4576321],[-0.1432636,51.457473],[-0.1435462,51.4571492],[-0.1449758,51.4556076],[-0.1460914,51.4544097],[-0.1465439,51.4539375],[-0.1465808,51.453899],[-0.1471973,51.4532556],[-0.1473042,51.4531216],[-0.1473332,51.4530856],[-0.1473927,51.4530117],[-0.147572,51.4527513]]}},{"type":"Feature","id":"northern:claphamcommonundergroundstation__claphamnorthundergroundstation","properties":{"segmentId":"northern:claphamcommonundergroundstation__claphamnorthundergroundstation","lineId":"northern","lineName":"Northern","fromStation":"Clapham Common Underground Station","toStation":"Clapham North Underground Station","fromStationId":"940GZZLUCPC","toStationId":"940GZZLUCPN","valueDb":76.2,"passengerValueDb":null,"cabValueDb":76.2,"metric":"LAeq","unit":"dBA","observationCount":2,"dateMin":"2020-11-25","dateMax":"2020-11-25","positions":["cab"],"sourceIds":["northern-r2900"],"rights":"unknown","confidenceTier":"B","geometryFallback":false,"hasPassenger":false,"hasCab":true},"geometry":{"type":"LineString","coordinates":[[-0.1296428,51.4653766],[-0.1298918,51.4651246],[-0.1300635,51.4649704],[-0.1304291,51.4647078],[-0.1308221,51.464483],[-0.1327855,51.4636124],[-0.133148,51.4634787],[-0.1347759,51.4628782],[-0.1364994,51.4623027],[-0.1370172,51.4621485],[-0.1374485,51.4620215]]}},{"type":"Feature","id":"northern:claphamnorthundergroundstation__stockwellundergroundstation","properties":{"segmentId":"northern:claphamnorthundergroundstation__stockwellundergroundstation","lineId":"northern","lineName":"Northern","fromStation":"Clapham North Underground Station","toStation":"Stockwell Underground Station","fromStationId":"940GZZLUCPN","toStationId":"940GZZLUSKW","valueDb":82.7,"passengerValueDb":null,"cabValueDb":82.7,"metric":"LAeq","unit":"dBA","observationCount":2,"dateMin":"2020-11-25","dateMax":"2020-11-25","positions":["cab"],"sourceIds":["northern-r2900"],"rights":"unknown","confidenceTier":"B","geometryFallback":false,"hasPassenger":false,"hasCab":true},"geometry":{"type":"LineString","coordinates":[[-0.1224818,51.4721981],[-0.1232966,51.4714602],[-0.1242936,51.470587],[-0.1247294,51.4702557],[-0.1252326,51.4698731],[-0.1262563,51.4691713],[-0.1265772,51.4689486],[-0.1274393,51.4682196],[-0.1277072,51.467993],[-0.128109,51.4674827],[-0.1281565,51.4674224],[-0.1291559,51.4659426],[-0.1296428,51.4653766]]}},{"type":"Feature","id":"northern:ovalundergroundstation__stockwellundergroundstation","properties":{"segmentId":"northern:ovalundergroundstation__stockwellundergroundstation","lineId":"northern","lineName":"Northern","fromStation":"Stockwell Underground Station","toStation":"Oval Underground Station","fromStationId":"940GZZLUSKW","toStationId":"940GZZLUOVL","valueDb":79.7,"passengerValueDb":null,"cabValueDb":79.7,"metric":"LAeq","unit":"dBA","observationCount":2,"dateMin":"2020-11-25","dateMax":"2020-11-25","positions":["cab"],"sourceIds":["northern-r2900"],"rights":"unknown","confidenceTier":"B","geometryFallback":false,"hasPassenger":false,"hasCab":true},"geometry":{"type":"LineString","coordinates":[[-0.1123223,51.481841],[-0.1130726,51.4810041],[-0.1144397,51.4798212],[-0.1152116,51.4790909],[-0.1168683,51.4775135],[-0.1172716,51.4771295],[-0.1189141,51.4755753],[-0.1193373,51.4751747],[-0.1211381,51.4734706],[-0.1224818,51.4721981]]}},{"type":"Feature","id":"northern:kenningtonundergroundstation__ovalundergroundstation","properties":{"segmentId":"northern:kenningtonundergroundstation__ovalundergroundstation","lineId":"northern","lineName":"Northern","fromStation":"Oval Underground Station","toStation":"Kennington Underground Station","fromStationId":"940GZZLUOVL","toStationId":"940GZZLUKNG","valueDb":76.3,"passengerValueDb":null,"cabValueDb":76.3,"metric":"LAeq","unit":"dBA","observationCount":2,"dateMin":"2020-11-25","dateMax":"2020-11-25","positions":["cab"],"sourceIds":["northern-r2900"],"rights":"unknown","confidenceTier":"B","geometryFallback":false,"hasPassenger":false,"hasCab":true},"geometry":{"type":"LineString","coordinates":[[-0.1055509,51.4886792],[-0.106554,51.4876575],[-0.1068914,51.4873316],[-0.1071323,51.4870701],[-0.1072479,51.486945],[-0.1073112,51.486853],[-0.107401,51.4866795],[-0.1074862,51.4865687],[-0.1113793,51.4827405],[-0.1120687,51.4821103],[-0.1123223,51.481841]]}},{"type":"Feature","id":"northern:elephantandcastle__kenningtonundergroundstation","properties":{"segmentId":"northern:elephantandcastle__kenningtonundergroundstation","lineId":"northern","lineName":"Northern","fromStation":"Kennington Underground Station","toStation":"Elephant & Castle","fromStationId":"940GZZLUKNG","toStationId":"HUBEPH","valueDb":81.3,"passengerValueDb":null,"cabValueDb":81.3,"metric":"LAeq","unit":"dBA","observationCount":2,"dateMin":"2020-11-25","dateMax":"2020-11-25","positions":["cab"],"sourceIds":["northern-r2900"],"rights":"unknown","confidenceTier":"B","geometryFallback":false,"hasPassenger":false,"hasCab":true},"geometry":{"type":"LineString","coordinates":[[-0.1005484,51.4949204],[-0.1005548,51.4948152],[-0.100569,51.4945816],[-0.1005808,51.4943861],[-0.1006338,51.4939459],[-0.1006828,51.4936357],[-0.1007062,51.4934933],[-0.1007467,51.4933089],[-0.1008081,51.4931794],[-0.1009556,51.4929569],[-0.1011798,51.4926893],[-0.101857,51.4921897],[-0.102514,51.491709],[-0.1026553,51.4915998],[-0.1030738,51.4912491],[-0.1042305,51.4900923],[-0.1044222,51.4899065],[-0.1051981,51.4890919],[-0.1055509,51.4886792]]}},{"type":"Feature","id":"northern:boroughundergroundstation__elephantandcastle","properties":{"segmentId":"northern:boroughundergroundstation__elephantandcastle","lineId":"northern","lineName":"Northern","fromStation":"Elephant & Castle","toStation":"Borough Underground Station","fromStationId":"HUBEPH","toStationId":"940GZZLUBOR","valueDb":78.4,"passengerValueDb":null,"cabValueDb":78.4,"metric":"LAeq","unit":"dBA","observationCount":2,"dateMin":"2020-11-25","dateMax":"2020-11-25","positions":["cab"],"sourceIds":["northern-r2900"],"rights":"unknown","confidenceTier":"B","geometryFallback":false,"hasPassenger":false,"hasCab":true},"geometry":{"type":"LineString","coordinates":[[-0.0934194,51.5010936],[-0.0937887,51.5008538],[-0.0953273,51.5000091],[-0.0957594,51.499769],[-0.0965572,51.4993135],[-0.0968818,51.4990977],[-0.0972653,51.4988304],[-0.0977094,51.498527],[-0.0993663,51.4970547],[-0.0995386,51.4968424],[-0.0997443,51.4965849],[-0.0999393,51.4963259],[-0.1001617,51.4960333],[-0.1003207,51.4958285],[-0.1003951,51.4956943],[-0.1004635,51.4955281],[-0.1005082,51.4953853],[-0.1005278,51.4952545],[-0.1005335,51.4951655],[-0.1005417,51.4950294],[-0.1005484,51.4949204]]}},{"type":"Feature","id":"northern:boroughundergroundstation__londonbridge","properties":{"segmentId":"northern:boroughundergroundstation__londonbridge","lineId":"northern","lineName":"Northern","fromStation":"Borough Underground Station","toStation":"London Bridge","fromStationId":"940GZZLUBOR","toStationId":"HUBLBG","valueDb":79.1,"passengerValueDb":null,"cabValueDb":79.1,"metric":"LAeq","unit":"dBA","observationCount":2,"dateMin":"2020-11-25","dateMax":"2020-11-25","positions":["cab"],"sourceIds":["northern-r2900"],"rights":"unknown","confidenceTier":"B","geometryFallback":false,"hasPassenger":false,"hasCab":true},"geometry":{"type":"LineString","coordinates":[[-0.0934106,51.5010885],[-0.0925979,51.5017739],[-0.0924691,51.5019325],[-0.0924155,51.5020294],[-0.0922871,51.5023084],[-0.0921231,51.5026071],[-0.0914097,51.5035187],[-0.0910721,51.503831],[-0.0907422,51.5040781],[-0.0894011,51.5050181],[-0.0885535,51.5057109]]}},{"type":"Feature","id":"northern:bank__londonbridge","properties":{"segmentId":"northern:bank__londonbridge","lineId":"northern","lineName":"Northern","fromStation":"London Bridge","toStation":"Bank","fromStationId":"HUBLBG","toStationId":"HUBBAN","valueDb":79.9,"passengerValueDb":null,"cabValueDb":79.9,"metric":"LAeq","unit":"dBA","observationCount":2,"dateMin":"2020-11-25","dateMax":"2020-11-25","positions":["cab"],"sourceIds":["northern-r2900"],"rights":"unknown","confidenceTier":"B","geometryFallback":false,"hasPassenger":false,"hasCab":true},"geometry":{"type":"LineString","coordinates":[[-0.0885535,51.5057109],[-0.0883075,51.5059043],[-0.0881214,51.506043],[-0.087714,51.5063053],[-0.0874779,51.5064522],[-0.0871668,51.5066425],[-0.0869254,51.5069263],[-0.0867181,51.5074273],[-0.0866516,51.5078819],[-0.0866365,51.5083587],[-0.0866481,51.5085864],[-0.0867331,51.5087794],[-0.0868838,51.5090333],[-0.0870832,51.5093558],[-0.0870989,51.5094249],[-0.0870748,51.5096394],[-0.0870292,51.5097989],[-0.0868575,51.510259],[-0.0868199,51.510393],[-0.0867985,51.5105372],[-0.0867958,51.5106567],[-0.0867792,51.5108016],[-0.0867902,51.510862],[-0.0868153,51.510907],[-0.0869254,51.5110653],[-0.0872036,51.5114563],[-0.0873714,51.5116749],[-0.0876995,51.5120856],[-0.088063,51.5125407],[-0.0885199,51.5130454]]}},{"type":"Feature","id":"northern:bank__mordenundergroundstation","properties":{"segmentId":"northern:bank__mordenundergroundstation","lineId":"northern","lineName":"Northern","fromStation":"Bank","toStation":"Morden Underground Station","fromStationId":"HUBBAN","toStationId":"940GZZLUMDN","valueDb":77,"passengerValueDb":null,"cabValueDb":77,"metric":"LAeq","unit":"dBA","observationCount":1,"dateMin":"2020-11-25","dateMax":"2020-11-25","positions":["cab"],"sourceIds":["northern-r2900"],"rights":"unknown","confidenceTier":"B","geometryFallback":false,"hasPassenger":false,"hasCab":true},"geometry":{"type":"LineString","coordinates":[[-0.0895486,51.5134089],[-0.0892978,51.5129413],[-0.0887225,51.5120862],[-0.0883523,51.5115862],[-0.0878266,51.5108374],[-0.0875235,51.5104672],[-0.0873707,51.5102209],[-0.0872799,51.5100226],[-0.0872691,51.5098431],[-0.0872587,51.5096737],[-0.0873224,51.5094178],[-0.0873143,51.509295],[-0.0872584,51.509174],[-0.0871212,51.508963],[-0.0870075,51.5086936],[-0.0869522,51.5085143],[-0.0869541,51.5082634],[-0.0869595,51.5079016],[-0.0870788,51.507421],[-0.0872852,51.5070036],[-0.0874994,51.5068419],[-0.0877488,51.5067098],[-0.0882424,51.5065381],[-0.088575,51.5063727],[-0.088819,51.5062105],[-0.0889075,51.5061452],[-0.0890899,51.5060106],[-0.0896049,51.5055223],[-0.0902736,51.5048831],[-0.0906743,51.5044394],[-0.0909711,51.5040714],[-0.0912314,51.5037739],[-0.0916453,51.5033],[-0.0920786,51.5027122],[-0.0922779,51.5023623],[-0.0924653,51.5019827],[-0.092634,51.5017623],[-0.0931576,51.5012993],[-0.0934194,51.5010936],[-0.0937887,51.5008538],[-0.0953273,51.5000091],[-0.0957594,51.499769],[-0.0965572,51.4993135],[-0.0968818,51.4990977],[-0.0972653,51.4988304],[-0.0977094,51.498527],[-0.0993663,51.4970547],[-0.0995386,51.4968424],[-0.0997443,51.4965849],[-0.0999393,51.4963259],[-0.1001617,51.4960333],[-0.1003207,51.4958285],[-0.1003951,51.4956943],[-0.1004635,51.4955281],[-0.1005082,51.4953853],[-0.1005278,51.4952545],[-0.1005335,51.4951655],[-0.1005417,51.4950294],[-0.1005484,51.4949204],[-0.1005548,51.4948152],[-0.100569,51.4945816],[-0.1005808,51.4943861],[-0.1006338,51.4939459],[-0.1006828,51.4936357],[-0.1007062,51.4934933],[-0.1007467,51.4933089],[-0.1008081,51.4931794],[-0.1009556,51.4929569],[-0.1011798,51.4926893],[-0.101857,51.4921897],[-0.102514,51.491709],[-0.1026553,51.4915998],[-0.1030738,51.4912491],[-0.1042305,51.4900923],[-0.1044222,51.4899065],[-0.1051981,51.4890919],[-0.1055509,51.4886792],[-0.106554,51.4876575],[-0.1068914,51.4873316],[-0.1071323,51.4870701],[-0.1072479,51.486945],[-0.1073112,51.486853],[-0.107401,51.4866795],[-0.1074862,51.4865687],[-0.1113793,51.4827405],[-0.1120687,51.4821103],[-0.1123223,51.481841],[-0.1130726,51.4810041],[-0.1144397,51.4798212],[-0.1152116,51.4790909],[-0.1168683,51.4775135],[-0.1172716,51.4771295],[-0.1189141,51.4755753],[-0.1193373,51.4751747],[-0.1211381,51.4734706],[-0.1224818,51.4721981],[-0.1232966,51.4714602],[-0.1242936,51.470587],[-0.1247294,51.4702557],[-0.1252326,51.4698731],[-0.1262563,51.4691713],[-0.1265772,51.4689486],[-0.1274393,51.4682196],[-0.1277072,51.467993],[-0.128109,51.4674827],[-0.1281565,51.4674224],[-0.1291559,51.4659426],[-0.1296428,51.4653766],[-0.1298918,51.4651246],[-0.1300635,51.4649704],[-0.1304291,51.4647078],[-0.1308221,51.464483],[-0.1327855,51.4636124],[-0.133148,51.4634787],[-0.1347759,51.4628782],[-0.1364994,51.4623027],[-0.1370172,51.4621485],[-0.1374485,51.4620215],[-0.1374806,51.462012],[-0.1376298,51.4619559],[-0.1377823,51.4618717],[-0.1378481,51.4618258],[-0.1378998,51.4617897],[-0.1379809,51.4617331],[-0.1382813,51.4615303],[-0.1388697,51.4611995],[-0.1393657,51.4609353],[-0.1414932,51.4595184],[-0.14252,51.4583413],[-0.1431273,51.4576321],[-0.1432636,51.457473],[-0.1435462,51.4571492],[-0.1449758,51.4556076],[-0.1460914,51.4544097],[-0.1465439,51.4539375],[-0.1465808,51.453899],[-0.1471973,51.4532556],[-0.1473042,51.4531216],[-0.1473332,51.4530856],[-0.1473927,51.4530117],[-0.147572,51.4527513],[-0.1477012,51.4525117],[-0.14778,51.4522647],[-0.147823,51.4521274],[-0.1478246,51.451129],[-0.1478667,51.4508106],[-0.1479426,51.4502369],[-0.1480051,51.4490408],[-0.1480163,51.4489571],[-0.1480253,51.4488776],[-0.1480397,51.4488249],[-0.1480523,51.4487692],[-0.1487346,51.4475908],[-0.1492133,51.4468922],[-0.1496033,51.4462982],[-0.1500049,51.4459604],[-0.1503941,51.4457207],[-0.1512747,51.445168],[-0.1519954,51.4443705],[-0.152462,51.4437904],[-0.15275,51.443447],[-0.1528186,51.4433718],[-0.15296,51.443199],[-0.1531195,51.4430038],[-0.1533013,51.4427826],[-0.155187,51.4404878],[-0.1559461,51.43928],[-0.1566684,51.4378739],[-0.1572287,51.4372959],[-0.1583335,51.4363843],[-0.1589128,51.4360081],[-0.1590407,51.4359333],[-0.1592987,51.4357824],[-0.1598208,51.4355269],[-0.1604979,51.4352418],[-0.1612097,51.4348656],[-0.1615151,51.4346777],[-0.1621663,51.4342415],[-0.1627351,51.4337909],[-0.1634107,51.4331139],[-0.1635821,51.4328656],[-0.1637225,51.4325488],[-0.1639167,51.4320762],[-0.1640189,51.4318777],[-0.1647738,51.4310947],[-0.1666569,51.4292455],[-0.167733,51.428231],[-0.167951,51.4279696],[-0.1681201,51.4278007],[-0.1682369,51.4276917],[-0.1686018,51.427371],[-0.1686453,51.4273327],[-0.1688352,51.4272054],[-0.169267,51.4267819],[-0.1695516,51.4264251],[-0.1699563,51.4258837],[-0.1705558,51.4251757],[-0.1706979,51.4250323],[-0.1732946,51.4230177],[-0.1735554,51.4227962],[-0.1738595,51.4225175],[-0.1741451,51.4222527],[-0.1748559,51.421495],[-0.1757839,51.4204536],[-0.1766109,51.419587],[-0.1771036,51.4190825],[-0.1776467,51.4184226],[-0.1779011,51.4181291],[-0.1779297,51.4180961],[-0.1781953,51.4178313],[-0.1783738,51.4176668],[-0.1785574,51.4175172],[-0.1788199,51.4173148],[-0.1796201,51.4169036],[-0.1799872,51.4167279],[-0.1802979,51.4166401],[-0.1805478,51.4165802],[-0.1808571,51.4165111],[-0.1820346,51.4162393],[-0.1821673,51.4162268],[-0.1836603,51.416149],[-0.1860716,51.4159848],[-0.1870526,51.4159117],[-0.188166,51.415798],[-0.1895963,51.4156937],[-0.1905944,51.4156062],[-0.1913535,51.4155232],[-0.1916553,51.4154595],[-0.191898,51.4153956],[-0.1922929,51.4152575],[-0.1924922,51.415185],[-0.192745,51.4150873],[-0.1929729,51.414988],[-0.1932934,51.4148483],[-0.1937658,51.4146188],[-0.1940562,51.4144661],[-0.1946426,51.4140087],[-0.1950819,51.4136297],[-0.1955202,51.4132362],[-0.1957482,51.4128544],[-0.1957857,51.4124841],[-0.1957616,51.4120785],[-0.1956462,51.4115495],[-0.1952681,51.4106006],[-0.1948979,51.40965],[-0.1947713,51.4089035],[-0.1946973,51.4080981],[-0.1947051,51.4042498],[-0.1947053,51.404159],[-0.1947092,51.4041324],[-0.1947086,51.4034911],[-0.1947071,51.4033833],[-0.1947049,51.4033083],[-0.1946989,51.4032429],[-0.1946906,51.4031912],[-0.1946699,51.4030814],[-0.1946558,51.4029666],[-0.1946509,51.4028689],[-0.1946534,51.4027484]]}},{"type":"Feature","id":"northern:mordenundergroundstation__oldstreet","properties":{"segmentId":"northern:mordenundergroundstation__oldstreet","lineId":"northern","lineName":"Northern","fromStation":"Morden Underground Station","toStation":"Old Street","fromStationId":"940GZZLUMDN","toStationId":"HUBOLD","valueDb":83.6,"passengerValueDb":null,"cabValueDb":83.6,"metric":"LAeq","unit":"dBA","observationCount":1,"dateMin":"2020-11-25","dateMax":"2020-11-25","positions":["cab"],"sourceIds":["northern-r2900"],"rights":"unknown","confidenceTier":"B","geometryFallback":false,"hasPassenger":false,"hasCab":true},"geometry":{"type":"LineString","coordinates":[[-0.087543,51.5256367],[-0.087526,51.5254097],[-0.0875194,51.5253214],[-0.0874454,51.5243338],[-0.087005,51.5222149],[-0.087005,51.5216926],[-0.0871686,51.5206624],[-0.087249,51.5197814],[-0.0873255,51.5195144],[-0.0874891,51.5191486],[-0.0878924,51.518512],[-0.0880037,51.5183883],[-0.0881026,51.5182651],[-0.0886248,51.5171794],[-0.0893651,51.5153735],[-0.0896736,51.5145644],[-0.0897388,51.5142996],[-0.0897283,51.514049],[-0.0896889,51.5137359],[-0.0895486,51.5134089],[-0.0892978,51.5129413],[-0.0887225,51.5120862],[-0.0883523,51.5115862],[-0.0878266,51.5108374],[-0.0875235,51.5104672],[-0.0873707,51.5102209],[-0.0872799,51.5100226],[-0.0872691,51.5098431],[-0.0872587,51.5096737],[-0.0873224,51.5094178],[-0.0873143,51.509295],[-0.0872584,51.509174],[-0.0871212,51.508963],[-0.0870075,51.5086936],[-0.0869522,51.5085143],[-0.0869541,51.5082634],[-0.0869595,51.5079016],[-0.0870788,51.507421],[-0.0872852,51.5070036],[-0.0874994,51.5068419],[-0.0877488,51.5067098],[-0.0882424,51.5065381],[-0.088575,51.5063727],[-0.088819,51.5062105],[-0.0889075,51.5061452],[-0.0890899,51.5060106],[-0.0896049,51.5055223],[-0.0902736,51.5048831],[-0.0906743,51.5044394],[-0.0909711,51.5040714],[-0.0912314,51.5037739],[-0.0916453,51.5033],[-0.0920786,51.5027122],[-0.0922779,51.5023623],[-0.0924653,51.5019827],[-0.092634,51.5017623],[-0.0931576,51.5012993],[-0.0934194,51.5010936],[-0.0937887,51.5008538],[-0.0953273,51.5000091],[-0.0957594,51.499769],[-0.0965572,51.4993135],[-0.0968818,51.4990977],[-0.0972653,51.4988304],[-0.0977094,51.498527],[-0.0993663,51.4970547],[-0.0995386,51.4968424],[-0.0997443,51.4965849],[-0.0999393,51.4963259],[-0.1001617,51.4960333],[-0.1003207,51.4958285],[-0.1003951,51.4956943],[-0.1004635,51.4955281],[-0.1005082,51.4953853],[-0.1005278,51.4952545],[-0.1005335,51.4951655],[-0.1005417,51.4950294],[-0.1005484,51.4949204],[-0.1005548,51.4948152],[-0.100569,51.4945816],[-0.1005808,51.4943861],[-0.1006338,51.4939459],[-0.1006828,51.4936357],[-0.1007062,51.4934933],[-0.1007467,51.4933089],[-0.1008081,51.4931794],[-0.1009556,51.4929569],[-0.1011798,51.4926893],[-0.101857,51.4921897],[-0.102514,51.491709],[-0.1026553,51.4915998],[-0.1030738,51.4912491],[-0.1042305,51.4900923],[-0.1044222,51.4899065],[-0.1051981,51.4890919],[-0.1055509,51.4886792],[-0.106554,51.4876575],[-0.1068914,51.4873316],[-0.1071323,51.4870701],[-0.1072479,51.486945],[-0.1073112,51.486853],[-0.107401,51.4866795],[-0.1074862,51.4865687],[-0.1113793,51.4827405],[-0.1120687,51.4821103],[-0.1123223,51.481841],[-0.1130726,51.4810041],[-0.1144397,51.4798212],[-0.1152116,51.4790909],[-0.1168683,51.4775135],[-0.1172716,51.4771295],[-0.1189141,51.4755753],[-0.1193373,51.4751747],[-0.1211381,51.4734706],[-0.1224818,51.4721981],[-0.1232966,51.4714602],[-0.1242936,51.470587],[-0.1247294,51.4702557],[-0.1252326,51.4698731],[-0.1262563,51.4691713],[-0.1265772,51.4689486],[-0.1274393,51.4682196],[-0.1277072,51.467993],[-0.128109,51.4674827],[-0.1281565,51.4674224],[-0.1291559,51.4659426],[-0.1296428,51.4653766],[-0.1298918,51.4651246],[-0.1300635,51.4649704],[-0.1304291,51.4647078],[-0.1308221,51.464483],[-0.1327855,51.4636124],[-0.133148,51.4634787],[-0.1347759,51.4628782],[-0.1364994,51.4623027],[-0.1370172,51.4621485],[-0.1374485,51.4620215],[-0.1374806,51.462012],[-0.1376298,51.4619559],[-0.1377823,51.4618717],[-0.1378481,51.4618258],[-0.1378998,51.4617897],[-0.1379809,51.4617331],[-0.1382813,51.4615303],[-0.1388697,51.4611995],[-0.1393657,51.4609353],[-0.1414932,51.4595184],[-0.14252,51.4583413],[-0.1431273,51.4576321],[-0.1432636,51.457473],[-0.1435462,51.4571492],[-0.1449758,51.4556076],[-0.1460914,51.4544097],[-0.1465439,51.4539375],[-0.1465808,51.453899],[-0.1471973,51.4532556],[-0.1473042,51.4531216],[-0.1473332,51.4530856],[-0.1473927,51.4530117],[-0.147572,51.4527513],[-0.1477012,51.4525117],[-0.14778,51.4522647],[-0.147823,51.4521274],[-0.1478246,51.451129],[-0.1478667,51.4508106],[-0.1479426,51.4502369],[-0.1480051,51.4490408],[-0.1480163,51.4489571],[-0.1480253,51.4488776],[-0.1480397,51.4488249],[-0.1480523,51.4487692],[-0.1487346,51.4475908],[-0.1492133,51.4468922],[-0.1496033,51.4462982],[-0.1500049,51.4459604],[-0.1503941,51.4457207],[-0.1512747,51.445168],[-0.1519954,51.4443705],[-0.152462,51.4437904],[-0.15275,51.443447],[-0.1528186,51.4433718],[-0.15296,51.443199],[-0.1531195,51.4430038],[-0.1533013,51.4427826],[-0.155187,51.4404878],[-0.1559461,51.43928],[-0.1566684,51.4378739],[-0.1572287,51.4372959],[-0.1583335,51.4363843],[-0.1589128,51.4360081],[-0.1590407,51.4359333],[-0.1592987,51.4357824],[-0.1598208,51.4355269],[-0.1604979,51.4352418],[-0.1612097,51.4348656],[-0.1615151,51.4346777],[-0.1621663,51.4342415],[-0.1627351,51.4337909],[-0.1634107,51.4331139],[-0.1635821,51.4328656],[-0.1637225,51.4325488],[-0.1639167,51.4320762],[-0.1640189,51.4318777],[-0.1647738,51.4310947],[-0.1666569,51.4292455],[-0.167733,51.428231],[-0.167951,51.4279696],[-0.1681201,51.4278007],[-0.1682369,51.4276917],[-0.1686018,51.427371],[-0.1686453,51.4273327],[-0.1688352,51.4272054],[-0.169267,51.4267819],[-0.1695516,51.4264251],[-0.1699563,51.4258837],[-0.1705558,51.4251757],[-0.1706979,51.4250323],[-0.1732946,51.4230177],[-0.1735554,51.4227962],[-0.1738595,51.4225175],[-0.1741451,51.4222527],[-0.1748559,51.421495],[-0.1757839,51.4204536],[-0.1766109,51.419587],[-0.1771036,51.4190825],[-0.1776467,51.4184226],[-0.1779011,51.4181291],[-0.1779297,51.4180961],[-0.1781953,51.4178313],[-0.1783738,51.4176668],[-0.1785574,51.4175172],[-0.1788199,51.4173148],[-0.1796201,51.4169036],[-0.1799872,51.4167279],[-0.1802979,51.4166401],[-0.1805478,51.4165802],[-0.1808571,51.4165111],[-0.1820346,51.4162393],[-0.1821673,51.4162268],[-0.1836603,51.416149],[-0.1860716,51.4159848],[-0.1870526,51.4159117],[-0.188166,51.415798],[-0.1895963,51.4156937],[-0.1905944,51.4156062],[-0.1913535,51.4155232],[-0.1916553,51.4154595],[-0.191898,51.4153956],[-0.1922929,51.4152575],[-0.1924922,51.415185],[-0.192745,51.4150873],[-0.1929729,51.414988],[-0.1932934,51.4148483],[-0.1937658,51.4146188],[-0.1940562,51.4144661],[-0.1946426,51.4140087],[-0.1950819,51.4136297],[-0.1955202,51.4132362],[-0.1957482,51.4128544],[-0.1957857,51.4124841],[-0.1957616,51.4120785],[-0.1956462,51.4115495],[-0.1952681,51.4106006],[-0.1948979,51.40965],[-0.1947713,51.4089035],[-0.1946973,51.4080981],[-0.1947051,51.4042498],[-0.1947053,51.404159],[-0.1947092,51.4041324],[-0.1947086,51.4034911],[-0.1947071,51.4033833],[-0.1947049,51.4033083],[-0.1946989,51.4032429],[-0.1946906,51.4031912],[-0.1946699,51.4030814],[-0.1946558,51.4029666],[-0.1946509,51.4028689],[-0.1946534,51.4027484]]}},{"type":"Feature","id":"northern:angelundergroundstation__oldstreet","properties":{"segmentId":"northern:angelundergroundstation__oldstreet","lineId":"northern","lineName":"Northern","fromStation":"Old Street","toStation":"Angel Underground Station","fromStationId":"HUBOLD","toStationId":"940GZZLUAGL","valueDb":80,"passengerValueDb":null,"cabValueDb":80,"metric":"LAeq","unit":"dBA","observationCount":2,"dateMin":"2020-11-25","dateMax":"2020-11-25","positions":["cab"],"sourceIds":["northern-r2900"],"rights":"unknown","confidenceTier":"B","geometryFallback":false,"hasPassenger":false,"hasCab":true},"geometry":{"type":"LineString","coordinates":[[-0.1061581,51.531924],[-0.1057636,51.5318736],[-0.1055169,51.5318287],[-0.1046489,51.5316035],[-0.1018703,51.5308752],[-0.0977626,51.5296972],[-0.0911791,51.5280373],[-0.0887248,51.5273709],[-0.0882125,51.5270192],[-0.0879558,51.5266971],[-0.087543,51.5256367]]}},{"type":"Feature","id":"northern:angelundergroundstation__kingscrossandstpancrasinternational","properties":{"segmentId":"northern:angelundergroundstation__kingscrossandstpancrasinternational","lineId":"northern","lineName":"Northern","fromStation":"Angel Underground Station","toStation":"King's Cross & St Pancras International","fromStationId":"940GZZLUAGL","toStationId":"HUBKGX","valueDb":77.2,"passengerValueDb":null,"cabValueDb":77.2,"metric":"LAeq","unit":"dBA","observationCount":2,"dateMin":"2020-11-25","dateMax":"2020-11-25","positions":["cab"],"sourceIds":["northern-r2900"],"rights":"unknown","confidenceTier":"B","geometryFallback":false,"hasPassenger":false,"hasCab":true},"geometry":{"type":"LineString","coordinates":[[-0.1234599,51.5307438],[-0.1223668,51.5307851],[-0.1200679,51.5309354],[-0.1190753,51.5310011],[-0.1185949,51.5310371],[-0.1136313,51.5314218],[-0.1092709,51.5318544],[-0.1079066,51.5318921],[-0.1069566,51.5319205],[-0.1065223,51.5319311],[-0.1061581,51.531924]]}},{"type":"Feature","id":"northern:euston__kingscrossandstpancrasinternational","properties":{"segmentId":"northern:euston__kingscrossandstpancrasinternational","lineId":"northern","lineName":"Northern","fromStation":"King's Cross & St Pancras International","toStation":"Euston","fromStationId":"HUBKGX","toStationId":"HUBEUS","valueDb":76.3,"passengerValueDb":null,"cabValueDb":76.3,"metric":"LAeq","unit":"dBA","observationCount":2,"dateMin":"2020-11-25","dateMax":"2020-11-25","positions":["cab"],"sourceIds":["northern-r2900"],"rights":"unknown","confidenceTier":"B","geometryFallback":false,"hasPassenger":false,"hasCab":true},"geometry":{"type":"LineString","coordinates":[[-0.1338819,51.528328],[-0.1335473,51.5284454],[-0.1331854,51.528577],[-0.1324887,51.5287875],[-0.1316731,51.5290462],[-0.1309924,51.5293015],[-0.1307017,51.5294277],[-0.1299914,51.5297452],[-0.1295411,51.5299485],[-0.1291657,51.5300916],[-0.128711,51.5302339],[-0.1281968,51.5303886],[-0.1276028,51.5304927],[-0.1269448,51.5305654],[-0.1251129,51.5306816],[-0.1243858,51.5307096],[-0.1243426,51.5307113],[-0.1234599,51.5307438]]}},{"type":"Feature","id":"northern:camdentownundergroundstation__euston","properties":{"segmentId":"northern:camdentownundergroundstation__euston","lineId":"northern","lineName":"Northern","fromStation":"Euston","toStation":"Camden Town Underground Station","fromStationId":"HUBEUS","toStationId":"940GZZLUCTN","valueDb":88.5,"passengerValueDb":null,"cabValueDb":88.5,"metric":"LAeq","unit":"dBA","observationCount":2,"dateMin":"2020-11-25","dateMax":"2020-11-25","positions":["cab"],"sourceIds":["northern-r2900"],"rights":"unknown","confidenceTier":"B","geometryFallback":false,"hasPassenger":false,"hasCab":true},"geometry":{"type":"LineString","coordinates":[[-0.1428166,51.5392707],[-0.1426229,51.5390591],[-0.1425258,51.5389302],[-0.1424858,51.5388674],[-0.1424454,51.5387917],[-0.1424188,51.538708],[-0.142399,51.5385961],[-0.1423646,51.5384904],[-0.14232,51.538403],[-0.1421479,51.5382082],[-0.1419358,51.5379449],[-0.1394743,51.5356524],[-0.1392015,51.5353732],[-0.1390648,51.5351924],[-0.1390092,51.5350537],[-0.1389741,51.5349385],[-0.1389445,51.5347842],[-0.138938,51.534605],[-0.1389688,51.5343195],[-0.1390981,51.5327454],[-0.139077,51.5324966],[-0.1390477,51.5322787],[-0.1388783,51.5316063],[-0.1388048,51.5313316],[-0.1385423,51.5306635],[-0.1376611,51.5291064],[-0.1374358,51.5288147],[-0.1372382,51.528604],[-0.1369531,51.5283956],[-0.1368255,51.5283101],[-0.1364904,51.5281741],[-0.1359684,51.5280857],[-0.1354246,51.528059],[-0.1350349,51.5280875],[-0.1346595,51.5281412],[-0.1343061,51.5282137],[-0.1338819,51.528328]]}},{"type":"Feature","id":"northern:camdentownundergroundstation__chalkfarmundergroundstation","properties":{"segmentId":"northern:camdentownundergroundstation__chalkfarmundergroundstation","lineId":"northern","lineName":"Northern","fromStation":"Camden Town Underground Station","toStation":"Chalk Farm Underground Station","fromStationId":"940GZZLUCTN","toStationId":"940GZZLUCFM","valueDb":78.9,"passengerValueDb":null,"cabValueDb":78.9,"metric":"LAeq","unit":"dBA","observationCount":2,"dateMin":"2020-11-25","dateMax":"2020-11-25","positions":["cab"],"sourceIds":["northern-r2900"],"rights":"unknown","confidenceTier":"B","geometryFallback":false,"hasPassenger":false,"hasCab":true},"geometry":{"type":"LineString","coordinates":[[-0.1430547,51.5393867],[-0.1435517,51.5399542],[-0.1440025,51.5404808],[-0.1442932,51.5407235],[-0.1460074,51.5418545],[-0.146378,51.542066],[-0.1466974,51.5422042],[-0.1471303,51.5423757],[-0.1474026,51.5424761],[-0.147893,51.5426288],[-0.1490499,51.5428738],[-0.1509005,51.5432696],[-0.151546,51.5434303],[-0.1522702,51.543651],[-0.1532412,51.54401],[-0.1535469,51.544154]]}},{"type":"Feature","id":"northern:belsizeparkundergroundstation__chalkfarmundergroundstation","properties":{"segmentId":"northern:belsizeparkundergroundstation__chalkfarmundergroundstation","lineId":"northern","lineName":"Northern","fromStation":"Chalk Farm Underground Station","toStation":"Belsize Park Underground Station","fromStationId":"940GZZLUCFM","toStationId":"940GZZLUBZP","valueDb":77.4,"passengerValueDb":null,"cabValueDb":77.4,"metric":"LAeq","unit":"dBA","observationCount":2,"dateMin":"2020-11-25","dateMax":"2020-11-25","positions":["cab"],"sourceIds":["northern-r2900"],"rights":"unknown","confidenceTier":"B","geometryFallback":false,"hasPassenger":false,"hasCab":true},"geometry":{"type":"LineString","coordinates":[[-0.1535469,51.544154],[-0.1544174,51.5447078],[-0.1552959,51.5452566],[-0.1558886,51.5456703],[-0.1564023,51.5459964],[-0.1568086,51.5461957],[-0.1573035,51.5464017],[-0.1580624,51.5466393],[-0.1584796,51.5467962],[-0.1593392,51.5471996],[-0.1600662,51.5475526],[-0.1611511,51.5482665],[-0.1622441,51.548922],[-0.1626652,51.5491956],[-0.1634521,51.5495618],[-0.1641624,51.5498779],[-0.1643095,51.549973],[-0.1643908,51.5500263],[-0.1645809,51.550156],[-0.1647045,51.5502453]]}},{"type":"Feature","id":"northern:belsizeparkundergroundstation__hampsteadundergroundstation","properties":{"segmentId":"northern:belsizeparkundergroundstation__hampsteadundergroundstation","lineId":"northern","lineName":"Northern","fromStation":"Belsize Park Underground Station","toStation":"Hampstead Underground Station","fromStationId":"940GZZLUBZP","toStationId":"940GZZLUHTD","valueDb":76.6,"passengerValueDb":null,"cabValueDb":76.6,"metric":"LAeq","unit":"dBA","observationCount":2,"dateMin":"2020-11-25","dateMax":"2020-11-25","positions":["cab"],"sourceIds":["northern-r2900"],"rights":"unknown","confidenceTier":"B","geometryFallback":false,"hasPassenger":false,"hasCab":true},"geometry":{"type":"LineString","coordinates":[[-0.1782918,51.5566155],[-0.1781249,51.5565139],[-0.1779738,51.5564274],[-0.1778018,51.5563349],[-0.1776913,51.5562787],[-0.177414,51.5560136],[-0.176928,51.5558747],[-0.1760184,51.5556005],[-0.1753655,51.5554279],[-0.1743168,51.5551814],[-0.1728711,51.5548194],[-0.17189,51.5544767],[-0.1700244,51.5536471],[-0.169257,51.5532492],[-0.1687866,51.5530053],[-0.1676487,51.5523628],[-0.1666235,51.5517085],[-0.166025,51.5512978],[-0.1651081,51.5507722],[-0.1647824,51.5505228],[-0.164574,51.5503687]]}},{"type":"Feature","id":"northern:goldersgreenundergroundstation__hampsteadundergroundstation","properties":{"segmentId":"northern:goldersgreenundergroundstation__hampsteadundergroundstation","lineId":"northern","lineName":"Northern","fromStation":"Hampstead Underground Station","toStation":"Golders Green Underground Station","fromStationId":"940GZZLUHTD","toStationId":"940GZZLUGGN","valueDb":81.5,"passengerValueDb":null,"cabValueDb":81.5,"metric":"LAeq","unit":"dBA","observationCount":2,"dateMin":"2020-11-25","dateMax":"2020-11-25","positions":["cab"],"sourceIds":["northern-r2900"],"rights":"unknown","confidenceTier":"B","geometryFallback":false,"hasPassenger":false,"hasCab":true},"geometry":{"type":"LineString","coordinates":[[-0.178534,51.5565357],[-0.1786719,51.5566214],[-0.1787842,51.556694],[-0.1788681,51.556751],[-0.1789572,51.556816],[-0.1790601,51.556894],[-0.1792657,51.5571154],[-0.179458,51.5573405],[-0.1795556,51.5575053],[-0.1796899,51.5577484],[-0.1797531,51.5579536],[-0.1797586,51.5581605],[-0.179652,51.5584753],[-0.1795204,51.5587911],[-0.1794524,51.5590985],[-0.1793663,51.5601883],[-0.1793299,51.5615252],[-0.1793797,51.5623704],[-0.1794979,51.5631941],[-0.1796586,51.5639777],[-0.1798914,51.5647331],[-0.1801382,51.5653452],[-0.1814176,51.5680077],[-0.1815573,51.5682231],[-0.1817277,51.5684236],[-0.1819698,51.5686432],[-0.1824109,51.5689474],[-0.1827126,51.5691582],[-0.1831208,51.5693901],[-0.183592,51.5696275],[-0.18434,51.5699662],[-0.1850024,51.5702277],[-0.1858347,51.570506],[-0.1864841,51.570696],[-0.1872776,51.5709213],[-0.1879393,51.5711085],[-0.1882391,51.5711666],[-0.188575,51.5712121],[-0.1888965,51.5712583],[-0.1893504,51.5713359],[-0.1897892,51.5714147],[-0.1904283,51.5715292],[-0.1912996,51.5716906],[-0.1920044,51.5718204],[-0.1928508,51.571968],[-0.1933372,51.5720469],[-0.1937132,51.5721202],[-0.1940244,51.5722012]]}},{"type":"Feature","id":"northern:brentcrossundergroundstation__goldersgreenundergroundstation","properties":{"segmentId":"northern:brentcrossundergroundstation__goldersgreenundergroundstation","lineId":"northern","lineName":"Northern","fromStation":"Golders Green Underground Station","toStation":"Brent Cross Underground Station","fromStationId":"940GZZLUGGN","toStationId":"940GZZLUBTX","valueDb":67.5,"passengerValueDb":null,"cabValueDb":67.5,"metric":"LAeq","unit":"dBA","observationCount":2,"dateMin":"2020-11-25","dateMax":"2020-11-25","positions":["cab"],"sourceIds":["northern-r2900"],"rights":"unknown","confidenceTier":"B","geometryFallback":false,"hasPassenger":false,"hasCab":true},"geometry":{"type":"LineString","coordinates":[[-0.1940244,51.5722012],[-0.1942676,51.5722757],[-0.1945426,51.5723665],[-0.1947323,51.5724319],[-0.1949238,51.5725011],[-0.1951083,51.5725773],[-0.1954007,51.5727229],[-0.1955965,51.5728175],[-0.1957,51.572861],[-0.1959498,51.5729663],[-0.1962482,51.5730857],[-0.1965341,51.5731895],[-0.1967535,51.5732619],[-0.1970314,51.573337],[-0.197272,51.5733932],[-0.1975948,51.573457],[-0.1979093,51.5735136],[-0.1982366,51.5735607],[-0.198564,51.5735895],[-0.1988396,51.5736088],[-0.1990726,51.573614],[-0.1993677,51.5736143],[-0.1995779,51.5736097],[-0.1997454,51.5736039],[-0.1999757,51.5735888],[-0.2002672,51.5735596],[-0.2005409,51.5735274],[-0.2007845,51.5734839],[-0.201169,51.5734151],[-0.2016465,51.573318],[-0.2019383,51.5732642],[-0.2021694,51.5732243],[-0.2024422,51.5731839],[-0.2027458,51.5731431],[-0.2029904,51.5731157],[-0.203392,51.5730912],[-0.20381,51.5730818],[-0.2042213,51.5730952],[-0.2046006,51.5731123],[-0.2051693,51.5731723],[-0.2056263,51.5732513],[-0.2056601,51.5732596],[-0.2059278,51.5733256],[-0.2063092,51.573425],[-0.2066729,51.5735522],[-0.206897,51.5736374],[-0.2072429,51.5737681],[-0.2074938,51.5738789],[-0.2080047,51.5741064],[-0.2084388,51.574304],[-0.2089281,51.5745261],[-0.2094179,51.5747522],[-0.2097319,51.5748894],[-0.2101431,51.5750753],[-0.2104514,51.5752184],[-0.2109593,51.5754455],[-0.2112197,51.5755662],[-0.2115652,51.5757117],[-0.2118801,51.5758541],[-0.2123342,51.5760615],[-0.2127283,51.5762307],[-0.2130273,51.5763649],[-0.2132865,51.5764719],[-0.2135904,51.5765857],[-0.2141238,51.5768127]]}},{"type":"Feature","id":"northern:brentcrossundergroundstation__hendoncentralundergroundstation","properties":{"segmentId":"northern:brentcrossundergroundstation__hendoncentralundergroundstation","lineId":"northern","lineName":"Northern","fromStation":"Brent Cross Underground Station","toStation":"Hendon Central Underground Station","fromStationId":"940GZZLUBTX","toStationId":"940GZZLUHCL","valueDb":65.4,"passengerValueDb":null,"cabValueDb":65.4,"metric":"LAeq","unit":"dBA","observationCount":2,"dateMin":"2020-11-25","dateMax":"2020-11-25","positions":["cab"],"sourceIds":["northern-r2900"],"rights":"unknown","confidenceTier":"B","geometryFallback":false,"hasPassenger":false,"hasCab":true},"geometry":{"type":"LineString","coordinates":[[-0.2264524,51.5834151],[-0.2262175,51.5832483],[-0.2258015,51.5828898],[-0.2256283,51.5827415],[-0.2255169,51.582653],[-0.2251224,51.5823647],[-0.2247533,51.5820914],[-0.2244342,51.581875],[-0.2240475,51.5816118],[-0.223629,51.5813451],[-0.2230882,51.5810203],[-0.222364,51.5805934],[-0.2219832,51.5803808],[-0.2215503,51.5801422],[-0.2209497,51.5798244],[-0.2205072,51.5796125],[-0.2201904,51.5794608],[-0.2195835,51.5791846],[-0.2189731,51.5789017],[-0.2185467,51.5787116],[-0.2178892,51.5784319],[-0.2176967,51.5783506],[-0.2163642,51.5778103],[-0.2159568,51.5776469],[-0.2157465,51.5775656],[-0.2146826,51.5771542],[-0.2141053,51.5769344],[-0.2137667,51.5768003]]}},{"type":"Feature","id":"northern:colindaleundergroundstation__hendoncentralundergroundstation","properties":{"segmentId":"northern:colindaleundergroundstation__hendoncentralundergroundstation","lineId":"northern","lineName":"Northern","fromStation":"Hendon Central Underground Station","toStation":"Colindale Underground Station","fromStationId":"940GZZLUHCL","toStationId":"940GZZLUCND","valueDb":78,"passengerValueDb":null,"cabValueDb":78,"metric":"LAeq","unit":"dBA","observationCount":2,"dateMin":"2020-11-25","dateMax":"2020-11-25","positions":["cab"],"sourceIds":["northern-r2900"],"rights":"unknown","confidenceTier":"B","geometryFallback":false,"hasPassenger":false,"hasCab":true},"geometry":{"type":"LineString","coordinates":[[-0.249918,51.5954725],[-0.2497551,51.5953678],[-0.2494522,51.5951615],[-0.2488768,51.5947745],[-0.2485018,51.594463],[-0.2480763,51.594177],[-0.2476642,51.5939041],[-0.2469682,51.5934632],[-0.2465069,51.5931705],[-0.2459933,51.5928388],[-0.2454317,51.5924738],[-0.2447951,51.5921103],[-0.2440556,51.591754],[-0.2434611,51.5914961],[-0.2430255,51.5913314],[-0.2424072,51.591117],[-0.2417903,51.5909273],[-0.2411144,51.5907102],[-0.2406464,51.5905647],[-0.2397908,51.5902858],[-0.2393214,51.5901239],[-0.2385993,51.5898483],[-0.2347325,51.5882575],[-0.2325097,51.5872452],[-0.2298574,51.5857856],[-0.2276656,51.5842887],[-0.2274518,51.5841427],[-0.2269463,51.5837668],[-0.2264524,51.5834151]]}},{"type":"Feature","id":"northern:burntoakundergroundstation__colindaleundergroundstation","properties":{"segmentId":"northern:burntoakundergroundstation__colindaleundergroundstation","lineId":"northern","lineName":"Northern","fromStation":"Colindale Underground Station","toStation":"Burnt Oak Underground Station","fromStationId":"940GZZLUCND","toStationId":"940GZZLUBTK","valueDb":64.4,"passengerValueDb":null,"cabValueDb":64.4,"metric":"LAeq","unit":"dBA","observationCount":2,"dateMin":"2020-11-25","dateMax":"2020-11-25","positions":["cab"],"sourceIds":["northern-r2900"],"rights":"unknown","confidenceTier":"B","geometryFallback":false,"hasPassenger":false,"hasCab":true},"geometry":{"type":"LineString","coordinates":[[-0.2639522,51.6028449],[-0.2635619,51.6026568],[-0.2631285,51.6024454],[-0.2627801,51.6022778],[-0.2619536,51.6019266],[-0.2605163,51.6013396],[-0.2592999,51.6008553],[-0.2581883,51.6004126],[-0.2579739,51.6003317],[-0.2578078,51.6002717],[-0.2573604,51.60008],[-0.2567369,51.5998282],[-0.2562734,51.5996419],[-0.2557615,51.599434],[-0.2554095,51.599277],[-0.2552501,51.5991882],[-0.2551704,51.5991448],[-0.2545583,51.5988225],[-0.2542819,51.5986636],[-0.2539838,51.5984852],[-0.2535201,51.5981784],[-0.2530397,51.5978212],[-0.2524838,51.5974039],[-0.2519345,51.5969667],[-0.2513707,51.5965213],[-0.2509865,51.5962211],[-0.2506316,51.5959538],[-0.250443,51.5958137],[-0.2502038,51.5956561],[-0.249918,51.5954725]]}},{"type":"Feature","id":"northern:burntoakundergroundstation__edgwareundergroundstation","properties":{"segmentId":"northern:burntoakundergroundstation__edgwareundergroundstation","lineId":"northern","lineName":"Northern","fromStation":"Burnt Oak Underground Station","toStation":"Edgware Underground Station","fromStationId":"940GZZLUBTK","toStationId":"940GZZLUEGW","valueDb":65.8,"passengerValueDb":null,"cabValueDb":65.8,"metric":"LAeq","unit":"dBA","observationCount":2,"dateMin":"2020-11-25","dateMax":"2020-11-25","positions":["cab"],"sourceIds":["northern-r2900"],"rights":"unknown","confidenceTier":"B","geometryFallback":false,"hasPassenger":false,"hasCab":true},"geometry":{"type":"LineString","coordinates":[[-0.2638674,51.6026813],[-0.2642566,51.6028649],[-0.2647797,51.6031329],[-0.2653591,51.6034591],[-0.2659458,51.6038078],[-0.2664685,51.6041557],[-0.267019,51.6045591],[-0.2675526,51.6049969],[-0.267957,51.6053583],[-0.2683711,51.6057662],[-0.2687212,51.6061403],[-0.2691993,51.6067169],[-0.2696918,51.6074081],[-0.2702266,51.6081661],[-0.2705079,51.6085897],[-0.2707819,51.609029],[-0.2710572,51.6095819],[-0.2711784,51.609903],[-0.2713442,51.6105277],[-0.2714512,51.6108747],[-0.2715479,51.6111171],[-0.2715994,51.6112292],[-0.2716919,51.6114039],[-0.27183,51.6116138],[-0.2720115,51.6118479],[-0.2721291,51.6119769],[-0.2723213,51.6121674],[-0.272573,51.6123947],[-0.2727862,51.6125489],[-0.2728865,51.6126134],[-0.273195,51.6127766],[-0.2735686,51.6129562],[-0.2738721,51.6130907],[-0.2750551,51.6136255]]}},{"type":"Feature","id":"northern:moorgate__oldstreet","properties":{"segmentId":"northern:moorgate__oldstreet","lineId":"northern","lineName":"Northern","fromStation":"Old Street","toStation":"Moorgate","fromStationId":"HUBOLD","toStationId":"HUBZMG","valueDb":74.5,"passengerValueDb":null,"cabValueDb":74.5,"metric":"LAeq","unit":"dBA","observationCount":1,"dateMin":"2020-11-25","dateMax":"2020-11-25","positions":["cab"],"sourceIds":["northern-r2900"],"rights":"unknown","confidenceTier":"B","geometryFallback":false,"hasPassenger":false,"hasCab":true},"geometry":{"type":"LineString","coordinates":[[-0.0882715,51.5183194],[-0.088233,51.5185136],[-0.0882115,51.5185899],[-0.0878239,51.5193162],[-0.0876603,51.5197309],[-0.0875071,51.5200759],[-0.0870991,51.5218693],[-0.0871213,51.5222245],[-0.0874804,51.5238527],[-0.0875184,51.5241632],[-0.0875581,51.5244787],[-0.0876272,51.52532],[-0.0876725,51.5256365]]}},{"type":"Feature","id":"northern:bank__moorgate","properties":{"segmentId":"northern:bank__moorgate","lineId":"northern","lineName":"Northern","fromStation":"Moorgate","toStation":"Bank","fromStationId":"HUBZMG","toStationId":"HUBBAN","valueDb":76.4,"passengerValueDb":null,"cabValueDb":76.4,"metric":"LAeq","unit":"dBA","observationCount":1,"dateMin":"2020-11-25","dateMax":"2020-11-25","positions":["cab"],"sourceIds":["northern-r2900"],"rights":"unknown","confidenceTier":"B","geometryFallback":false,"hasPassenger":false,"hasCab":true},"geometry":{"type":"LineString","coordinates":[[-0.0881026,51.5182651],[-0.0886248,51.5171794],[-0.0893651,51.5153735],[-0.0896736,51.5145644],[-0.0897388,51.5142996],[-0.0897283,51.514049],[-0.0896889,51.5137359],[-0.0895486,51.5134089]]}},{"type":"Feature","id":"central:buckhursthillundergroundstation__loughtonundergroundstation","properties":{"segmentId":"central:buckhursthillundergroundstation__loughtonundergroundstation","lineId":"central","lineName":"Central","fromStation":"Buckhurst Hill Underground Station","toStation":"Loughton Underground Station","fromStationId":"940GZZLUBKH","toStationId":"940GZZLULGN","valueDb":75.5,"passengerValueDb":null,"cabValueDb":75.5,"metric":"LAeq","unit":"dBA","observationCount":2,"dateMin":"2025-04-16","dateMax":"2025-04-16","positions":["test-vehicle"],"sourceIds":["central-r3451"],"rights":"unknown","confidenceTier":"A","geometryFallback":false,"hasPassenger":false,"hasCab":true},"geometry":{"type":"LineString","coordinates":[[0.0467946,51.6259566],[0.0469567,51.6265276],[0.04701,51.6267657],[0.0473528,51.6279257],[0.0475166,51.6283929],[0.047716,51.6289072],[0.0480021,51.6296101],[0.0482974,51.6302098],[0.0485945,51.6308458],[0.0489484,51.6314432],[0.0493153,51.6320447],[0.0499379,51.6329645],[0.0508968,51.6342213],[0.0519425,51.6356273],[0.052504,51.636553],[0.0528392,51.6372309],[0.0531574,51.6378444],[0.0532292,51.6380424],[0.0533109,51.6382866],[0.0533603,51.6384525],[0.053446,51.638775],[0.0534956,51.6389558],[0.053641,51.6394171],[0.0537136,51.6396097],[0.0538414,51.6398803],[0.0539352,51.6400839],[0.0540034,51.6402085],[0.0541041,51.6403683],[0.0542094,51.64051],[0.0543272,51.6406359],[0.0545367,51.6408388],[0.0546345,51.6409169],[0.0547777,51.6410239],[0.0549768,51.6411551],[0.0552352,51.6413004]]}},{"type":"Feature","id":"central:debdenundergroundstation__theydonboisundergroundstation","properties":{"segmentId":"central:debdenundergroundstation__theydonboisundergroundstation","lineId":"central","lineName":"Central","fromStation":"Debden Underground Station","toStation":"Theydon Bois Underground Station","fromStationId":"940GZZLUDBN","toStationId":"940GZZLUTHB","valueDb":76,"passengerValueDb":null,"cabValueDb":76,"metric":"LAeq","unit":"dBA","observationCount":2,"dateMin":"2025-04-16","dateMax":"2025-04-16","positions":["test-vehicle"],"sourceIds":["central-r3451"],"rights":"unknown","confidenceTier":"A","geometryFallback":false,"hasPassenger":false,"hasCab":true},"geometry":{"type":"LineString","coordinates":[[0.0835733,51.6452929],[0.0843578,51.645648],[0.0851168,51.6460414],[0.0856397,51.6463562],[0.0861444,51.646694],[0.0866294,51.6470006],[0.088426,51.648129],[0.0898684,51.6491769],[0.0910064,51.6501762],[0.0919938,51.6511547],[0.0935863,51.6529724],[0.0944803,51.6542834],[0.0952929,51.6557031],[0.0963331,51.6575132],[0.0971812,51.658734],[0.0987628,51.6606765],[0.099413,51.6615192],[0.0999359,51.6623528],[0.1004989,51.6634773],[0.1008381,51.6643584],[0.1010633,51.6652209],[0.1012684,51.6664034],[0.1013511,51.6669863],[0.1014766,51.6675348],[0.1017367,51.6683557],[0.101911,51.6687453],[0.1024868,51.669932],[0.1028623,51.6708047],[0.102873,51.6708284],[0.1028833,51.6708533],[0.1029618,51.6710263],[0.1029868,51.671084],[0.10301,51.6711374],[0.1030662,51.6712605],[0.103077,51.6712862],[0.103089,51.6713117],[0.1031076,51.6713536],[0.1031328,51.6714102],[0.1031627,51.6714783],[0.1031945,51.6715489],[0.1032261,51.6716198],[0.1032489,51.6716712],[0.1032708,51.6717195],[0.103289,51.67176]]}},{"type":"Feature","id":"central:ealingbroadway__westactonundergroundstation","properties":{"segmentId":"central:ealingbroadway__westactonundergroundstation","lineId":"central","lineName":"Central","fromStation":"Ealing Broadway","toStation":"West Acton Underground Station","fromStationId":"HUBEAL","toStationId":"940GZZLUWTA","valueDb":75,"passengerValueDb":null,"cabValueDb":75,"metric":"LAeq","unit":"dBA","observationCount":2,"dateMin":"2025-04-16","dateMax":"2025-04-16","positions":["test-vehicle"],"sourceIds":["central-r3451"],"rights":"unknown","confidenceTier":"A","geometryFallback":false,"hasPassenger":false,"hasCab":true},"geometry":{"type":"LineString","coordinates":[[-0.3010518,51.5150298],[-0.2985599,51.5150377],[-0.2967041,51.5150789],[-0.2965288,51.5150851],[-0.2958487,51.5151015],[-0.295073,51.515117],[-0.2942482,51.5151255],[-0.2921469,51.5151176],[-0.2917521,51.5151066],[-0.2898494,51.5150727],[-0.2877241,51.5150696],[-0.2871032,51.5150939],[-0.2864232,51.5151608],[-0.2858799,51.5152538],[-0.2853452,51.5153816],[-0.2847992,51.5155562],[-0.2842646,51.5157763],[-0.2836552,51.5160968],[-0.2831005,51.5164636],[-0.2825258,51.5168689],[-0.2813564,51.5176976],[-0.2800132,51.5186534]]}},{"type":"Feature","id":"central:debdenundergroundstation__loughtonundergroundstation","properties":{"segmentId":"central:debdenundergroundstation__loughtonundergroundstation","lineId":"central","lineName":"Central","fromStation":"Loughton Underground Station","toStation":"Debden Underground Station","fromStationId":"940GZZLULGN","toStationId":"940GZZLUDBN","valueDb":73,"passengerValueDb":null,"cabValueDb":73,"metric":"LAeq","unit":"dBA","observationCount":2,"dateMin":"2025-04-16","dateMax":"2025-04-16","positions":["test-vehicle"],"sourceIds":["central-r3451"],"rights":"unknown","confidenceTier":"A","geometryFallback":false,"hasPassenger":false,"hasCab":true},"geometry":{"type":"LineString","coordinates":[[0.0552352,51.6413004],[0.0554135,51.6413934],[0.0557477,51.6415539],[0.0559068,51.6416226],[0.05613,51.6417099],[0.0563806,51.6417896],[0.0565901,51.6418501],[0.0567678,51.6418923],[0.0570113,51.6419417],[0.0573412,51.6420006],[0.0574194,51.6420154],[0.0577272,51.6420762],[0.0578683,51.6420982],[0.0580205,51.6421194],[0.058192,51.6421394],[0.0583771,51.6421588],[0.0586023,51.6421778],[0.0587834,51.6421901],[0.0590434,51.6422023],[0.0592557,51.6422066],[0.0594984,51.642209],[0.06035,51.6421794],[0.0627458,51.6420828],[0.063895,51.6420443],[0.065176,51.6420111],[0.0663144,51.6420328],[0.0675248,51.6420689],[0.0692566,51.6421559],[0.0694967,51.6421738],[0.070794,51.6422811],[0.0726396,51.642504],[0.0741765,51.6427335],[0.0765125,51.6431716],[0.0779108,51.6434907],[0.079095,51.6437828],[0.080268,51.6441109],[0.0813931,51.6444606],[0.0822554,51.6447594],[0.0825886,51.6448886],[0.0835733,51.6452929]]}},{"type":"Feature","id":"central:leytonstoneundergroundstation__snaresbrookundergroundstation","properties":{"segmentId":"central:leytonstoneundergroundstation__snaresbrookundergroundstation","lineId":"central","lineName":"Central","fromStation":"Leytonstone Underground Station","toStation":"Snaresbrook Underground Station","fromStationId":"940GZZLULYS","toStationId":"940GZZLUSNB","valueDb":75.5,"passengerValueDb":null,"cabValueDb":75.5,"metric":"LAeq","unit":"dBA","observationCount":2,"dateMin":"2025-04-16","dateMax":"2025-04-16","positions":["test-vehicle"],"sourceIds":["central-r3451"],"rights":"unknown","confidenceTier":"A","geometryFallback":false,"hasPassenger":false,"hasCab":true},"geometry":{"type":"LineString","coordinates":[[0.0086004,51.5688114],[0.0089103,51.569121],[0.0093919,51.5695716],[0.010224,51.5702578],[0.0111325,51.5709396],[0.0117126,51.5712688],[0.0122911,51.5716026],[0.0125111,51.5717149],[0.0135068,51.5722231],[0.0138932,51.5724475],[0.0153361,51.57318],[0.0157166,51.5734084],[0.0161484,51.5737242],[0.0168249,51.5744419],[0.0206044,51.5795184],[0.0215088,51.5807279]]}},{"type":"Feature","id":"central:snaresbrookundergroundstation__southwoodfordundergroundstation","properties":{"segmentId":"central:snaresbrookundergroundstation__southwoodfordundergroundstation","lineId":"central","lineName":"Central","fromStation":"Snaresbrook Underground Station","toStation":"South Woodford Underground Station","fromStationId":"940GZZLUSNB","toStationId":"940GZZLUSWF","valueDb":76,"passengerValueDb":null,"cabValueDb":76,"metric":"LAeq","unit":"dBA","observationCount":2,"dateMin":"2025-04-16","dateMax":"2025-04-16","positions":["test-vehicle"],"sourceIds":["central-r3451"],"rights":"unknown","confidenceTier":"A","geometryFallback":false,"hasPassenger":false,"hasCab":true},"geometry":{"type":"LineString","coordinates":[[0.0215088,51.5807279],[0.0216826,51.5809708],[0.0218392,51.581193],[0.0222591,51.581815],[0.0228586,51.5828555],[0.0240081,51.5845941],[0.0240461,51.5846516],[0.0241525,51.5848203],[0.0250065,51.5861896],[0.0255063,51.5870048],[0.026066,51.5880345],[0.0266158,51.5891512],[0.0270007,51.5901555],[0.0271282,51.5905956],[0.0274406,51.5919252]]}},{"type":"Feature","id":"central:southwoodfordundergroundstation__woodfordundergroundstation","properties":{"segmentId":"central:southwoodfordundergroundstation__woodfordundergroundstation","lineId":"central","lineName":"Central","fromStation":"South Woodford Underground Station","toStation":"Woodford Underground Station","fromStationId":"940GZZLUSWF","toStationId":"940GZZLUWOF","valueDb":75,"passengerValueDb":null,"cabValueDb":75,"metric":"LAeq","unit":"dBA","observationCount":1,"dateMin":"2025-04-16","dateMax":"2025-04-16","positions":["test-vehicle"],"sourceIds":["central-r3451"],"rights":"unknown","confidenceTier":"A","geometryFallback":false,"hasPassenger":false,"hasCab":true},"geometry":{"type":"LineString","coordinates":[[0.0274406,51.5919252],[0.0279591,51.5946503],[0.0283283,51.5958325],[0.0285131,51.5963578],[0.0288049,51.5972147],[0.0296675,51.5990371],[0.0314528,51.6021608],[0.0317073,51.6026462],[0.0317873,51.6027879],[0.0321479,51.603445],[0.0324021,51.6039108],[0.0326331,51.604333],[0.0330455,51.6050772],[0.0332265,51.6054076],[0.0333703,51.6056705],[0.0339019,51.6066431]]}},{"type":"Feature","id":"central:eppingundergroundstation__theydonboisundergroundstation","properties":{"segmentId":"central:eppingundergroundstation__theydonboisundergroundstation","lineId":"central","lineName":"Central","fromStation":"Theydon Bois Underground Station","toStation":"Epping Underground Station","fromStationId":"940GZZLUTHB","toStationId":"940GZZLUEPG","valueDb":77,"passengerValueDb":null,"cabValueDb":77,"metric":"LAeq","unit":"dBA","observationCount":2,"dateMin":"2025-04-16","dateMax":"2025-04-16","positions":["test-vehicle"],"sourceIds":["central-r3451"],"rights":"unknown","confidenceTier":"A","geometryFallback":false,"hasPassenger":false,"hasCab":true},"geometry":{"type":"LineString","coordinates":[[0.103289,51.67176],[0.1033084,51.6718049],[0.1033117,51.6718129],[0.1033152,51.6718201],[0.1033209,51.6718347],[0.1033338,51.6718619],[0.103346,51.6718893],[0.1033581,51.6719165],[0.1033714,51.6719465],[0.1033846,51.6719762],[0.1034105,51.6720343],[0.1036017,51.6724641],[0.1036625,51.6726076],[0.1037198,51.672731],[0.1038136,51.6729169],[0.1054036,51.6765629],[0.1067782,51.679704],[0.1076489,51.6816311],[0.1093155,51.6853653],[0.1103523,51.6877061],[0.1104133,51.6878354],[0.1111275,51.6894704],[0.1113899,51.6901423],[0.1116214,51.6905976],[0.1119352,51.691136],[0.112094,51.6914146],[0.1121447,51.6914917],[0.1122732,51.6916869],[0.1127632,51.6922826],[0.112972,51.6925396],[0.1131803,51.6927845],[0.1137324,51.6934085],[0.113781,51.6934607],[0.1139223,51.6936038]]}},{"type":"Feature","id":"central:northactonundergroundstation__westactonundergroundstation","properties":{"segmentId":"central:northactonundergroundstation__westactonundergroundstation","lineId":"central","lineName":"Central","fromStation":"West Acton Underground Station","toStation":"North Acton Underground Station","fromStationId":"940GZZLUWTA","toStationId":"940GZZLUNAN","valueDb":74.5,"passengerValueDb":null,"cabValueDb":74.5,"metric":"LAeq","unit":"dBA","observationCount":2,"dateMin":"2025-04-16","dateMax":"2025-04-16","positions":["test-vehicle"],"sourceIds":["central-r3451"],"rights":"unknown","confidenceTier":"A","geometryFallback":false,"hasPassenger":false,"hasCab":true},"geometry":{"type":"LineString","coordinates":[[-0.2800132,51.5186534],[-0.2795184,51.5190072],[-0.2752887,51.5220495],[-0.2727007,51.5239009],[-0.2721892,51.5242276],[-0.2716419,51.5245151],[-0.2711445,51.5247183],[-0.2706177,51.5248925],[-0.2699684,51.5250545],[-0.2696124,51.5251201],[-0.2692844,51.5251686],[-0.2689877,51.5251979],[-0.2687112,51.5252158],[-0.2684998,51.5252262],[-0.2683355,51.5252308],[-0.2681435,51.5252317],[-0.267866,51.5252284],[-0.2675936,51.525216],[-0.2674366,51.525206],[-0.267295,51.5251921],[-0.2670732,51.5251666],[-0.2668275,51.5251368],[-0.2663816,51.5250632],[-0.2662195,51.5250296],[-0.2659852,51.5249785],[-0.2653562,51.5248414],[-0.2617373,51.5241095],[-0.260816,51.5239164],[-0.2599555,51.5237233]]}},{"type":"Feature","id":"central:buckhursthillundergroundstation__woodfordundergroundstation","properties":{"segmentId":"central:buckhursthillundergroundstation__woodfordundergroundstation","lineId":"central","lineName":"Central","fromStation":"Woodford Underground Station","toStation":"Buckhurst Hill Underground Station","fromStationId":"940GZZLUWOF","toStationId":"940GZZLUBKH","valueDb":77,"passengerValueDb":null,"cabValueDb":77,"metric":"LAeq","unit":"dBA","observationCount":2,"dateMin":"2025-04-16","dateMax":"2025-04-16","positions":["test-vehicle"],"sourceIds":["central-r3451"],"rights":"unknown","confidenceTier":"A","geometryFallback":false,"hasPassenger":false,"hasCab":true},"geometry":{"type":"LineString","coordinates":[[0.046839,51.6259521],[0.0467215,51.6255606],[0.0466595,51.6253196],[0.0466166,51.6251955],[0.0461141,51.6238345],[0.0455213,51.6224473],[0.0449955,51.6215444],[0.0446062,51.6208656],[0.0443518,51.6204254],[0.0439662,51.6198598],[0.0430594,51.6186153],[0.041981,51.6172321],[0.041478,51.6165642],[0.0413036,51.6163356],[0.0410582,51.616037],[0.040864,51.6157905],[0.0397956,51.6144397],[0.036889,51.6107769],[0.0358449,51.6094951],[0.0355383,51.6090863],[0.0352565,51.6087124],[0.0350343,51.6083808],[0.0348646,51.6081208],[0.0346439,51.6077857],[0.0345566,51.6076409],[0.0344366,51.6074508],[0.0339455,51.6066349]]}},{"type":"Feature","id":"central:chigwellundergroundstation__rodingvalleyundergroundstation","properties":{"segmentId":"central:chigwellundergroundstation__rodingvalleyundergroundstation","lineId":"central","lineName":"Central","fromStation":"Chigwell Underground Station","toStation":"Roding Valley Underground Station","fromStationId":"940GZZLUCWL","toStationId":"940GZZLURVY","valueDb":77,"passengerValueDb":null,"cabValueDb":77,"metric":"LAeq","unit":"dBA","observationCount":2,"dateMin":"2025-04-16","dateMax":"2025-04-16","positions":["test-vehicle"],"sourceIds":["central-r3451"],"rights":"unknown","confidenceTier":"A","geometryFallback":false,"hasPassenger":false,"hasCab":true},"geometry":{"type":"LineString","coordinates":[[0.0437686,51.6170977],[0.0438902,51.6171184],[0.044119,51.6171562],[0.0443489,51.6171949],[0.0460875,51.6174898],[0.0463035,51.6175273],[0.048227,51.6178365],[0.053195,51.6186414],[0.0536974,51.6187245],[0.0543736,51.6188292],[0.0563836,51.6191411],[0.0585986,51.619378],[0.0599733,51.6194503],[0.0612265,51.6194692],[0.0615072,51.6194722],[0.0626138,51.6194604],[0.0634214,51.6194219],[0.0644789,51.619343],[0.0654187,51.6192565],[0.0667194,51.6190722],[0.0682014,51.6188621],[0.0726904,51.6181816],[0.0745671,51.6178774],[0.0755211,51.6176969]]}},{"type":"Feature","id":"central:chigwellundergroundstation__grangehillundergroundstation","properties":{"segmentId":"central:chigwellundergroundstation__grangehillundergroundstation","lineId":"central","lineName":"Central","fromStation":"Grange Hill Underground Station","toStation":"Chigwell Underground Station","fromStationId":"940GZZLUGGH","toStationId":"940GZZLUCWL","valueDb":78,"passengerValueDb":null,"cabValueDb":78,"metric":"LAeq","unit":"dBA","observationCount":2,"dateMin":"2025-04-16","dateMax":"2025-04-16","positions":["test-vehicle"],"sourceIds":["central-r3451"],"rights":"unknown","confidenceTier":"A","geometryFallback":false,"hasPassenger":false,"hasCab":true},"geometry":{"type":"LineString","coordinates":[[0.0925138,51.61314],[0.092361,51.6132359],[0.0922067,51.6133258],[0.0919762,51.6134457],[0.0917628,51.613545],[0.0915854,51.6136245],[0.0913969,51.6136979],[0.0911651,51.6137827],[0.0907922,51.6139018],[0.090387,51.6140139],[0.0891754,51.6143651],[0.0860605,51.6152684],[0.084016,51.6158639],[0.0822106,51.6163167],[0.07551,51.6176729]]}},{"type":"Feature","id":"central:grangehillundergroundstation__hainaultundergroundstation","properties":{"segmentId":"central:grangehillundergroundstation__hainaultundergroundstation","lineId":"central","lineName":"Central","fromStation":"Hainault Underground Station","toStation":"Grange Hill Underground Station","fromStationId":"940GZZLUHLT","toStationId":"940GZZLUGGH","valueDb":75,"passengerValueDb":null,"cabValueDb":75,"metric":"LAeq","unit":"dBA","observationCount":2,"dateMin":"2025-04-16","dateMax":"2025-04-16","positions":["test-vehicle"],"sourceIds":["central-r3451"],"rights":"unknown","confidenceTier":"A","geometryFallback":false,"hasPassenger":false,"hasCab":true},"geometry":{"type":"LineString","coordinates":[[0.0934109,51.6033077],[0.0935509,51.6037759],[0.0935583,51.6038005],[0.0936088,51.603962],[0.0936565,51.6041204],[0.093676,51.6041855],[0.0937298,51.6043669],[0.0937905,51.6045714],[0.0938543,51.6047819],[0.0939665,51.6051353],[0.0941276,51.6056641],[0.0943115,51.6062729],[0.0944595,51.6067645],[0.0945976,51.6072049],[0.0946851,51.6074989],[0.094834,51.6080065],[0.0949422,51.608335],[0.0950768,51.6088312],[0.0950997,51.6089624],[0.0951221,51.6091955],[0.09512,51.6094286],[0.0951087,51.6096253],[0.0950824,51.6097847],[0.0950325,51.6099753],[0.0949619,51.610194],[0.094876,51.6103868],[0.0947824,51.6105553],[0.0946394,51.6107782],[0.0944222,51.6110759],[0.0941802,51.611394],[0.0938475,51.6118305],[0.0937491,51.6119568],[0.0935082,51.6122584],[0.0934263,51.6123582],[0.0933254,51.6124677],[0.0931688,51.6126288],[0.0930003,51.6127825],[0.0928237,51.6129213],[0.0926644,51.613037],[0.0925138,51.61314]]}},{"type":"Feature","id":"central:rodingvalleyundergroundstation__woodfordundergroundstation","properties":{"segmentId":"central:rodingvalleyundergroundstation__woodfordundergroundstation","lineId":"central","lineName":"Central","fromStation":"Roding Valley Underground Station","toStation":"Woodford Underground Station","fromStationId":"940GZZLURVY","toStationId":"940GZZLUWOF","valueDb":76.5,"passengerValueDb":null,"cabValueDb":76.5,"metric":"LAeq","unit":"dBA","observationCount":2,"dateMin":"2025-04-16","dateMax":"2025-04-16","positions":["test-vehicle"],"sourceIds":["central-r3451"],"rights":"unknown","confidenceTier":"A","geometryFallback":false,"hasPassenger":false,"hasCab":true},"geometry":{"type":"LineString","coordinates":[[0.0437768,51.6170674],[0.0434305,51.6169983],[0.0432853,51.6169645],[0.0431822,51.616939],[0.0430008,51.6168917],[0.0428055,51.6168325],[0.042619,51.6167731],[0.0424905,51.6167263],[0.0423343,51.6166662],[0.042192,51.6166082],[0.0420815,51.616559],[0.0419735,51.6165101],[0.0418047,51.6164284],[0.0416268,51.6163328],[0.0414319,51.6162198],[0.041336,51.6161606],[0.0412164,51.616084],[0.0411104,51.6160077],[0.0410316,51.6159467],[0.0409588,51.6158835],[0.040864,51.6157905],[0.0397956,51.6144397],[0.036889,51.6107769],[0.0358449,51.6094951],[0.0355383,51.6090863],[0.0352565,51.6087124],[0.0350343,51.6083808],[0.0348646,51.6081208],[0.0346439,51.6077857],[0.0345566,51.6076409],[0.0344366,51.6074508],[0.0339455,51.6066349]]}}],"meta":{"source":"ssh-ldn-public-noise-build","featureCount":98,"retrievedAt":"2026-07-16T11:15:18.927Z","colourScheme":"AQ-style green → yellow → orange → red → purple (noisy); grey = no data","defaultMetric":"LAeq dBA","preferPosition":"standing","coveredLines":["central","bakerloo","northern"]}}